#include "dolphin/types.h"

#pragma section ".data"

extern u8 lbl_8036E150[];
extern u8 lbl_80370840[];
extern u8 lbl_80370BD0[];
extern u8 lbl_80371F60[];
extern u8 lbl_803721C0[];
extern u8 lbl_803725A0[];
extern u8 lbl_803725B0[];
extern u8 lbl_803725BC[];
extern void* jumptable_803725C8[];
extern void* jumptable_803725E4[];
extern void* jumptable_8037260C[];
extern void* jumptable_80372628[];
extern void* jumptable_80372660[];
extern void* jumptable_80372680[];
extern void* jumptable_803726A0[];
extern void* jumptable_803726C0[];
extern void* jumptable_803726E0[];
extern void* jumptable_80372700[];
extern void* jumptable_80372720[];
extern void* jumptable_80372740[];
extern void* jumptable_80372760[];
extern void* jumptable_8037277C[];
extern u8 lbl_803727B0[];
extern u8 lbl_803727BC[];
extern u8 lbl_803727C8[];
extern u8 lbl_80373210[];
extern u8 lbl_80373750[];
extern u8 lbl_80374E40[];
extern u8 lbl_80374F20[];
extern u8 lbl_803750C8[];
extern void* jumptable_80375100[];
extern void* jumptable_80375120[];
extern void* jumptable_80375160[];
extern void* jumptable_803751B8[];

extern u8 _wazaSequenceModelEntryStart[];
extern u8 _wazaSequenceParticleEntryStart[];
extern u8 _wazaSequenceEffectEntryStart[];
extern u8 wazaSequenceSysGetWazaTime[];
extern u8 wazaSequenceLoadData[];
extern u8 _wazaSequenceEffectEntryLoad[];
extern u8 fn_801DF474[];
extern u8 fn_801DF790[];
extern u8 fn_801DFC30[];
extern u8 fn_801E03D4[];
extern u8 wazaSequenceEntryStart[];
extern u8 wazaSequenceEntryUpdate[];

/* Auto-carved .data unit 0x8036E150..0x803751EC (34 objects). Non-relocated data as byte-exact u8[]; pointer/jump tables as void*[] for R_PPC_ADDR32 relocations. */

u8 lbl_8036E150[9968] = {
    0x00, 0x00, 0x00, 0x00, 0x00, 0x00, 0x00, 0x00, 0x00, 0x00, 0x00, 0x00,
    0x00, 0x00, 0x00, 0x00, 0x00, 0x00, 0x00, 0x00, 0x00, 0x00, 0x00, 0x00,
    0x00, 0x00, 0x00, 0x00, 0x00, 0x00, 0x07, 0xD1, 0x00, 0x00, 0x03, 0x8C,
    0x07, 0x16, 0x20, 0x00, 0x00, 0x00, 0x00, 0x9C, 0x03, 0x05, 0x20, 0x00,
    0x00, 0x00, 0x00, 0x00, 0x00, 0x00, 0x00, 0x00, 0x00, 0x00, 0x07, 0xD2,
    0x00, 0x00, 0x03, 0x8D, 0x07, 0x17, 0x20, 0x00, 0x00, 0x00, 0x00, 0xA5,
    0x03, 0x39, 0x20, 0x00, 0x00, 0x00, 0x00, 0x00, 0x00, 0x00, 0x00, 0x00,
    0x00, 0x00, 0x07, 0xD3, 0x00, 0x00, 0x03, 0x8E, 0x07, 0x18, 0x20, 0x00,
    0x00, 0x00, 0x00, 0xD2, 0x03, 0x90, 0x20, 0x00, 0x00, 0x00, 0x00, 0x00,
    0x00, 0x00, 0x00, 0x00, 0x00, 0x00, 0x07, 0xD4, 0x00, 0x00, 0x03, 0x8F,
    0x07, 0x19, 0x20, 0x00, 0x00, 0x00, 0x00, 0xD3, 0x03, 0x91, 0x20, 0x00,
    0x00, 0x00, 0x00, 0x00, 0x00, 0x00, 0x00, 0x00, 0x00, 0x00, 0x07, 0xD5,
    0x00, 0x00, 0x03, 0x90, 0x07, 0x1A, 0x20, 0x00, 0x00, 0x00, 0x00, 0xD4,
    0x03, 0x92, 0x20, 0x00, 0x00, 0x00, 0x00, 0x00, 0x00, 0x00, 0x00, 0x00,
    0x00, 0x00, 0x07, 0xD6, 0x00, 0x00, 0x00, 0xA9, 0x03, 0x3D, 0x20, 0x00,
    0x00, 0x00, 0x00, 0xD5, 0x05, 0x23, 0x20, 0x00, 0x00, 0x00, 0x00, 0x00,
    0x00, 0x00, 0x00, 0x00, 0x00, 0x00, 0x07, 0xD7, 0x00, 0x00, 0x00, 0xD6,
    0x03, 0x8F, 0x20, 0x00, 0x00, 0x00, 0x00, 0xD7, 0x03, 0x93, 0x20, 0x00,
    0x00, 0x00, 0x00, 0x00, 0x00, 0x00, 0x00, 0x00, 0x00, 0x00, 0x07, 0xD8,
    0x00, 0x00, 0x00, 0xD8, 0x03, 0x94, 0x20, 0x00, 0x00, 0x00, 0x00, 0xD9,
    0x03, 0x95, 0x20, 0x00, 0x00, 0x00, 0x00, 0x00, 0x00, 0x00, 0x00, 0x00,
    0x00, 0x00, 0x07, 0xD9, 0x00, 0x00, 0x03, 0x91, 0x07, 0x1B, 0x20, 0x00,
    0x00, 0x00, 0x00, 0xEC, 0x03, 0x96, 0x20, 0x00, 0x00, 0x00, 0x00, 0x00,
    0x00, 0x00, 0x00, 0x00, 0x00, 0x00, 0x07, 0xDA, 0x00, 0x00, 0x03, 0x92,
    0x07, 0x1C, 0x20, 0x00, 0x00, 0x00, 0x00, 0xED, 0x03, 0x97, 0x20, 0x00,
    0x00, 0x00, 0x00, 0x00, 0x00, 0x00, 0x00, 0x00, 0x00, 0x00, 0x07, 0xDB,
    0x00, 0x00, 0x03, 0x93, 0x07, 0x1D, 0x20, 0x00, 0x00, 0x00, 0x00, 0xEE,
    0x03, 0x98, 0x20, 0x00, 0x00, 0x00, 0x00, 0x00, 0x00, 0x00, 0x00, 0x00,
    0x00, 0x00, 0x07, 0xDC, 0x00, 0x00, 0x03, 0x94, 0x07, 0x1E, 0x20, 0x00,
    0x00, 0x00, 0x00, 0xD1, 0x04, 0xE2, 0x20, 0x00, 0x00, 0x00, 0x00, 0x00,
    0x00, 0x00, 0x00, 0x00, 0x00, 0x00, 0x07, 0xDD, 0x00, 0x00, 0x00, 0xAA,
    0x03, 0x3E, 0x20, 0x00, 0x00, 0x00, 0x02, 0x73, 0x05, 0x24, 0x20, 0x00,
    0x00, 0x00, 0x03, 0x95, 0x07, 0x1F, 0x20, 0x00, 0x00, 0x00, 0x07, 0xDE,
    0x00, 0x00, 0x00, 0x00, 0x00, 0x00, 0x00, 0x00, 0x00, 0x00, 0x00, 0x00,
    0x00, 0x00, 0x00, 0x00, 0x00, 0x00, 0x00, 0xA7, 0x03, 0x3B, 0x20, 0x00,
    0x00, 0x00, 0x07, 0xDF, 0x00, 0x00, 0x03, 0x96, 0x07, 0x20, 0x20, 0x00,
    0x00, 0x00, 0x00, 0xCF, 0x03, 0x61, 0x20, 0x00, 0x00, 0x00, 0x00, 0x00,
    0x00, 0x00, 0x00, 0x00, 0x00, 0x00, 0x07, 0xE0, 0x00, 0x00, 0x05, 0x2B,
    0x0C, 0x0A, 0x20, 0x00, 0x00, 0x00, 0x05, 0x2C, 0x0C, 0x0B, 0x20, 0x00,
    0x00, 0x00, 0x00, 0x00, 0x00, 0x00, 0x00, 0x00, 0x00, 0x00, 0x07, 0xE1,
    0x00, 0x00, 0x03, 0x73, 0x06, 0xE8, 0x20, 0x00, 0x00, 0x00, 0x03, 0x74,
    0x06, 0xE9, 0x20, 0x00, 0x00, 0x00, 0x00, 0x00, 0x00, 0x00, 0x00, 0x00,
    0x00, 0x00, 0x07, 0xE2, 0x00, 0x00, 0x03, 0x97, 0x07, 0x21, 0x20, 0x00,
    0x00, 0x00, 0x00, 0xEF, 0x03, 0x99, 0x20, 0x00, 0x00, 0x00, 0x00, 0x00,
    0x00, 0x00, 0x00, 0x00, 0x00, 0x00, 0x07, 0xE3, 0x00, 0x00, 0x03, 0x75,
    0x06, 0xEA, 0x20, 0x00, 0x00, 0x00, 0x03, 0x76, 0x06, 0xEB, 0x20, 0x00,
    0x00, 0x00, 0x03, 0x77, 0x06, 0xEC, 0x20, 0x00, 0x00, 0x00, 0x07, 0xE4,
    0x00, 0x00, 0x03, 0x98, 0x07, 0x22, 0x20, 0x00, 0x00, 0x00, 0x00, 0xB9,
    0x03, 0x4E, 0x20, 0x00, 0x00, 0x00, 0x00, 0x00, 0x00, 0x00, 0x00, 0x00,
    0x00, 0x00, 0x07, 0xE5, 0x00, 0x00, 0x03, 0x99, 0x07, 0x23, 0x20, 0x00,
    0x00, 0x00, 0x00, 0xF0, 0x03, 0x9A, 0x20, 0x00, 0x00, 0x00, 0x00, 0x00,
    0x00, 0x00, 0x00, 0x00, 0x00, 0x00, 0x07, 0xE6, 0x00, 0x00, 0x03, 0x9A,
    0x07, 0x24, 0x20, 0x00, 0x00, 0x00, 0x00, 0xF1, 0x03, 0x9B, 0x20, 0x00,
    0x00, 0x00, 0x00, 0x00, 0x00, 0x00, 0x00, 0x00, 0x00, 0x00, 0x07, 0xE7,
    0x00, 0x00, 0x03, 0x9B, 0x07, 0x25, 0x20, 0x00, 0x00, 0x00, 0x00, 0xF2,
    0x03, 0x9C, 0x20, 0x00, 0x00, 0x00, 0x00, 0x00, 0x00, 0x00, 0x00, 0x00,
    0x00, 0x00, 0x07, 0xE8, 0x00, 0x00, 0x03, 0x9C, 0x07, 0x26, 0x20, 0x00,
    0x00, 0x00, 0x00, 0xF3, 0x03, 0x9D, 0x20, 0x00, 0x00, 0x00, 0x00, 0x00,
    0x00, 0x00, 0x00, 0x00, 0x00, 0x00, 0x07, 0xE9, 0x00, 0x00, 0x03, 0x9D,
    0x07, 0x27, 0x20, 0x00, 0x00, 0x00, 0x00, 0xF4, 0x03, 0x9E, 0x20, 0x00,
    0x00, 0x00, 0x00, 0x00, 0x00, 0x00, 0x00, 0x00, 0x00, 0x00, 0x07, 0xEA,
    0x00, 0x00, 0x03, 0x9E, 0x07, 0x28, 0x20, 0x00, 0x00, 0x00, 0x00, 0xF5,
    0x03, 0x9F, 0x20, 0x00, 0x00, 0x00, 0x00, 0x00, 0x00, 0x00, 0x00, 0x00,
    0x00, 0x00, 0x07, 0xEB, 0x00, 0x00, 0x03, 0x9F, 0x07, 0x29, 0x20, 0x00,
    0x00, 0x00, 0x00, 0xF6, 0x03, 0xA0, 0x20, 0x00, 0x00, 0x00, 0x00, 0x00,
    0x00, 0x00, 0x00, 0x00, 0x00, 0x00, 0x07, 0xEC, 0x00, 0x00, 0x05, 0x2D,
    0x0C, 0x0C, 0x20, 0x00, 0x00, 0x00, 0x05, 0x2E, 0x0C, 0x0D, 0x20, 0x00,
    0x00, 0x00, 0x00, 0x00, 0x00, 0x00, 0x00, 0x00, 0x00, 0x00, 0x07, 0xED,
    0x00, 0x00, 0x03, 0xA0, 0x07, 0x2A, 0x20, 0x00, 0x00, 0x00, 0x00, 0xF7,
    0x03, 0xA1, 0x20, 0x00, 0x00, 0x00, 0x00, 0x00, 0x00, 0x00, 0x00, 0x00,
    0x00, 0x00, 0x07, 0xEE, 0x00, 0x00, 0x03, 0xA1, 0x07, 0x2B, 0x20, 0x00,
    0x00, 0x00, 0x00, 0xF8, 0x03, 0xA2, 0x20, 0x00, 0x00, 0x00, 0x00, 0x00,
    0x00, 0x00, 0x00, 0x00, 0x00, 0x00, 0x07, 0xEF, 0x00, 0x00, 0x03, 0xA2,
    0x07, 0x2C, 0x20, 0x00, 0x00, 0x00, 0x00, 0xF9, 0x03, 0xA3, 0x20, 0x00,
    0x00, 0x00, 0x00, 0x00, 0x00, 0x00, 0x00, 0x00, 0x00, 0x00, 0x07, 0xF0,
    0x00, 0x00, 0x03, 0xA3, 0x07, 0x2D, 0x20, 0x00, 0x00, 0x00, 0x00, 0xFA,
    0x04, 0xE7, 0x20, 0x00, 0x00, 0x00, 0x00, 0x00, 0x00, 0x00, 0x00, 0x00,
    0x00, 0x00, 0x07, 0xF1, 0x00, 0x00, 0x03, 0xA4, 0x07, 0x2E, 0x20, 0x00,
    0x00, 0x00, 0x02, 0x30, 0x03, 0xA4, 0x20, 0x00, 0x00, 0x00, 0x00, 0x00,
    0x00, 0x00, 0x00, 0x00, 0x00, 0x00, 0x07, 0xF2, 0x00, 0x00, 0x03, 0xA5,
    0x07, 0x2F, 0x20, 0x00, 0x00, 0x00, 0x00, 0xBA, 0x03, 0x4F, 0x20, 0x00,
    0x00, 0x00, 0x00, 0x00, 0x00, 0x00, 0x00, 0x00, 0x00, 0x00, 0x07, 0xF3,
    0x00, 0x00, 0x05, 0x2A, 0x0C, 0x0E, 0x20, 0x00, 0x00, 0x00, 0x02, 0x31,
    0x04, 0xDB, 0x20, 0x00, 0x00, 0x00, 0x00, 0x00, 0x00, 0x00, 0x00, 0x00,
    0x00, 0x00, 0x07, 0xF4, 0x00, 0x00, 0x03, 0xA6, 0x07, 0x30, 0x20, 0x00,
    0x00, 0x00, 0x02, 0x32, 0x04, 0xDC, 0x20, 0x00, 0x00, 0x00, 0x00, 0x00,
    0x00, 0x00, 0x00, 0x00, 0x00, 0x00, 0x07, 0xF5, 0x00, 0x00, 0x03, 0xA7,
    0x07, 0x31, 0x20, 0x00, 0x00, 0x00, 0x02, 0x33, 0x04, 0xDD, 0x20, 0x00,
    0x00, 0x00, 0x00, 0x00, 0x00, 0x00, 0x00, 0x00, 0x00, 0x00, 0x07, 0xF6,
    0x00, 0x00, 0x03, 0xA8, 0x07, 0x32, 0x20, 0x00, 0x00, 0x00, 0x02, 0x34,
    0x04, 0xE8, 0x20, 0x00, 0x00, 0x00, 0x00, 0x00, 0x00, 0x00, 0x00, 0x00,
    0x00, 0x00, 0x07, 0xF7, 0x00, 0x00, 0x03, 0xA9, 0x07, 0x33, 0x20, 0x00,
    0x00, 0x00, 0x00, 0x00, 0x00, 0x00, 0x00, 0x00, 0x00, 0x00, 0x00, 0x00,
    0x00, 0x00, 0x00, 0x00, 0x00, 0x00, 0x07, 0xF8, 0x00, 0x00, 0x02, 0x35,
    0x04, 0xDE, 0x20, 0x00, 0x00, 0x00, 0x02, 0x36, 0x04, 0xDF, 0x20, 0x00,
    0x00, 0x00, 0x00, 0x00, 0x00, 0x00, 0x00, 0x00, 0x00, 0x00, 0x07, 0xF9,
    0x00, 0x00, 0x00, 0xDA, 0x04, 0xE0, 0x20, 0x00, 0x00, 0x00, 0x00, 0xDB,
    0x04, 0xE1, 0x20, 0x00, 0x00, 0x00, 0x00, 0x00, 0x00, 0x00, 0x00, 0x00,
    0x00, 0x00, 0x07, 0xFA, 0x00, 0x00, 0x00, 0x9E, 0x03, 0x18, 0x20, 0x00,
    0x00, 0x00, 0x00, 0x9F, 0x03, 0x17, 0x20, 0x00, 0x00, 0x00, 0x00, 0x00,
    0x00, 0x00, 0x00, 0x00, 0x00, 0x00, 0x07, 0xFB, 0x00, 0x00, 0x00, 0xA8,
    0x03, 0x3C, 0x20, 0x00, 0x00, 0x00, 0x00, 0x00, 0x00, 0x00, 0x00, 0x00,
    0x00, 0x00, 0x00, 0x00, 0x00, 0x00, 0x00, 0x00, 0x00, 0x00, 0x07, 0xFC,
    0x00, 0x00, 0x00, 0xB6, 0x03, 0x4B, 0x20, 0x00, 0x00, 0x00, 0x02, 0x37,
    0x04, 0xE3, 0x20, 0x00, 0x00, 0x00, 0x00, 0x00, 0x00, 0x00, 0x00, 0x00,
    0x00, 0x00, 0x07, 0xFD, 0x00, 0x00, 0x03, 0xAB, 0x07, 0x35, 0x20, 0x00,
    0x00, 0x00, 0x00, 0x00, 0x00, 0x00, 0x00, 0x00, 0x00, 0x00, 0x00, 0x00,
    0x00, 0x00, 0x00, 0x00, 0x00, 0x00, 0x07, 0xFE, 0x00, 0x00, 0x03, 0xAD,
    0x07, 0x37, 0x20, 0x00, 0x00, 0x00, 0x00, 0x00, 0x00, 0x00, 0x00, 0x00,
    0x00, 0x00, 0x00, 0x00, 0x00, 0x00, 0x00, 0x00, 0x00, 0x00, 0x07, 0xFF,
    0x00, 0x00, 0x03, 0xAF, 0x07, 0x39, 0x20, 0x00, 0x00, 0x00, 0x00, 0x00,
    0x00, 0x00, 0x00, 0x00, 0x00, 0x00, 0x00, 0x00, 0x00, 0x00, 0x00, 0x00,
    0x00, 0x00, 0x08, 0x00, 0x00, 0x00, 0x03, 0xB1, 0x07, 0x3B, 0x20, 0x00,
    0x00, 0x00, 0x03, 0xB2, 0x07, 0x3C, 0x20, 0x00, 0x00, 0x00, 0x00, 0x00,
    0x00, 0x00, 0x00, 0x00, 0x00, 0x00, 0x08, 0x01, 0x00, 0x00, 0x03, 0xB3,
    0x07, 0x3D, 0x20, 0x00, 0x00, 0x00, 0x03, 0xB4, 0x07, 0x3E, 0x20, 0x00,
    0x00, 0x00, 0x00, 0x00, 0x00, 0x00, 0x00, 0x00, 0x00, 0x00, 0x08, 0x02,
    0x00, 0x00, 0x02, 0x38, 0x04, 0xE5, 0x20, 0x00, 0x00, 0x00, 0x02, 0x39,
    0x04, 0xE6, 0x20, 0x00, 0x00, 0x00, 0x00, 0x00, 0x00, 0x00, 0x00, 0x00,
    0x00, 0x00, 0x08, 0x03, 0x00, 0x00, 0x03, 0x78, 0x06, 0xED, 0x20, 0x00,
    0x00, 0x00, 0x03, 0x79, 0x06, 0xEE, 0x20, 0x00, 0x00, 0x00, 0x00, 0x00,
    0x00, 0x00, 0x00, 0x00, 0x00, 0x00, 0x08, 0x04, 0x00, 0x00, 0x02, 0x3A,
    0x04, 0xE9, 0x20, 0x00, 0x00, 0x00, 0x02, 0x3B, 0x04, 0xF2, 0x20, 0x00,
    0x00, 0x00, 0x00, 0x00, 0x00, 0x00, 0x00, 0x00, 0x00, 0x00, 0x08, 0x05,
    0x00, 0x00, 0x02, 0x3C, 0x05, 0x13, 0x20, 0x00, 0x00, 0x00, 0x02, 0x3D,
    0x05, 0x14, 0x20, 0x00, 0x00, 0x00, 0x00, 0x00, 0x00, 0x00, 0x00, 0x00,
    0x00, 0x00, 0x08, 0x06, 0x00, 0x00, 0x00, 0x00, 0x00, 0x00, 0x00, 0x00,
    0x00, 0x00, 0x00, 0x00, 0x00, 0x00, 0x00, 0x00, 0x00, 0x00, 0x03, 0xB5,
    0x07, 0x3F, 0x20, 0x00, 0x00, 0x00, 0x08, 0x07, 0x00, 0x00, 0x02, 0x3E,
    0x05, 0x1A, 0x20, 0x00, 0x00, 0x00, 0x02, 0x3F, 0x04, 0xEA, 0x20, 0x00,
    0x00, 0x00, 0x00, 0x00, 0x00, 0x00, 0x00, 0x00, 0x00, 0x00, 0x08, 0x08,
    0x00, 0x00, 0x00, 0xB4, 0x03, 0x49, 0x20, 0x00, 0x00, 0x00, 0x02, 0x40,
    0x04, 0xEB, 0x20, 0x00, 0x00, 0x00, 0x00, 0x00, 0x00, 0x00, 0x00, 0x00,
    0x00, 0x00, 0x08, 0x09, 0x00, 0x00, 0x05, 0xE3, 0x10, 0x35, 0x20, 0x00,
    0x00, 0x00, 0x05, 0xE4, 0x10, 0x36, 0x20, 0x00, 0x00, 0x00, 0x00, 0x00,
    0x00, 0x00, 0x00, 0x00, 0x00, 0x00, 0x08, 0x0A, 0x00, 0x00, 0x02, 0x41,
    0x04, 0xEC, 0x20, 0x00, 0x00, 0x00, 0x02, 0x42, 0x04, 0xED, 0x20, 0x00,
    0x00, 0x00, 0x00, 0x00, 0x00, 0x00, 0x00, 0x00, 0x00, 0x00, 0x08, 0x0B,
    0x00, 0x00, 0x02, 0x43, 0x04, 0xEE, 0x20, 0x00, 0x00, 0x00, 0x02, 0x44,
    0x04, 0xEF, 0x20, 0x00, 0x00, 0x00, 0x00, 0x00, 0x00, 0x00, 0x00, 0x00,
    0x00, 0x00, 0x08, 0x0C, 0x00, 0x00, 0x02, 0x45, 0x04, 0xF0, 0x20, 0x00,
    0x00, 0x00, 0x02, 0x46, 0x04, 0xF1, 0x20, 0x00, 0x00, 0x00, 0x00, 0x00,
    0x00, 0x00, 0x00, 0x00, 0x00, 0x00, 0x08, 0x0D, 0x00, 0x00, 0x02, 0x47,
    0x04, 0xF4, 0x20, 0x00, 0x00, 0x00, 0x02, 0x48, 0x04, 0xF5, 0x20, 0x00,
    0x00, 0x00, 0x00, 0x00, 0x00, 0x00, 0x00, 0x00, 0x00, 0x00, 0x08, 0x0E,
    0x00, 0x00, 0x02, 0x49, 0x04, 0xF6, 0x20, 0x00, 0x00, 0x00, 0x02, 0x4A,
    0x04, 0xF7, 0x20, 0x00, 0x00, 0x00, 0x00, 0x00, 0x00, 0x00, 0x00, 0x00,
    0x00, 0x00, 0x08, 0x0F, 0x00, 0x00, 0x05, 0xBE, 0x0D, 0xCB, 0x20, 0x00,
    0x00, 0x00, 0x05, 0xBF, 0x0D, 0xCC, 0x20, 0x00, 0x00, 0x00, 0x00, 0x00,
    0x00, 0x00, 0x00, 0x00, 0x00, 0x00, 0x08, 0x10, 0x00, 0x00, 0x03, 0xB6,
    0x07, 0x40, 0x20, 0x00, 0x00, 0x00, 0x02, 0x4B, 0x04, 0xF8, 0x20, 0x00,
    0x00, 0x00, 0x00, 0x00, 0x00, 0x00, 0x00, 0x00, 0x00, 0x00, 0x08, 0x11,
    0x00, 0x00, 0x03, 0xB7, 0x07, 0x41, 0x20, 0x00, 0x00, 0x00, 0x02, 0x4C,
    0x05, 0x15, 0x20, 0x00, 0x00, 0x00, 0x00, 0x00, 0x00, 0x00, 0x00, 0x00,
    0x00, 0x00, 0x08, 0x12, 0x00, 0x00, 0x03, 0xB8, 0x07, 0x42, 0x20, 0x00,
    0x00, 0x00, 0x02, 0x4D, 0x04, 0xF9, 0x20, 0x00, 0x00, 0x00, 0x00, 0x00,
    0x00, 0x00, 0x00, 0x00, 0x00, 0x00, 0x08, 0x13, 0x00, 0x00, 0x03, 0x6B,
    0x06, 0xE1, 0x20, 0x00, 0x00, 0x00, 0x02, 0x4E, 0x04, 0xFA, 0x20, 0x00,
    0x00, 0x00, 0x00, 0x00, 0x00, 0x00, 0x00, 0x00, 0x00, 0x00, 0x08, 0x14,
    0x00, 0x00, 0x03, 0xB9, 0x07, 0x43, 0x20, 0x00, 0x00, 0x00, 0x02, 0x4F,
    0x04, 0xF3, 0x20, 0x00, 0x00, 0x00, 0x00, 0x00, 0x00, 0x00, 0x00, 0x00,
    0x00, 0x00, 0x08, 0x15, 0x00, 0x00, 0x03, 0xBA, 0x07, 0x44, 0x20, 0x00,
    0x00, 0x00, 0x02, 0x50, 0x05, 0x16, 0x20, 0x00, 0x00, 0x00, 0x00, 0x00,
    0x00, 0x00, 0x00, 0x00, 0x00, 0x00, 0x08, 0x16, 0x00, 0x00, 0x03, 0xBB,
    0x07, 0x45, 0x20, 0x00, 0x00, 0x00, 0x02, 0x51, 0x05, 0x17, 0x20, 0x00,
    0x00, 0x00, 0x00, 0x00, 0x00, 0x00, 0x00, 0x00, 0x00, 0x00, 0x08, 0x17,
    0x00, 0x00, 0x03, 0xBC, 0x07, 0x46, 0x20, 0x00, 0x00, 0x00, 0x03, 0xBD,
    0x07, 0x47, 0x20, 0x00, 0x00, 0x00, 0x03, 0xBE, 0x07, 0x48, 0x20, 0x00,
    0x00, 0x00, 0x08, 0x18, 0x00, 0x00, 0x03, 0xBF, 0x07, 0x49, 0x20, 0x00,
    0x00, 0x00, 0x03, 0xC0, 0x07, 0x4A, 0x20, 0x00, 0x00, 0x00, 0x03, 0xC1,
    0x07, 0x4B, 0x20, 0x00, 0x00, 0x00, 0x08, 0x19, 0x00, 0x00, 0x02, 0x74,
    0x05, 0x26, 0x20, 0x00, 0x00, 0x00, 0x02, 0x75, 0x05, 0x27, 0x20, 0x00,
    0x00, 0x00, 0x00, 0x00, 0x00, 0x00, 0x00, 0x00, 0x00, 0x00, 0x08, 0x1A,
    0x00, 0x00, 0x00, 0x00, 0x00, 0x00, 0x00, 0x00, 0x00, 0x00, 0x00, 0x00,
    0x00, 0x00, 0x00, 0x00, 0x00, 0x00, 0x05, 0x2F, 0x0C, 0x0F, 0x20, 0x00,
    0x00, 0x00, 0x08, 0x1B, 0x00, 0x00, 0x02, 0x52, 0x04, 0xFC, 0x20, 0x00,
    0x00, 0x00, 0x02, 0x53, 0x04, 0xFD, 0x20, 0x00, 0x00, 0x00, 0x00, 0x00,
    0x00, 0x00, 0x00, 0x00, 0x00, 0x00, 0x08, 0x1C, 0x00, 0x00, 0x02, 0x54,
    0x04, 0xFE, 0x20, 0x00, 0x00, 0x00, 0x02, 0x55, 0x04, 0xFF, 0x20, 0x00,
    0x00, 0x00, 0x05, 0x60, 0x0C, 0xB4, 0x20, 0x00, 0x00, 0x00, 0x08, 0x1D,
    0x00, 0x00, 0x02, 0x56, 0x05, 0x00, 0x20, 0x00, 0x00, 0x00, 0x02, 0x57,
    0x05, 0x01, 0x20, 0x00, 0x00, 0x00, 0x00, 0x00, 0x00, 0x00, 0x00, 0x00,
    0x00, 0x00, 0x08, 0x1E, 0x00, 0x00, 0x02, 0x58, 0x05, 0x02, 0x20, 0x00,
    0x00, 0x00, 0x02, 0x59, 0x05, 0x03, 0x20, 0x00, 0x00, 0x00, 0x00, 0x00,
    0x00, 0x00, 0x00, 0x00, 0x00, 0x00, 0x08, 0x1F, 0x00, 0x00, 0x02, 0x5A,
    0x05, 0x04, 0x20, 0x00, 0x00, 0x00, 0x02, 0x5B, 0x05, 0x05, 0x20, 0x00,
    0x00, 0x00, 0x00, 0x00, 0x00, 0x00, 0x00, 0x00, 0x00, 0x00, 0x08, 0x20,
    0x00, 0x00, 0x03, 0xC2, 0x07, 0x4C, 0x20, 0x00, 0x00, 0x00, 0x02, 0x76,
    0x05, 0x28, 0x20, 0x00, 0x00, 0x00, 0x00, 0x00, 0x00, 0x00, 0x00, 0x00,
    0x00, 0x00, 0x08, 0x21, 0x00, 0x00, 0x02, 0x5C, 0x05, 0x06, 0x20, 0x00,
    0x00, 0x00, 0x02, 0x5D, 0x05, 0x07, 0x20, 0x00, 0x00, 0x00, 0x00, 0x00,
    0x00, 0x00, 0x00, 0x00, 0x00, 0x00, 0x08, 0x22, 0x00, 0x00, 0x02, 0x5E,
    0x05, 0x08, 0x20, 0x00, 0x00, 0x00, 0x02, 0x5F, 0x05, 0x09, 0x20, 0x00,
    0x00, 0x00, 0x00, 0x00, 0x00, 0x00, 0x00, 0x00, 0x00, 0x00, 0x08, 0x23,
    0x00, 0x00, 0x03, 0xC3, 0x07, 0x4D, 0x20, 0x00, 0x00, 0x00, 0x02, 0x60,
    0x05, 0x18, 0x20, 0x00, 0x00, 0x00, 0x00, 0x00, 0x00, 0x00, 0x00, 0x00,
    0x00, 0x00, 0x08, 0x24, 0x00, 0x00, 0x03, 0xC4, 0x07, 0x4E, 0x20, 0x00,
    0x00, 0x00, 0x03, 0xC5, 0x07, 0x4F, 0x20, 0x00, 0x00, 0x00, 0x00, 0x00,
    0x00, 0x00, 0x00, 0x00, 0x00, 0x00, 0x08, 0x25, 0x00, 0x00, 0x03, 0xC6,
    0x07, 0x50, 0x20, 0x00, 0x00, 0x00, 0x00, 0xCE, 0x03, 0x6F, 0x20, 0x00,
    0x00, 0x00, 0x00, 0x00, 0x00, 0x00, 0x00, 0x00, 0x00, 0x00, 0x08, 0x26,
    0x00, 0x00, 0x03, 0xC7, 0x07, 0x51, 0x20, 0x00, 0x00, 0x00, 0x02, 0x63,
    0x05, 0x0C, 0x20, 0x00, 0x00, 0x00, 0x00, 0x00, 0x00, 0x00, 0x00, 0x00,
    0x00, 0x00, 0x08, 0x27, 0x00, 0x00, 0x05, 0xC6, 0x10, 0x05, 0x20, 0x00,
    0x00, 0x00, 0x05, 0xC7, 0x0F, 0xF3, 0x20, 0x00, 0x00, 0x00, 0x00, 0x00,
    0x00, 0x00, 0x00, 0x00, 0x00, 0x00, 0x08, 0x28, 0x00, 0x00, 0x03, 0x7A,
    0x06, 0xEF, 0x20, 0x00, 0x00, 0x00, 0x03, 0xC8, 0x07, 0x52, 0x20, 0x00,
    0x00, 0x00, 0x00, 0x00, 0x00, 0x00, 0x00, 0x00, 0x00, 0x00, 0x08, 0x29,
    0x00, 0x00, 0x03, 0x6D, 0x06, 0xE2, 0x20, 0x00, 0x00, 0x00, 0x03, 0x6E,
    0x06, 0xE3, 0x20, 0x00, 0x00, 0x00, 0x00, 0x00, 0x00, 0x00, 0x00, 0x00,
    0x00, 0x00, 0x08, 0x2A, 0x00, 0x00, 0x03, 0x6F, 0x06, 0xE4, 0x20, 0x00,
    0x00, 0x00, 0x03, 0x70, 0x06, 0xE5, 0x20, 0x00, 0x00, 0x00, 0x00, 0x00,
    0x00, 0x00, 0x00, 0x00, 0x00, 0x00, 0x08, 0x2B, 0x00, 0x00, 0x04, 0x93,
    0x0C, 0x13, 0x20, 0x00, 0x00, 0x00, 0x03, 0xCA, 0x0C, 0x4F, 0x20, 0x00,
    0x00, 0x00, 0x03, 0xCB, 0x0C, 0x4E, 0x20, 0x00, 0x00, 0x00, 0x08, 0x2C,
    0x00, 0x00, 0x02, 0x61, 0x05, 0x0A, 0x20, 0x00, 0x00, 0x00, 0x02, 0x62,
    0x05, 0x0B, 0x20, 0x00, 0x00, 0x00, 0x00, 0x00, 0x00, 0x00, 0x00, 0x00,
    0x00, 0x00, 0x08, 0x2D, 0x00, 0x00, 0x03, 0xCC, 0x07, 0x53, 0x20, 0x00,
    0x00, 0x00, 0x02, 0x77, 0x05, 0x29, 0x20, 0x00, 0x00, 0x00, 0x00, 0x00,
    0x00, 0x00, 0x00, 0x00, 0x00, 0x00, 0x08, 0x2E, 0x00, 0x00, 0x06, 0x22,
    0x10, 0xA6, 0x20, 0x00, 0x00, 0x00, 0x06, 0x2C, 0x10, 0xA7, 0x20, 0x00,
    0x00, 0x00, 0x00, 0x00, 0x00, 0x00, 0x00, 0x00, 0x00, 0x00, 0x08, 0x2F,
    0x00, 0x00, 0x03, 0xCD, 0x07, 0x54, 0x20, 0x00, 0x00, 0x00, 0x02, 0x64,
    0x05, 0x0D, 0x20, 0x00, 0x00, 0x00, 0x00, 0x00, 0x00, 0x00, 0x00, 0x00,
    0x00, 0x00, 0x08, 0x30, 0x00, 0x00, 0x00, 0x00, 0x00, 0x00, 0x00, 0x00,
    0x00, 0x00, 0x00, 0x00, 0x00, 0x00, 0x00, 0x00, 0x00, 0x00, 0x05, 0xE5,
    0x10, 0x37, 0x20, 0x00, 0x00, 0x00, 0x08, 0x31, 0x00, 0x00, 0x00, 0x00,
    0x00, 0x00, 0x00, 0x00, 0x00, 0x00, 0x00, 0x00, 0x00, 0x00, 0x00, 0x00,
    0x00, 0x00, 0x05, 0xE6, 0x10, 0x38, 0x20, 0x00, 0x00, 0x00, 0x08, 0x32,
    0x00, 0x00, 0x03, 0xCE, 0x07, 0x55, 0x20, 0x00, 0x00, 0x00, 0x02, 0x65,
    0x05, 0x0E, 0x20, 0x00, 0x00, 0x00, 0x00, 0x00, 0x00, 0x00, 0x00, 0x00,
    0x00, 0x00, 0x08, 0x33, 0x00, 0x00, 0x03, 0xCF, 0x07, 0x56, 0x20, 0x00,
    0x00, 0x00, 0x02, 0x66, 0x05, 0x0F, 0x20, 0x00, 0x00, 0x00, 0x00, 0x00,
    0x00, 0x00, 0x00, 0x00, 0x00, 0x00, 0x08, 0x34, 0x00, 0x00, 0x00, 0x00,
    0x00, 0x00, 0x00, 0x00, 0x00, 0x00, 0x00, 0x00, 0x00, 0x00, 0x00, 0x00,
    0x00, 0x00, 0x03, 0xD0, 0x0C, 0x35, 0x20, 0x00, 0x00, 0x00, 0x08, 0x35,
    0x00, 0x00, 0x05, 0xE7, 0x10, 0x39, 0x20, 0x00, 0x00, 0x00, 0x05, 0xE8,
    0x10, 0x3A, 0x20, 0x00, 0x00, 0x00, 0x00, 0x00, 0x00, 0x00, 0x00, 0x00,
    0x00, 0x00, 0x08, 0x36, 0x00, 0x00, 0x05, 0x32, 0x0C, 0x14, 0x20, 0x00,
    0x00, 0x00, 0x02, 0x78, 0x05, 0x2A, 0x20, 0x00, 0x00, 0x00, 0x03, 0xD1,
    0x07, 0x57, 0x20, 0x00, 0x00, 0x00, 0x08, 0x37, 0x00, 0x00, 0x03, 0xD2,
    0x07, 0x58, 0x20, 0x00, 0x00, 0x00, 0x03, 0xD3, 0x07, 0x59, 0x20, 0x00,
    0x00, 0x00, 0x00, 0x00, 0x00, 0x00, 0x00, 0x00, 0x00, 0x00, 0x08, 0x38,
    0x00, 0x00, 0x00, 0x00, 0x00, 0x00, 0x00, 0x00, 0x00, 0x00, 0x00, 0x00,
    0x00, 0x00, 0x00, 0x00, 0x00, 0x00, 0x04, 0x8B, 0x0B, 0x62, 0x20, 0x00,
    0x00, 0x00, 0x08, 0x39, 0x00, 0x00, 0x00, 0x00, 0x00, 0x00, 0x00, 0x00,
    0x00, 0x00, 0x00, 0x00, 0x00, 0x00, 0x00, 0x00, 0x00, 0x00, 0x03, 0xD4,
    0x07, 0x5A, 0x20, 0x00, 0x00, 0x00, 0x08, 0x3A, 0x00, 0x00, 0x00, 0x00,
    0x00, 0x00, 0x00, 0x00, 0x00, 0x00, 0x00, 0x00, 0x00, 0x00, 0x00, 0x00,
    0x00, 0x00, 0x03, 0xD5, 0x0C, 0x36, 0x20, 0x00, 0x00, 0x00, 0x08, 0x3B,
    0x00, 0x00, 0x00, 0x00, 0x00, 0x00, 0x00, 0x00, 0x00, 0x00, 0x00, 0x00,
    0x00, 0x00, 0x00, 0x00, 0x00, 0x00, 0x05, 0x33, 0x0C, 0x15, 0x20, 0x00,
    0x00, 0x00, 0x08, 0x3C, 0x00, 0x00, 0x03, 0xD6, 0x07, 0x5B, 0x20, 0x00,
    0x00, 0x00, 0x03, 0xD7, 0x07, 0x5C, 0x20, 0x00, 0x00, 0x00, 0x00, 0x00,
    0x00, 0x00, 0x00, 0x00, 0x00, 0x00, 0x08, 0x3D, 0x00, 0x00, 0x03, 0xD8,
    0x07, 0x5D, 0x20, 0x00, 0x00, 0x00, 0x03, 0xD9, 0x07, 0x5E, 0x20, 0x00,
    0x00, 0x00, 0x00, 0x00, 0x00, 0x00, 0x00, 0x00, 0x00, 0x00, 0x08, 0x3E,
    0x00, 0x00, 0x00, 0x00, 0x00, 0x00, 0x00, 0x00, 0x00, 0x00, 0x00, 0x00,
    0x00, 0x00, 0x00, 0x00, 0x00, 0x00, 0x03, 0xDA, 0x07, 0x5F, 0x20, 0x00,
    0x00, 0x00, 0x08, 0x3F, 0x00, 0x00, 0x00, 0x00, 0x00, 0x00, 0x00, 0x00,
    0x00, 0x00, 0x00, 0x00, 0x00, 0x00, 0x00, 0x00, 0x00, 0x00, 0x03, 0xDB,
    0x07, 0x60, 0x20, 0x00, 0x00, 0x00, 0x08, 0x40, 0x00, 0x00, 0x00, 0x00,
    0x00, 0x00, 0x00, 0x00, 0x00, 0x00, 0x00, 0x00, 0x00, 0x00, 0x00, 0x00,
    0x00, 0x00, 0x05, 0xCF, 0x10, 0x07, 0x20, 0x00, 0x00, 0x00, 0x08, 0x41,
    0x00, 0x00, 0x00, 0x00, 0x00, 0x00, 0x00, 0x00, 0x00, 0x00, 0x00, 0x00,
    0x00, 0x00, 0x00, 0x00, 0x00, 0x00, 0x03, 0xDC, 0x07, 0x61, 0x20, 0x00,
    0x00, 0x00, 0x08, 0x42, 0x00, 0x00, 0x00, 0x00, 0x00, 0x00, 0x00, 0x00,
    0x00, 0x00, 0x00, 0x00, 0x00, 0x00, 0x00, 0x00, 0x00, 0x00, 0x03, 0xDD,
    0x07, 0x62, 0x20, 0x00, 0x00, 0x00, 0x08, 0x43, 0x00, 0x00, 0x00, 0x00,
    0x00, 0x00, 0x00, 0x00, 0x00, 0x00, 0x00, 0x00, 0x00, 0x00, 0x00, 0x00,
    0x00, 0x00, 0x03, 0xDE, 0x07, 0x63, 0x20, 0x00, 0x00, 0x00, 0x08, 0x44,
    0x00, 0x00, 0x00, 0x00, 0x00, 0x00, 0x00, 0x00, 0x00, 0x00, 0x00, 0x00,
    0x00, 0x00, 0x00, 0x00, 0x00, 0x00, 0x03, 0xDF, 0x07, 0x64, 0x20, 0x00,
    0x00, 0x00, 0x08, 0x45, 0x00, 0x00, 0x03, 0xE0, 0x07, 0x65, 0x20, 0x00,
    0x00, 0x00, 0x02, 0x67, 0x05, 0x10, 0x20, 0x00, 0x00, 0x00, 0x06, 0x35,
    0x11, 0x05, 0x20, 0x00, 0x00, 0x00, 0x08, 0x46, 0x00, 0x00, 0x02, 0x79,
    0x05, 0x2B, 0x20, 0x00, 0x00, 0x00, 0x00, 0x00, 0x00, 0x00, 0x00, 0x00,
    0x00, 0x00, 0x00, 0x00, 0x00, 0x00, 0x00, 0x00, 0x00, 0x00, 0x08, 0x47,
    0x00, 0x00, 0x03, 0xE2, 0x07, 0x67, 0x20, 0x00, 0x00, 0x00, 0x03, 0xE3,
    0x07, 0x68, 0x20, 0x00, 0x00, 0x00, 0x00, 0x00, 0x00, 0x00, 0x00, 0x00,
    0x00, 0x00, 0x08, 0x48, 0x00, 0x00, 0x02, 0x68, 0x05, 0x19, 0x20, 0x00,
    0x00, 0x00, 0x02, 0x7A, 0x05, 0x2C, 0x20, 0x00, 0x00, 0x00, 0x00, 0x00,
    0x00, 0x00, 0x00, 0x00, 0x00, 0x00, 0x08, 0x49, 0x00, 0x00, 0x02, 0x69,
    0x05, 0x11, 0x20, 0x00, 0x00, 0x00, 0x02, 0x6A, 0x05, 0x12, 0x20, 0x00,
    0x00, 0x00, 0x00, 0x00, 0x00, 0x00, 0x00, 0x00, 0x00, 0x00, 0x08, 0x4A,
    0x00, 0x00, 0x02, 0x7B, 0x05, 0x2D, 0x20, 0x00, 0x00, 0x00, 0x02, 0x7C,
    0x05, 0xC8, 0x20, 0x00, 0x00, 0x00, 0x00, 0x00, 0x00, 0x00, 0x00, 0x00,
    0x00, 0x00, 0x08, 0x4B, 0x00, 0x00, 0x02, 0x7D, 0x05, 0x2E, 0x20, 0x00,
    0x00, 0x00, 0x02, 0x7E, 0x05, 0x2F, 0x20, 0x00, 0x00, 0x00, 0x00, 0x00,
    0x00, 0x00, 0x00, 0x00, 0x00, 0x00, 0x08, 0x4C, 0x00, 0x00, 0x02, 0x7F,
    0x05, 0x30, 0x20, 0x00, 0x00, 0x00, 0x02, 0x80, 0x05, 0x31, 0x20, 0x00,
    0x00, 0x00, 0x00, 0x00, 0x00, 0x00, 0x00, 0x00, 0x00, 0x00, 0x08, 0x4D,
    0x00, 0x00, 0x03, 0xE4, 0x07, 0x69, 0x20, 0x00, 0x00, 0x00, 0x03, 0xE5,
    0x07, 0x6A, 0x20, 0x00, 0x00, 0x00, 0x00, 0x00, 0x00, 0x00, 0x00, 0x00,
    0x00, 0x00, 0x08, 0x4E, 0x00, 0x00, 0x05, 0x34, 0x0C, 0x16, 0x20, 0x00,
    0x00, 0x00, 0x05, 0x35, 0x0C, 0x17, 0x20, 0x00, 0x00, 0x00, 0x00, 0x00,
    0x00, 0x00, 0x00, 0x00, 0x00, 0x00, 0x08, 0x4F, 0x00, 0x00, 0x02, 0x81,
    0x05, 0x32, 0x20, 0x00, 0x00, 0x00, 0x02, 0x82, 0x05, 0x33, 0x20, 0x00,
    0x00, 0x00, 0x00, 0x00, 0x00, 0x00, 0x00, 0x00, 0x00, 0x00, 0x08, 0x50,
    0x00, 0x00, 0x03, 0xE6, 0x07, 0x6B, 0x20, 0x00, 0x00, 0x00, 0x02, 0x83,
    0x05, 0x34, 0x20, 0x00, 0x00, 0x00, 0x00, 0x00, 0x00, 0x00, 0x00, 0x00,
    0x00, 0x00, 0x08, 0x51, 0x00, 0x00, 0x02, 0x84, 0x05, 0x35, 0x20, 0x00,
    0x00, 0x00, 0x02, 0x85, 0x05, 0x36, 0x20, 0x00, 0x00, 0x00, 0x00, 0x00,
    0x00, 0x00, 0x00, 0x00, 0x00, 0x00, 0x08, 0x52, 0x00, 0x00, 0x03, 0xE7,
    0x07, 0x6C, 0x20, 0x00, 0x00, 0x00, 0x02, 0x86, 0x05, 0x37, 0x20, 0x00,
    0x00, 0x00, 0x06, 0x23, 0x10, 0xBE, 0x20, 0x00, 0x00, 0x00, 0x08, 0x53,
    0x00, 0x00, 0x03, 0xE8, 0x07, 0x6D, 0x20, 0x00, 0x00, 0x00, 0x03, 0xE9,
    0x07, 0x6E, 0x20, 0x00, 0x00, 0x00, 0x00, 0x00, 0x00, 0x00, 0x00, 0x00,
    0x00, 0x00, 0x08, 0x54, 0x00, 0x00, 0x03, 0xEA, 0x07, 0x6F, 0x20, 0x00,
    0x00, 0x00, 0x02, 0x87, 0x05, 0x38, 0x20, 0x00, 0x00, 0x00, 0x00, 0x00,
    0x00, 0x00, 0x00, 0x00, 0x00, 0x00, 0x08, 0x55, 0x00, 0x00, 0x00, 0x00,
    0x00, 0x00, 0x00, 0x00, 0x00, 0x00, 0x00, 0x00, 0x00, 0x00, 0x00, 0x00,
    0x00, 0x00, 0x03, 0xEB, 0x07, 0x70, 0x20, 0x00, 0x00, 0x00, 0x08, 0x56,
    0x00, 0x00, 0x02, 0x88, 0x05, 0x39, 0x20, 0x00, 0x00, 0x00, 0x00, 0x00,
    0x00, 0x00, 0x00, 0x00, 0x00, 0x00, 0x00, 0x00, 0x00, 0x00, 0x00, 0x00,
    0x00, 0x00, 0x08, 0x57, 0x00, 0x00, 0x00, 0x00, 0x00, 0x00, 0x00, 0x00,
    0x00, 0x00, 0x00, 0x00, 0x00, 0x00, 0x00, 0x00, 0x00, 0x00, 0x03, 0xED,
    0x07, 0x72, 0x20, 0x00, 0x00, 0x00, 0x08, 0x58, 0x00, 0x00, 0x03, 0xEE,
    0x07, 0x73, 0x20, 0x00, 0x00, 0x00, 0x02, 0x89, 0x05, 0x3A, 0x20, 0x00,
    0x00, 0x00, 0x00, 0x00, 0x00, 0x00, 0x00, 0x00, 0x00, 0x00, 0x08, 0x59,
    0x00, 0x00, 0x02, 0x8A, 0x05, 0x3B, 0x20, 0x00, 0x00, 0x00, 0x00, 0x00,
    0x00, 0x00, 0x00, 0x00, 0x00, 0x00, 0x00, 0x00, 0x00, 0x00, 0x00, 0x00,
    0x00, 0x00, 0x08, 0x5A, 0x00, 0x00, 0x03, 0xF0, 0x07, 0x75, 0x20, 0x00,
    0x00, 0x00, 0x02, 0x8B, 0x05, 0x3C, 0x20, 0x00, 0x00, 0x00, 0x05, 0xFC,
    0x10, 0x52, 0x20, 0x00, 0x00, 0x00, 0x08, 0x5B, 0x00, 0x00, 0x02, 0x8C,
    0x05, 0x3D, 0x20, 0x00, 0x00, 0x00, 0x02, 0x8D, 0x05, 0x3E, 0x20, 0x00,
    0x00, 0x00, 0x00, 0x00, 0x00, 0x00, 0x00, 0x00, 0x00, 0x00, 0x08, 0x5C,
    0x00, 0x00, 0x03, 0xF1, 0x07, 0x76, 0x20, 0x00, 0x00, 0x00, 0x03, 0xF2,
    0x07, 0x77, 0x20, 0x00, 0x00, 0x00, 0x00, 0x00, 0x00, 0x00, 0x00, 0x00,
    0x00, 0x00, 0x08, 0x5D, 0x00, 0x00, 0x03, 0xF3, 0x07, 0x78, 0x20, 0x00,
    0x00, 0x00, 0x02, 0x8E, 0x05, 0x3F, 0x20, 0x00, 0x00, 0x00, 0x03, 0xF4,
    0x07, 0x79, 0x20, 0x00, 0x00, 0x00, 0x08, 0x5E, 0x00, 0x00, 0x05, 0x36,
    0x0C, 0x18, 0x20, 0x00, 0x00, 0x00, 0x04, 0x8C, 0x0B, 0x5F, 0x20, 0x00,
    0x00, 0x00, 0x00, 0x00, 0x00, 0x00, 0x00, 0x00, 0x00, 0x00, 0x08, 0x5F,
    0x00, 0x00, 0x05, 0x37, 0x0C, 0x19, 0x20, 0x00, 0x00, 0x00, 0x05, 0x38,
    0x0C, 0x1A, 0x20, 0x00, 0x00, 0x00, 0x05, 0x39, 0x0C, 0x1B, 0x20, 0x00,
    0x00, 0x00, 0x08, 0x60, 0x00, 0x00, 0x00, 0x00, 0x00, 0x00, 0x00, 0x00,
    0x00, 0x00, 0x00, 0x00, 0x00, 0x00, 0x00, 0x00, 0x00, 0x00, 0x05, 0x3A,
    0x0C, 0x1C, 0x20, 0x00, 0x00, 0x00, 0x08, 0x61, 0x00, 0x00, 0x05, 0xC2,
    0x0F, 0xEC, 0x20, 0x00, 0x00, 0x00, 0x02, 0x8F, 0x05, 0x40, 0x20, 0x00,
    0x00, 0x00, 0x00, 0x00, 0x00, 0x00, 0x00, 0x00, 0x00, 0x00, 0x08, 0x62,
    0x00, 0x00, 0x03, 0xF5, 0x07, 0x7A, 0x20, 0x00, 0x00, 0x00, 0x02, 0x90,
    0x05, 0xC9, 0x20, 0x00, 0x00, 0x00, 0x00, 0x00, 0x00, 0x00, 0x00, 0x00,
    0x00, 0x00, 0x08, 0x63, 0x00, 0x00, 0x02, 0x91, 0x05, 0x41, 0x20, 0x00,
    0x00, 0x00, 0x02, 0x92, 0x05, 0x42, 0x20, 0x00, 0x00, 0x00, 0x00, 0x00,
    0x00, 0x00, 0x00, 0x00, 0x00, 0x00, 0x08, 0x64, 0x00, 0x00, 0x05, 0xC8,
    0x0F, 0xF4, 0x20, 0x00, 0x00, 0x00, 0x05, 0xC9, 0x0F, 0xF5, 0x20, 0x00,
    0x00, 0x00, 0x00, 0x00, 0x00, 0x00, 0x00, 0x00, 0x00, 0x00, 0x08, 0x65,
    0x00, 0x00, 0x05, 0x3C, 0x0C, 0x1E, 0x20, 0x00, 0x00, 0x00, 0x05, 0x3D,
    0x0C, 0x1F, 0x20, 0x00, 0x00, 0x00, 0x00, 0x00, 0x00, 0x00, 0x00, 0x00,
    0x00, 0x00, 0x08, 0x66, 0x00, 0x00, 0x03, 0xF6, 0x07, 0x7B, 0x20, 0x00,
    0x00, 0x00, 0x00, 0x00, 0x00, 0x00, 0x00, 0x00, 0x00, 0x00, 0x00, 0x00,
    0x00, 0x00, 0x00, 0x00, 0x00, 0x00, 0x08, 0x67, 0x00, 0x00, 0x00, 0x00,
    0x00, 0x00, 0x00, 0x00, 0x00, 0x00, 0x00, 0x00, 0x00, 0x00, 0x00, 0x00,
    0x00, 0x00, 0x03, 0xF7, 0x07, 0x7C, 0x20, 0x00, 0x00, 0x00, 0x08, 0x68,
    0x00, 0x00, 0x02, 0x93, 0x05, 0x43, 0x20, 0x00, 0x00, 0x00, 0x02, 0x94,
    0x05, 0x44, 0x20, 0x00, 0x00, 0x00, 0x00, 0x00, 0x00, 0x00, 0x00, 0x00,
    0x00, 0x00, 0x08, 0x69, 0x00, 0x00, 0x05, 0xE9, 0x10, 0x3B, 0x20, 0x00,
    0x00, 0x00, 0x05, 0xEA, 0x10, 0x3C, 0x20, 0x00, 0x00, 0x00, 0x00, 0x00,
    0x00, 0x00, 0x00, 0x00, 0x00, 0x00, 0x08, 0x6A, 0x00, 0x00, 0x03, 0xF8,
    0x07, 0x7D, 0x20, 0x00, 0x00, 0x00, 0x00, 0xCB, 0x03, 0x62, 0x20, 0x00,
    0x00, 0x00, 0x00, 0x00, 0x00, 0x00, 0x00, 0x00, 0x00, 0x00, 0x08, 0x6B,
    0x00, 0x00, 0x03, 0x71, 0x06, 0xE6, 0x20, 0x00, 0x00, 0x00, 0x03, 0x72,
    0x06, 0xE7, 0x20, 0x00, 0x00, 0x00, 0x00, 0x00, 0x00, 0x00, 0x00, 0x00,
    0x00, 0x00, 0x08, 0x6C, 0x00, 0x00, 0x00, 0x00, 0x00, 0x00, 0x00, 0x00,
    0x00, 0x00, 0x00, 0x00, 0x00, 0x00, 0x00, 0x00, 0x00, 0x00, 0x03, 0xF9,
    0x07, 0x7E, 0x20, 0x00, 0x00, 0x00, 0x08, 0x6D, 0x00, 0x00, 0x05, 0xEB,
    0x10, 0x3D, 0x20, 0x00, 0x00, 0x00, 0x05, 0xEC, 0x10, 0x3E, 0x20, 0x00,
    0x00, 0x00, 0x00, 0x00, 0x00, 0x00, 0x00, 0x00, 0x00, 0x00, 0x08, 0x6E,
    0x00, 0x00, 0x03, 0xFA, 0x07, 0x7F, 0x20, 0x00, 0x00, 0x00, 0x02, 0x95,
    0x05, 0x45, 0x20, 0x00, 0x00, 0x00, 0x00, 0x00, 0x00, 0x00, 0x00, 0x00,
    0x00, 0x00, 0x08, 0x6F, 0x00, 0x00, 0x00, 0x00, 0x00, 0x00, 0x00, 0x00,
    0x00, 0x00, 0x00, 0x00, 0x00, 0x00, 0x00, 0x00, 0x00, 0x00, 0x03, 0xFB,
    0x07, 0x80, 0x20, 0x00, 0x00, 0x00, 0x08, 0x70, 0x00, 0x00, 0x00, 0x00,
    0x00, 0x00, 0x00, 0x00, 0x00, 0x00, 0x00, 0x00, 0x00, 0x00, 0x00, 0x00,
    0x00, 0x00, 0x03, 0xFC, 0x07, 0x81, 0x20, 0x00, 0x00, 0x00, 0x08, 0x71,
    0x00, 0x00, 0x02, 0x96, 0x05, 0x46, 0x20, 0x00, 0x00, 0x00, 0x02, 0x97,
    0x05, 0x47, 0x20, 0x00, 0x00, 0x00, 0x00, 0x00, 0x00, 0x00, 0x00, 0x00,
    0x00, 0x00, 0x08, 0x72, 0x00, 0x00, 0x03, 0xFD, 0x07, 0x82, 0x20, 0x00,
    0x00, 0x00, 0x02, 0x98, 0x05, 0x48, 0x20, 0x00, 0x00, 0x00, 0x00, 0x00,
    0x00, 0x00, 0x00, 0x00, 0x00, 0x00, 0x08, 0x73, 0x00, 0x00, 0x03, 0xFE,
    0x07, 0x83, 0x20, 0x00, 0x00, 0x00, 0x02, 0x99, 0x05, 0x49, 0x20, 0x00,
    0x00, 0x00, 0x00, 0x00, 0x00, 0x00, 0x00, 0x00, 0x00, 0x00, 0x08, 0x74,
    0x00, 0x00, 0x06, 0x2A, 0x10, 0xA4, 0x20, 0x00, 0x00, 0x00, 0x00, 0x00,
    0x00, 0x00, 0x00, 0x00, 0x00, 0x00, 0x06, 0x2B, 0x10, 0xA5, 0x20, 0x00,
    0x00, 0x00, 0x08, 0x75, 0x00, 0x00, 0x03, 0xFF, 0x07, 0x84, 0x20, 0x00,
    0x00, 0x00, 0x02, 0x9A, 0x05, 0x4A, 0x20, 0x00, 0x00, 0x00, 0x00, 0x00,
    0x00, 0x00, 0x00, 0x00, 0x00, 0x00, 0x08, 0x76, 0x00, 0x00, 0x04, 0x00,
    0x07, 0x85, 0x20, 0x00, 0x00, 0x00, 0x02, 0x9B, 0x05, 0x4B, 0x20, 0x00,
    0x00, 0x00, 0x04, 0x01, 0x07, 0x86, 0x20, 0x00, 0x00, 0x00, 0x08, 0x77,
    0x00, 0x00, 0x04, 0x02, 0x07, 0x87, 0x20, 0x00, 0x00, 0x00, 0x02, 0x9C,
    0x05, 0x4C, 0x20, 0x00, 0x00, 0x00, 0x00, 0x00, 0x00, 0x00, 0x00, 0x00,
    0x00, 0x00, 0x08, 0x78, 0x00, 0x00, 0x02, 0x9D, 0x05, 0x4D, 0x20, 0x00,
    0x00, 0x00, 0x02, 0x9E, 0x05, 0x4E, 0x20, 0x00, 0x00, 0x00, 0x04, 0x03,
    0x07, 0x88, 0x20, 0x00, 0x00, 0x00, 0x08, 0x79, 0x00, 0x00, 0x02, 0x9F,
    0x05, 0x4F, 0x20, 0x00, 0x00, 0x00, 0x02, 0xA0, 0x05, 0x50, 0x20, 0x00,
    0x00, 0x00, 0x00, 0x00, 0x00, 0x00, 0x00, 0x00, 0x00, 0x00, 0x08, 0x7A,
    0x00, 0x00, 0x06, 0x67, 0x11, 0x10, 0x20, 0x00, 0x00, 0x00, 0x06, 0xF6,
    0x11, 0xED, 0x20, 0x00, 0x00, 0x00, 0x00, 0x00, 0x00, 0x00, 0x00, 0x00,
    0x00, 0x00, 0x08, 0x7B, 0x00, 0x00, 0x04, 0x05, 0x07, 0x8A, 0x20, 0x00,
    0x00, 0x00, 0x04, 0x06, 0x07, 0x8B, 0x20, 0x00, 0x00, 0x00, 0x00, 0x00,
    0x00, 0x00, 0x00, 0x00, 0x00, 0x00, 0x08, 0x7C, 0x00, 0x00, 0x02, 0xA1,
    0x05, 0x51, 0x20, 0x00, 0x00, 0x00, 0x02, 0xA2, 0x05, 0x52, 0x20, 0x00,
    0x00, 0x00, 0x00, 0x00, 0x00, 0x00, 0x00, 0x00, 0x00, 0x00, 0x08, 0x7D,
    0x00, 0x00, 0x04, 0x07, 0x07, 0x8C, 0x20, 0x00, 0x00, 0x00, 0x04, 0x08,
    0x07, 0x8D, 0x20, 0x00, 0x00, 0x00, 0x00, 0x00, 0x00, 0x00, 0x00, 0x00,
    0x00, 0x00, 0x08, 0x7E, 0x00, 0x00, 0x04, 0x09, 0x07, 0x8E, 0x20, 0x00,
    0x00, 0x00, 0x04, 0x0A, 0x07, 0x8F, 0x20, 0x00, 0x00, 0x00, 0x00, 0x00,
    0x00, 0x00, 0x00, 0x00, 0x00, 0x00, 0x08, 0x7F, 0x00, 0x00, 0x04, 0x0B,
    0x07, 0x90, 0x20, 0x00, 0x00, 0x00, 0x02, 0xA3, 0x05, 0x53, 0x20, 0x00,
    0x00, 0x00, 0x00, 0x00, 0x00, 0x00, 0x00, 0x00, 0x00, 0x00, 0x08, 0x80,
    0x00, 0x00, 0x00, 0x00, 0x00, 0x00, 0x00, 0x00, 0x00, 0x00, 0x00, 0x00,
    0x00, 0x00, 0x00, 0x00, 0x00, 0x00, 0x04, 0x0C, 0x07, 0x91, 0x20, 0x00,
    0x00, 0x00, 0x08, 0x81, 0x00, 0x00, 0x04, 0x9F, 0x0C, 0x7C, 0x20, 0x00,
    0x00, 0x00, 0x05, 0x41, 0x0C, 0x7D, 0x20, 0x00, 0x00, 0x00, 0x00, 0x00,
    0x00, 0x00, 0x00, 0x00, 0x00, 0x00, 0x08, 0x82, 0x00, 0x00, 0x02, 0xA4,
    0x05, 0x54, 0x20, 0x00, 0x00, 0x00, 0x03, 0x1A, 0x06, 0x9F, 0x20, 0x00,
    0x00, 0x00, 0x00, 0x00, 0x00, 0x00, 0x00, 0x00, 0x00, 0x00, 0x08, 0x83,
    0x00, 0x00, 0x04, 0x0D, 0x07, 0x92, 0x20, 0x00, 0x00, 0x00, 0x03, 0x1B,
    0x05, 0xD4, 0x20, 0x00, 0x00, 0x00, 0x00, 0x00, 0x00, 0x00, 0x00, 0x00,
    0x00, 0x00, 0x08, 0x84, 0x00, 0x00, 0x04, 0x0E, 0x07, 0x93, 0x20, 0x00,
    0x00, 0x00, 0x03, 0x1C, 0x05, 0xD5, 0x20, 0x00, 0x00, 0x00, 0x00, 0x00,
    0x00, 0x00, 0x00, 0x00, 0x00, 0x00, 0x08, 0x85, 0x00, 0x00, 0x03, 0x1D,
    0x05, 0xD6, 0x20, 0x00, 0x00, 0x00, 0x03, 0x1E, 0x05, 0xD7, 0x20, 0x00,
    0x00, 0x00, 0x00, 0x00, 0x00, 0x00, 0x00, 0x00, 0x00, 0x00, 0x08, 0x86,
    0x00, 0x00, 0x00, 0x00, 0x00, 0x00, 0x00, 0x00, 0x00, 0x00, 0x00, 0x00,
    0x00, 0x00, 0x00, 0x00, 0x00, 0x00, 0x04, 0x0F, 0x07, 0x94, 0x20, 0x00,
    0x00, 0x00, 0x08, 0x87, 0x00, 0x00, 0x05, 0x40, 0x0C, 0x9E, 0x20, 0x00,
    0x00, 0x00, 0x03, 0x1F, 0x05, 0xD8, 0x20, 0x00, 0x00, 0x00, 0x00, 0x00,
    0x00, 0x00, 0x00, 0x00, 0x00, 0x00, 0x08, 0x88, 0x00, 0x00, 0x03, 0x20,
    0x05, 0xD9, 0x20, 0x00, 0x00, 0x00, 0x04, 0x10, 0x07, 0x95, 0x20, 0x00,
    0x00, 0x00, 0x00, 0x00, 0x00, 0x00, 0x00, 0x00, 0x00, 0x00, 0x08, 0x89,
    0x00, 0x00, 0x03, 0x21, 0x05, 0xDA, 0x20, 0x00, 0x00, 0x00, 0x03, 0x22,
    0x05, 0xDB, 0x20, 0x00, 0x00, 0x00, 0x00, 0x00, 0x00, 0x00, 0x00, 0x00,
    0x00, 0x00, 0x08, 0x8A, 0x00, 0x00, 0x05, 0x4F, 0x0C, 0x95, 0x20, 0x00,
    0x00, 0x00, 0x05, 0x50, 0x0C, 0x96, 0x20, 0x00, 0x00, 0x00, 0x00, 0x00,
    0x00, 0x00, 0x00, 0x00, 0x00, 0x00, 0x08, 0x8B, 0x00, 0x00, 0x06, 0x1B,
    0x10, 0xD3, 0x20, 0x00, 0x00, 0x00, 0x00, 0x00, 0x00, 0x00, 0x00, 0x00,
    0x00, 0x00, 0x00, 0x00, 0x00, 0x00, 0x00, 0x00, 0x00, 0x00, 0x08, 0x8C,
    0x00, 0x00, 0x03, 0x23, 0x05, 0xDC, 0x20, 0x00, 0x00, 0x00, 0x03, 0x24,
    0x05, 0xDD, 0x20, 0x00, 0x00, 0x00, 0x00, 0x00, 0x00, 0x00, 0x00, 0x00,
    0x00, 0x00, 0x08, 0x8D, 0x00, 0x00, 0x05, 0x42, 0x0D, 0x54, 0x20, 0x00,
    0x00, 0x00, 0x05, 0x43, 0x0D, 0x55, 0x20, 0x00, 0x00, 0x00, 0x00, 0x00,
    0x00, 0x00, 0x00, 0x00, 0x00, 0x00, 0x08, 0x8E, 0x00, 0x00, 0x03, 0x25,
    0x05, 0xDE, 0x20, 0x00, 0x00, 0x00, 0x03, 0x26, 0x05, 0xDF, 0x20, 0x00,
    0x00, 0x00, 0x00, 0x00, 0x00, 0x00, 0x00, 0x00, 0x00, 0x00, 0x08, 0x8F,
    0x00, 0x00, 0x04, 0x11, 0x07, 0x96, 0x20, 0x00, 0x00, 0x00, 0x04, 0x12,
    0x07, 0x97, 0x20, 0x00, 0x00, 0x00, 0x00, 0x00, 0x00, 0x00, 0x00, 0x00,
    0x00, 0x00, 0x08, 0x90, 0x00, 0x00, 0x05, 0xED, 0x10, 0x3F, 0x20, 0x00,
    0x00, 0x00, 0x05, 0xEE, 0x10, 0x40, 0x20, 0x00, 0x00, 0x00, 0x00, 0x00,
    0x00, 0x00, 0x00, 0x00, 0x00, 0x00, 0x08, 0x91, 0x00, 0x00, 0x04, 0x13,
    0x07, 0x98, 0x20, 0x00, 0x00, 0x00, 0x04, 0x14, 0x07, 0x99, 0x20, 0x00,
    0x00, 0x00, 0x00, 0x00, 0x00, 0x00, 0x00, 0x00, 0x00, 0x00, 0x08, 0x92,
    0x00, 0x00, 0x00, 0x00, 0x00, 0x00, 0x00, 0x00, 0x00, 0x00, 0x00, 0x00,
    0x00, 0x00, 0x00, 0x00, 0x00, 0x00, 0x05, 0x3F, 0x0C, 0x89, 0x20, 0x00,
    0x00, 0x00, 0x08, 0x93, 0x00, 0x00, 0x03, 0x27, 0x05, 0xE0, 0x20, 0x00,
    0x00, 0x00, 0x03, 0x28, 0x05, 0xE1, 0x20, 0x00, 0x00, 0x00, 0x00, 0x00,
    0x00, 0x00, 0x00, 0x00, 0x00, 0x00, 0x08, 0x94, 0x00, 0x00, 0x03, 0x29,
    0x05, 0xE2, 0x20, 0x00, 0x00, 0x00, 0x03, 0x2A, 0x05, 0xE3, 0x20, 0x00,
    0x00, 0x00, 0x00, 0x00, 0x00, 0x00, 0x00, 0x00, 0x00, 0x00, 0x08, 0x95,
    0x00, 0x00, 0x00, 0x00, 0x00, 0x00, 0x00, 0x00, 0x00, 0x00, 0x00, 0x00,
    0x00, 0x00, 0x00, 0x00, 0x00, 0x00, 0x04, 0x15, 0x07, 0x9A, 0x20, 0x00,
    0x00, 0x00, 0x08, 0x96, 0x00, 0x00, 0x04, 0x16, 0x0C, 0x43, 0x20, 0x00,
    0x00, 0x00, 0x04, 0x17, 0x0C, 0x44, 0x20, 0x00, 0x00, 0x00, 0x00, 0x00,
    0x00, 0x00, 0x00, 0x00, 0x00, 0x00, 0x08, 0x97, 0x00, 0x00, 0x03, 0x2B,
    0x05, 0xE4, 0x20, 0x00, 0x00, 0x00, 0x03, 0x2C, 0x05, 0xE5, 0x20, 0x00,
    0x00, 0x00, 0x00, 0x00, 0x00, 0x00, 0x00, 0x00, 0x00, 0x00, 0x08, 0x98,
    0x00, 0x00, 0x04, 0x18, 0x07, 0x9B, 0x20, 0x00, 0x00, 0x00, 0x03, 0x2D,
    0x05, 0xE6, 0x20, 0x00, 0x00, 0x00, 0x00, 0x00, 0x00, 0x00, 0x00, 0x00,
    0x00, 0x00, 0x0D, 0x5F, 0x00, 0x00, 0x05, 0x68, 0x0C, 0xBC, 0x20, 0x00,
    0x00, 0x00, 0x05, 0x67, 0x0C, 0xBB, 0x20, 0x00, 0x00, 0x00, 0x00, 0x00,
    0x00, 0x00, 0x00, 0x00, 0x00, 0x00, 0x08, 0x9A, 0x00, 0x00, 0x05, 0xD0,
    0x10, 0x08, 0x20, 0x00, 0x00, 0x00, 0x05, 0xD1, 0x10, 0x09, 0x20, 0x00,
    0x00, 0x00, 0x05, 0xD2, 0x10, 0x0A, 0x20, 0x00, 0x00, 0x00, 0x08, 0x9B,
    0x00, 0x00, 0x00, 0x00, 0x00, 0x00, 0x00, 0x00, 0x00, 0x00, 0x00, 0x00,
    0x00, 0x00, 0x00, 0x00, 0x00, 0x00, 0x04, 0x19, 0x07, 0x9C, 0x20, 0x00,
    0x00, 0x00, 0x08, 0x9C, 0x00, 0x00, 0x04, 0x1A, 0x07, 0x9D, 0x20, 0x00,
    0x00, 0x00, 0x00, 0x00, 0x00, 0x00, 0x00, 0x00, 0x00, 0x00, 0x00, 0x00,
    0x00, 0x00, 0x00, 0x00, 0x00, 0x00, 0x08, 0x9D, 0x00, 0x00, 0x03, 0x83,
    0x07, 0x07, 0x20, 0x00, 0x00, 0x00, 0x03, 0x82, 0x07, 0x06, 0x20, 0x00,
    0x00, 0x00, 0x00, 0x00, 0x00, 0x00, 0x00, 0x00, 0x00, 0x00, 0x08, 0x9E,
    0x00, 0x00, 0x04, 0x1C, 0x07, 0x9F, 0x20, 0x00, 0x00, 0x00, 0x03, 0x2E,
    0x05, 0xE7, 0x20, 0x00, 0x00, 0x00, 0x00, 0x00, 0x00, 0x00, 0x00, 0x00,
    0x00, 0x00, 0x08, 0x9F, 0x00, 0x00, 0x04, 0x1D, 0x07, 0xA0, 0x20, 0x00,
    0x00, 0x00, 0x04, 0x1E, 0x07, 0xA1, 0x20, 0x00, 0x00, 0x00, 0x00, 0x00,
    0x00, 0x00, 0x00, 0x00, 0x00, 0x00, 0x08, 0xA0, 0x00, 0x00, 0x00, 0x00,
    0x00, 0x00, 0x00, 0x00, 0x00, 0x00, 0x00, 0x00, 0x00, 0x00, 0x00, 0x00,
    0x00, 0x00, 0x04, 0x1F, 0x07, 0xA2, 0x20, 0x00, 0x00, 0x00, 0x12, 0x5F,
    0x00, 0x00, 0x04, 0x20, 0x07, 0xA3, 0x20, 0x00, 0x00, 0x00, 0x03, 0x2F,
    0x05, 0xE8, 0x20, 0x00, 0x00, 0x00, 0x00, 0x00, 0x00, 0x00, 0x00, 0x00,
    0x00, 0x00, 0x08, 0xA2, 0x00, 0x00, 0x04, 0x21, 0x07, 0xA4, 0x20, 0x00,
    0x00, 0x00, 0x03, 0x30, 0x05, 0xE9, 0x20, 0x00, 0x00, 0x00, 0x00, 0x00,
    0x00, 0x00, 0x00, 0x00, 0x00, 0x00, 0x08, 0xA3, 0x00, 0x00, 0x04, 0x22,
    0x07, 0xA5, 0x20, 0x00, 0x00, 0x00, 0x04, 0x23, 0x07, 0xA6, 0x20, 0x00,
    0x00, 0x00, 0x00, 0x00, 0x00, 0x00, 0x00, 0x00, 0x00, 0x00, 0x08, 0xA4,
    0x00, 0x00, 0x03, 0x31, 0x05, 0xEA, 0x20, 0x00, 0x00, 0x00, 0x04, 0x24,
    0x07, 0xA7, 0x20, 0x00, 0x00, 0x00, 0x00, 0x00, 0x00, 0x00, 0x00, 0x00,
    0x00, 0x00, 0x08, 0xA5, 0x00, 0x00, 0x02, 0xA5, 0x05, 0x55, 0x20, 0x00,
    0x00, 0x00, 0x02, 0xA6, 0x05, 0x56, 0x20, 0x00, 0x00, 0x00, 0x00, 0x00,
    0x00, 0x00, 0x00, 0x00, 0x00, 0x00, 0x08, 0xA6, 0x00, 0x00, 0x02, 0xA7,
    0x05, 0x57, 0x20, 0x00, 0x00, 0x00, 0x04, 0x25, 0x07, 0xA8, 0x20, 0x00,
    0x00, 0x00, 0x00, 0x00, 0x00, 0x00, 0x00, 0x00, 0x00, 0x00, 0x08, 0xA7,
    0x00, 0x00, 0x00, 0x00, 0x00, 0x00, 0x00, 0x00, 0x00, 0x00, 0x00, 0x00,
    0x00, 0x00, 0x00, 0x00, 0x00, 0x00, 0x04, 0x26, 0x07, 0xA9, 0x20, 0x00,
    0x00, 0x00, 0x08, 0xA8, 0x00, 0x00, 0x04, 0x27, 0x07, 0xAA, 0x20, 0x00,
    0x00, 0x00, 0x02, 0xA8, 0x05, 0x58, 0x20, 0x00, 0x00, 0x00, 0x00, 0x00,
    0x00, 0x00, 0x00, 0x00, 0x00, 0x00, 0x08, 0xA9, 0x00, 0x00, 0x03, 0x6C,
    0x07, 0x14, 0x20, 0x00, 0x00, 0x00, 0x03, 0x8B, 0x07, 0x15, 0x20, 0x00,
    0x00, 0x00, 0x00, 0x00, 0x00, 0x00, 0x00, 0x00, 0x00, 0x00, 0x08, 0xAA,
    0x00, 0x00, 0x04, 0x28, 0x07, 0xAB, 0x20, 0x00, 0x00, 0x00, 0x02, 0xA9,
    0x05, 0x59, 0x20, 0x00, 0x00, 0x00, 0x00, 0x00, 0x00, 0x00, 0x00, 0x00,
    0x00, 0x00, 0x08, 0xAB, 0x00, 0x00, 0x00, 0x00, 0x00, 0x00, 0x00, 0x00,
    0x00, 0x00, 0x00, 0x00, 0x00, 0x00, 0x00, 0x00, 0x00, 0x00, 0x04, 0x29,
    0x07, 0xAC, 0x20, 0x00, 0x00, 0x00, 0x08, 0xAC, 0x00, 0x00, 0x04, 0x2A,
    0x07, 0xAD, 0x20, 0x00, 0x00, 0x00, 0x04, 0x2B, 0x07, 0xAE, 0x20, 0x00,
    0x00, 0x00, 0x00, 0x00, 0x00, 0x00, 0x00, 0x00, 0x00, 0x00, 0x08, 0xAD,
    0x00, 0x00, 0x02, 0xAA, 0x05, 0x5A, 0x20, 0x00, 0x00, 0x00, 0x02, 0xAB,
    0x05, 0x5B, 0x20, 0x00, 0x00, 0x00, 0x00, 0x00, 0x00, 0x00, 0x00, 0x00,
    0x00, 0x00, 0x08, 0xAE, 0x00, 0x00, 0x06, 0x68, 0x11, 0x29, 0x20, 0x00,
    0x00, 0x00, 0x06, 0x69, 0x11, 0x2A, 0x20, 0x00, 0x00, 0x00, 0x00, 0x00,
    0x00, 0x00, 0x00, 0x00, 0x00, 0x00, 0x08, 0xAF, 0x00, 0x00, 0x04, 0x2C,
    0x07, 0xAF, 0x20, 0x00, 0x00, 0x00, 0x02, 0xAC, 0x05, 0x5C, 0x20, 0x00,
    0x00, 0x00, 0x00, 0x00, 0x00, 0x00, 0x00, 0x00, 0x00, 0x00, 0x08, 0xB0,
    0x00, 0x00, 0x02, 0xAD, 0x05, 0x5D, 0x20, 0x00, 0x00, 0x00, 0x02, 0xAE,
    0x05, 0x5E, 0x20, 0x00, 0x00, 0x00, 0x00, 0x00, 0x00, 0x00, 0x00, 0x00,
    0x00, 0x00, 0x08, 0xB1, 0x00, 0x00, 0x04, 0x2D, 0x07, 0xB0, 0x20, 0x00,
    0x00, 0x00, 0x04, 0x2E, 0x07, 0xB1, 0x20, 0x00, 0x00, 0x00, 0x00, 0x00,
    0x00, 0x00, 0x00, 0x00, 0x00, 0x00, 0x08, 0xB2, 0x00, 0x00, 0x00, 0x00,
    0x00, 0x00, 0x00, 0x00, 0x00, 0x00, 0x00, 0x00, 0x00, 0x00, 0x00, 0x00,
    0x00, 0x00, 0x04, 0x2F, 0x07, 0xB2, 0x20, 0x00, 0x00, 0x00, 0x08, 0xB3,
    0x00, 0x00, 0x02, 0xAF, 0x05, 0x5F, 0x20, 0x00, 0x00, 0x00, 0x02, 0xB0,
    0x05, 0x60, 0x20, 0x00, 0x00, 0x00, 0x00, 0x00, 0x00, 0x00, 0x00, 0x00,
    0x00, 0x00, 0x08, 0xB4, 0x00, 0x00, 0x02, 0xB1, 0x05, 0x61, 0x20, 0x00,
    0x00, 0x00, 0x04, 0x30, 0x07, 0xB3, 0x20, 0x00, 0x00, 0x00, 0x00, 0x00,
    0x00, 0x00, 0x00, 0x00, 0x00, 0x00, 0x08, 0xB5, 0x00, 0x00, 0x04, 0x31,
    0x07, 0xB4, 0x20, 0x00, 0x00, 0x00, 0x02, 0xB2, 0x05, 0x62, 0x20, 0x00,
    0x00, 0x00, 0x00, 0x00, 0x00, 0x00, 0x00, 0x00, 0x00, 0x00, 0x08, 0xB6,
    0x00, 0x00, 0x02, 0xB3, 0x05, 0x63, 0x20, 0x00, 0x00, 0x00, 0x02, 0xB4,
    0x05, 0x64, 0x20, 0x00, 0x00, 0x00, 0x00, 0x00, 0x00, 0x00, 0x00, 0x00,
    0x00, 0x00, 0x08, 0xB7, 0x00, 0x00, 0x04, 0x32, 0x07, 0xB5, 0x20, 0x00,
    0x00, 0x00, 0x02, 0xB5, 0x05, 0x65, 0x20, 0x00, 0x00, 0x00, 0x00, 0x00,
    0x00, 0x00, 0x00, 0x00, 0x00, 0x00, 0x08, 0xB8, 0x00, 0x00, 0x04, 0x33,
    0x07, 0xB6, 0x20, 0x00, 0x00, 0x00, 0x02, 0xB6, 0x05, 0x66, 0x20, 0x00,
    0x00, 0x00, 0x00, 0x00, 0x00, 0x00, 0x00, 0x00, 0x00, 0x00, 0x08, 0xB9,
    0x00, 0x00, 0x04, 0x34, 0x07, 0xB7, 0x20, 0x00, 0x00, 0x00, 0x02, 0xB7,
    0x05, 0x67, 0x20, 0x00, 0x00, 0x00, 0x00, 0x00, 0x00, 0x00, 0x00, 0x00,
    0x00, 0x00, 0x08, 0xBA, 0x00, 0x00, 0x00, 0x00, 0x00, 0x00, 0x00, 0x00,
    0x00, 0x00, 0x00, 0x00, 0x00, 0x00, 0x00, 0x00, 0x00, 0x00, 0x04, 0x35,
    0x07, 0xB8, 0x20, 0x00, 0x00, 0x00, 0x08, 0xBB, 0x00, 0x00, 0x00, 0x00,
    0x00, 0x00, 0x00, 0x00, 0x00, 0x00, 0x00, 0x00, 0x00, 0x00, 0x00, 0x00,
    0x00, 0x00, 0x05, 0xD6, 0x10, 0x0B, 0x20, 0x00, 0x00, 0x00, 0x08, 0xBC,
    0x00, 0x00, 0x00, 0x00, 0x00, 0x00, 0x00, 0x00, 0x00, 0x00, 0x00, 0x00,
    0x00, 0x00, 0x00, 0x00, 0x00, 0x00, 0x04, 0x36, 0x07, 0xB9, 0x20, 0x00,
    0x00, 0x00, 0x08, 0xBD, 0x00, 0x00, 0x02, 0xB8, 0x05, 0x68, 0x20, 0x00,
    0x00, 0x00, 0x02, 0xB9, 0x05, 0x69, 0x20, 0x00, 0x00, 0x00, 0x00, 0x00,
    0x00, 0x00, 0x00, 0x00, 0x00, 0x00, 0x08, 0xBE, 0x00, 0x00, 0x04, 0x37,
    0x07, 0xBA, 0x20, 0x00, 0x00, 0x00, 0x02, 0xBA, 0x05, 0x6A, 0x20, 0x00,
    0x00, 0x00, 0x00, 0x00, 0x00, 0x00, 0x00, 0x00, 0x00, 0x00, 0x08, 0xBF,
    0x00, 0x00, 0x04, 0x38, 0x07, 0xBB, 0x20, 0x00, 0x00, 0x00, 0x04, 0x39,
    0x07, 0xBC, 0x20, 0x00, 0x00, 0x00, 0x00, 0x00, 0x00, 0x00, 0x00, 0x00,
    0x00, 0x00, 0x08, 0xC0, 0x00, 0x00, 0x02, 0xBB, 0x05, 0x6B, 0x20, 0x00,
    0x00, 0x00, 0x00, 0x00, 0x00, 0x00, 0x00, 0x00, 0x00, 0x00, 0x00, 0x00,
    0x00, 0x00, 0x00, 0x00, 0x00, 0x00, 0x08, 0xC1, 0x00, 0x00, 0x02, 0xBC,
    0x05, 0x6C, 0x20, 0x00, 0x00, 0x00, 0x00, 0x00, 0x00, 0x00, 0x00, 0x00,
    0x00, 0x00, 0x00, 0x00, 0x00, 0x00, 0x00, 0x00, 0x00, 0x00, 0x08, 0xC2,
    0x00, 0x00, 0x02, 0xBD, 0x05, 0x6D, 0x20, 0x00, 0x00, 0x00, 0x02, 0xBE,
    0x05, 0x6E, 0x20, 0x00, 0x00, 0x00, 0x00, 0x00, 0x00, 0x00, 0x00, 0x00,
    0x00, 0x00, 0x08, 0xC3, 0x00, 0x00, 0x04, 0x3A, 0x0C, 0x50, 0x20, 0x00,
    0x00, 0x00, 0x04, 0x3B, 0x0C, 0x47, 0x20, 0x00, 0x00, 0x00, 0x00, 0x00,
    0x00, 0x00, 0x00, 0x00, 0x00, 0x00, 0x08, 0xC4, 0x00, 0x00, 0x00, 0x00,
    0x00, 0x00, 0x00, 0x00, 0x00, 0x00, 0x00, 0x00, 0x00, 0x00, 0x00, 0x00,
    0x00, 0x00, 0x05, 0xA0, 0x0D, 0x72, 0x20, 0x00, 0x00, 0x00, 0x08, 0xC5,
    0x00, 0x00, 0x04, 0x3C, 0x07, 0xBD, 0x20, 0x00, 0x00, 0x00, 0x04, 0x3D,
    0x07, 0xBE, 0x20, 0x00, 0x00, 0x00, 0x00, 0x00, 0x00, 0x00, 0x00, 0x00,
    0x00, 0x00, 0x08, 0xC6, 0x00, 0x00, 0x04, 0x3E, 0x07, 0xBF, 0x20, 0x00,
    0x00, 0x00, 0x02, 0xC0, 0x05, 0x70, 0x20, 0x00, 0x00, 0x00, 0x00, 0x00,
    0x00, 0x00, 0x00, 0x00, 0x00, 0x00, 0x08, 0xC7, 0x00, 0x00, 0x02, 0xC1,
    0x05, 0x71, 0x20, 0x00, 0x00, 0x00, 0x02, 0xC2, 0x05, 0x72, 0x20, 0x00,
    0x00, 0x00, 0x00, 0x00, 0x00, 0x00, 0x00, 0x00, 0x00, 0x00, 0x08, 0xC8,
    0x00, 0x00, 0x05, 0xF5, 0x10, 0x47, 0x20, 0x00, 0x00, 0x00, 0x05, 0xF6,
    0x10, 0x48, 0x20, 0x00, 0x00, 0x00, 0x00, 0x00, 0x00, 0x00, 0x00, 0x00,
    0x00, 0x00, 0x08, 0xC9, 0x00, 0x00, 0x04, 0x3F, 0x07, 0xC0, 0x20, 0x00,
    0x00, 0x00, 0x02, 0xC3, 0x05, 0x73, 0x20, 0x00, 0x00, 0x00, 0x00, 0x00,
    0x00, 0x00, 0x00, 0x00, 0x00, 0x00, 0x08, 0xCA, 0x00, 0x00, 0x04, 0x40,
    0x07, 0xC1, 0x20, 0x00, 0x00, 0x00, 0x02, 0xC4, 0x05, 0x74, 0x20, 0x00,
    0x00, 0x00, 0x00, 0x00, 0x00, 0x00, 0x00, 0x00, 0x00, 0x00, 0x08, 0xCB,
    0x00, 0x00, 0x04, 0x41, 0x07, 0xC2, 0x20, 0x00, 0x00, 0x00, 0x02, 0xC5,
    0x05, 0x75, 0x20, 0x00, 0x00, 0x00, 0x00, 0x00, 0x00, 0x00, 0x00, 0x00,
    0x00, 0x00, 0x08, 0xCC, 0x00, 0x00, 0x04, 0x42, 0x07, 0xC3, 0x20, 0x00,
    0x00, 0x00, 0x02, 0xC6, 0x05, 0x76, 0x20, 0x00, 0x00, 0x00, 0x00, 0x00,
    0x00, 0x00, 0x00, 0x00, 0x00, 0x00, 0x08, 0xCD, 0x00, 0x00, 0x04, 0x43,
    0x07, 0xC4, 0x20, 0x00, 0x00, 0x00, 0x04, 0x44, 0x07, 0xC5, 0x20, 0x00,
    0x00, 0x00, 0x00, 0x00, 0x00, 0x00, 0x00, 0x00, 0x00, 0x00, 0x08, 0xCE,
    0x00, 0x00, 0x00, 0x00, 0x00, 0x00, 0x00, 0x00, 0x00, 0x00, 0x00, 0x00,
    0x00, 0x00, 0x00, 0x00, 0x00, 0x00, 0x04, 0x45, 0x07, 0xC6, 0x20, 0x00,
    0x00, 0x00, 0x08, 0xCF, 0x00, 0x00, 0x02, 0xC8, 0x05, 0x78, 0x20, 0x00,
    0x00, 0x00, 0x02, 0xCA, 0x05, 0x7A, 0x20, 0x00, 0x00, 0x00, 0x00, 0x00,
    0x00, 0x00, 0x00, 0x00, 0x00, 0x00, 0x08, 0xD0, 0x00, 0x00, 0x00, 0x00,
    0x00, 0x00, 0x00, 0x00, 0x00, 0x00, 0x00, 0x00, 0x00, 0x00, 0x00, 0x00,
    0x00, 0x00, 0x05, 0x52, 0x0C, 0xA7, 0x20, 0x00, 0x00, 0x00, 0x08, 0xD1,
    0x00, 0x00, 0x02, 0xCB, 0x05, 0x7B, 0x20, 0x00, 0x00, 0x00, 0x02, 0xCC,
    0x05, 0x7C, 0x20, 0x00, 0x00, 0x00, 0x00, 0x00, 0x00, 0x00, 0x00, 0x00,
    0x00, 0x00, 0x0D, 0x60, 0x00, 0x00, 0x02, 0xCD, 0x05, 0x7D, 0x20, 0x00,
    0x00, 0x00, 0x02, 0xCE, 0x05, 0x7E, 0x20, 0x00, 0x00, 0x00, 0x00, 0x00,
    0x00, 0x00, 0x00, 0x00, 0x00, 0x00, 0x08, 0xD3, 0x00, 0x00, 0x02, 0xCF,
    0x05, 0xCB, 0x20, 0x00, 0x00, 0x00, 0x02, 0xD0, 0x05, 0x7F, 0x20, 0x00,
    0x00, 0x00, 0x00, 0x00, 0x00, 0x00, 0x00, 0x00, 0x00, 0x00, 0x08, 0xD4,
    0x00, 0x00, 0x00, 0xCC, 0x03, 0x6D, 0x20, 0x00, 0x00, 0x00, 0x02, 0xD1,
    0x05, 0x80, 0x20, 0x00, 0x00, 0x00, 0x00, 0x00, 0x00, 0x00, 0x00, 0x00,
    0x00, 0x00, 0x08, 0xD5, 0x00, 0x00, 0x02, 0xD2, 0x05, 0x81, 0x20, 0x00,
    0x00, 0x00, 0x02, 0xD3, 0x05, 0x82, 0x20, 0x00, 0x00, 0x00, 0x00, 0x00,
    0x00, 0x00, 0x00, 0x00, 0x00, 0x00, 0x08, 0xD6, 0x00, 0x00, 0x00, 0xCD,
    0x03, 0x6E, 0x20, 0x00, 0x00, 0x00, 0x00, 0x00, 0x00, 0x00, 0x00, 0x00,
    0x00, 0x00, 0x00, 0x00, 0x00, 0x00, 0x00, 0x00, 0x00, 0x00, 0x08, 0xD7,
    0x00, 0x00, 0x04, 0x47, 0x07, 0xC8, 0x20, 0x00, 0x00, 0x00, 0x04, 0x48,
    0x07, 0xC9, 0x20, 0x00, 0x00, 0x00, 0x00, 0x00, 0x00, 0x00, 0x00, 0x00,
    0x00, 0x00, 0x08, 0xD8, 0x00, 0x00, 0x04, 0x49, 0x07, 0xCA, 0x20, 0x00,
    0x00, 0x00, 0x04, 0x4A, 0x07, 0xCB, 0x20, 0x00, 0x00, 0x00, 0x00, 0x00,
    0x00, 0x00, 0x00, 0x00, 0x00, 0x00, 0x08, 0xD9, 0x00, 0x00, 0x04, 0x4B,
    0x07, 0xCC, 0x20, 0x00, 0x00, 0x00, 0x02, 0xD4, 0x05, 0x83, 0x20, 0x00,
    0x00, 0x00, 0x00, 0x00, 0x00, 0x00, 0x00, 0x00, 0x00, 0x00, 0x08, 0xDA,
    0x00, 0x00, 0x00, 0x00, 0x00, 0x00, 0x00, 0x00, 0x00, 0x00, 0x00, 0x00,
    0x00, 0x00, 0x00, 0x00, 0x00, 0x00, 0x04, 0x4C, 0x07, 0xCD, 0x20, 0x00,
    0x00, 0x00, 0x08, 0xDB, 0x00, 0x00, 0x04, 0x4D, 0x07, 0xCE, 0x20, 0x00,
    0x00, 0x00, 0x04, 0x4E, 0x07, 0xCF, 0x20, 0x00, 0x00, 0x00, 0x00, 0x00,
    0x00, 0x00, 0x00, 0x00, 0x00, 0x00, 0x08, 0xDC, 0x00, 0x00, 0x00, 0x00,
    0x00, 0x00, 0x00, 0x00, 0x00, 0x00, 0x00, 0x00, 0x00, 0x00, 0x00, 0x00,
    0x00, 0x00, 0x04, 0x4F, 0x07, 0xD0, 0x20, 0x00, 0x00, 0x00, 0x08, 0xDD,
    0x00, 0x00, 0x02, 0xD5, 0x05, 0x84, 0x20, 0x00, 0x00, 0x00, 0x02, 0xDF,
    0x05, 0x8E, 0x20, 0x00, 0x00, 0x00, 0x00, 0x00, 0x00, 0x00, 0x00, 0x00,
    0x00, 0x00, 0x08, 0xDE, 0x00, 0x00, 0x04, 0x50, 0x07, 0xD1, 0x20, 0x00,
    0x00, 0x00, 0x00, 0x00, 0x00, 0x00, 0x00, 0x00, 0x00, 0x00, 0x06, 0x29,
    0x10, 0x9D, 0x20, 0x00, 0x00, 0x00, 0x08, 0xDF, 0x00, 0x00, 0x05, 0x44,
    0x0C, 0x8A, 0x20, 0x00, 0x00, 0x00, 0x05, 0x45, 0x0C, 0x8B, 0x20, 0x00,
    0x00, 0x00, 0x05, 0x47, 0x0C, 0x8C, 0x20, 0x00, 0x00, 0x00, 0x08, 0xE0,
    0x00, 0x00, 0x04, 0x52, 0x07, 0xD3, 0x20, 0x00, 0x00, 0x00, 0x00, 0x00,
    0x00, 0x00, 0x00, 0x00, 0x00, 0x00, 0x00, 0x00, 0x00, 0x00, 0x00, 0x00,
    0x00, 0x00, 0x08, 0xE1, 0x00, 0x00, 0x04, 0x53, 0x07, 0xD4, 0x20, 0x00,
    0x00, 0x00, 0x00, 0x00, 0x00, 0x00, 0x00, 0x00, 0x00, 0x00, 0x04, 0x54,
    0x07, 0xD5, 0x20, 0x00, 0x00, 0x00, 0x08, 0xE2, 0x00, 0x00, 0x00, 0x00,
    0x00, 0x00, 0x00, 0x00, 0x00, 0x00, 0x00, 0x00, 0x00, 0x00, 0x00, 0x00,
    0x00, 0x00, 0x04, 0x55, 0x07, 0xD6, 0x20, 0x00, 0x00, 0x00, 0x08, 0xE3,
    0x00, 0x00, 0x00, 0x00, 0x00, 0x00, 0x00, 0x00, 0x00, 0x00, 0x00, 0x00,
    0x00, 0x00, 0x00, 0x00, 0x00, 0x00, 0x04, 0x56, 0x07, 0xD7, 0x20, 0x00,
    0x00, 0x00, 0x08, 0xE4, 0x00, 0x00, 0x04, 0x57, 0x07, 0xD8, 0x20, 0x00,
    0x00, 0x00, 0x04, 0x58, 0x07, 0xD9, 0x20, 0x00, 0x00, 0x00, 0x00, 0x00,
    0x00, 0x00, 0x00, 0x00, 0x00, 0x00, 0x08, 0xE5, 0x00, 0x00, 0x05, 0xF7,
    0x10, 0x4A, 0x20, 0x00, 0x00, 0x00, 0x00, 0x00, 0x00, 0x00, 0x00, 0x00,
    0x00, 0x00, 0x00, 0x00, 0x00, 0x00, 0x00, 0x00, 0x00, 0x00, 0x08, 0xE6,
    0x00, 0x00, 0x00, 0x00, 0x00, 0x00, 0x00, 0x00, 0x00, 0x00, 0x00, 0x00,
    0x00, 0x00, 0x00, 0x00, 0x00, 0x00, 0x04, 0x59, 0x07, 0xDA, 0x20, 0x00,
    0x00, 0x00, 0x08, 0xE7, 0x00, 0x00, 0x04, 0x5A, 0x07, 0xDB, 0x20, 0x00,
    0x00, 0x00, 0x04, 0x5B, 0x07, 0xDC, 0x20, 0x00, 0x00, 0x00, 0x00, 0x00,
    0x00, 0x00, 0x00, 0x00, 0x00, 0x00, 0x08, 0xE8, 0x00, 0x00, 0x04, 0x5C,
    0x07, 0xDD, 0x20, 0x00, 0x00, 0x00, 0x04, 0x5D, 0x07, 0xDE, 0x20, 0x00,
    0x00, 0x00, 0x00, 0x00, 0x00, 0x00, 0x00, 0x00, 0x00, 0x00, 0x08, 0xE9,
    0x00, 0x00, 0x04, 0x5E, 0x07, 0xDF, 0x20, 0x00, 0x00, 0x00, 0x04, 0x5F,
    0x07, 0xE0, 0x20, 0x00, 0x00, 0x00, 0x00, 0x00, 0x00, 0x00, 0x00, 0x00,
    0x00, 0x00, 0x08, 0xEA, 0x00, 0x00, 0x02, 0xE0, 0x05, 0x8F, 0x20, 0x00,
    0x00, 0x00, 0x02, 0xE1, 0x05, 0x90, 0x20, 0x00, 0x00, 0x00, 0x00, 0x00,
    0x00, 0x00, 0x00, 0x00, 0x00, 0x00, 0x08, 0xEB, 0x00, 0x00, 0x04, 0x60,
    0x07, 0xE1, 0x20, 0x00, 0x00, 0x00, 0x02, 0xE2, 0x05, 0x91, 0x20, 0x00,
    0x00, 0x00, 0x00, 0x00, 0x00, 0x00, 0x00, 0x00, 0x00, 0x00, 0x08, 0xEC,
    0x00, 0x00, 0x02, 0xE3, 0x05, 0x92, 0x20, 0x00, 0x00, 0x00, 0x02, 0xE4,
    0x05, 0x93, 0x20, 0x00, 0x00, 0x00, 0x00, 0x00, 0x00, 0x00, 0x00, 0x00,
    0x00, 0x00, 0x08, 0xED, 0x00, 0x00, 0x03, 0x63, 0x06, 0xD7, 0x20, 0x00,
    0x00, 0x00, 0x05, 0x49, 0x0C, 0x8E, 0x20, 0x00, 0x00, 0x00, 0x05, 0x48,
    0x0C, 0x8D, 0x20, 0x00, 0x00, 0x00, 0x08, 0xEE, 0x00, 0x00, 0x04, 0x61,
    0x07, 0xE2, 0x20, 0x00, 0x00, 0x00, 0x04, 0x62, 0x07, 0xE3, 0x20, 0x00,
    0x00, 0x00, 0x00, 0x00, 0x00, 0x00, 0x00, 0x00, 0x00, 0x00, 0x08, 0xEF,
    0x00, 0x00, 0x00, 0x00, 0x00, 0x00, 0x00, 0x00, 0x00, 0x00, 0x00, 0x00,
    0x00, 0x00, 0x00, 0x00, 0x00, 0x00, 0x04, 0x63, 0x07, 0xE4, 0x20, 0x00,
    0x00, 0x00, 0x08, 0xF0, 0x00, 0x00, 0x04, 0x64, 0x07, 0xE5, 0x20, 0x00,
    0x00, 0x00, 0x00, 0x00, 0x00, 0x00, 0x00, 0x00, 0x00, 0x00, 0x00, 0x00,
    0x00, 0x00, 0x00, 0x00, 0x00, 0x00, 0x08, 0xF1, 0x00, 0x00, 0x02, 0xE5,
    0x05, 0x94, 0x20, 0x00, 0x00, 0x00, 0x02, 0xE6, 0x05, 0x95, 0x20, 0x00,
    0x00, 0x00, 0x06, 0x6A, 0x11, 0x50, 0x20, 0x00, 0x00, 0x00, 0x08, 0xF2,
    0x00, 0x00, 0x05, 0x55, 0x0C, 0xA8, 0x20, 0x00, 0x00, 0x00, 0x05, 0x56,
    0x0C, 0xA9, 0x20, 0x00, 0x00, 0x00, 0x00, 0x00, 0x00, 0x00, 0x00, 0x00,
    0x00, 0x00, 0x08, 0xF3, 0x00, 0x00, 0x04, 0x66, 0x0C, 0x49, 0x20, 0x00,
    0x00, 0x00, 0x04, 0x67, 0x0C, 0x48, 0x20, 0x00, 0x00, 0x00, 0x04, 0x68,
    0x0C, 0x4A, 0x20, 0x00, 0x00, 0x00, 0x08, 0xF4, 0x00, 0x00, 0x04, 0x69,
    0x07, 0xE7, 0x20, 0x00, 0x00, 0x00, 0x02, 0xE7, 0x05, 0x96, 0x20, 0x00,
    0x00, 0x00, 0x00, 0x00, 0x00, 0x00, 0x00, 0x00, 0x00, 0x00, 0x08, 0xF5,
    0x00, 0x00, 0x00, 0x00, 0x00, 0x00, 0x00, 0x00, 0x00, 0x00, 0x00, 0x00,
    0x00, 0x00, 0x00, 0x00, 0x00, 0x00, 0x04, 0x6A, 0x07, 0xE8, 0x20, 0x00,
    0x00, 0x00, 0x08, 0xF6, 0x00, 0x00, 0x00, 0x00, 0x00, 0x00, 0x00, 0x00,
    0x00, 0x00, 0x00, 0x00, 0x00, 0x00, 0x00, 0x00, 0x00, 0x00, 0x04, 0x6B,
    0x07, 0xE9, 0x20, 0x00, 0x00, 0x00, 0x08, 0xF7, 0x00, 0x00, 0x02, 0xE8,
    0x05, 0x97, 0x20, 0x00, 0x00, 0x00, 0x02, 0xE9, 0x05, 0x98, 0x20, 0x00,
    0x00, 0x00, 0x00, 0x00, 0x00, 0x00, 0x00, 0x00, 0x00, 0x00, 0x08, 0xF8,
    0x00, 0x00, 0x02, 0xEA, 0x05, 0x99, 0x20, 0x00, 0x00, 0x00, 0x02, 0xEB,
    0x05, 0x9A, 0x20, 0x00, 0x00, 0x00, 0x00, 0x00, 0x00, 0x00, 0x00, 0x00,
    0x00, 0x00, 0x08, 0xF9, 0x00, 0x00, 0x05, 0xF8, 0x10, 0xBF, 0x20, 0x00,
    0x00, 0x00, 0x05, 0xF9, 0x10, 0xC0, 0x20, 0x00, 0x00, 0x00, 0x00, 0x00,
    0x00, 0x00, 0x00, 0x00, 0x00, 0x00, 0x08, 0xFA, 0x00, 0x00, 0x02, 0xEC,
    0x05, 0x9B, 0x20, 0x00, 0x00, 0x00, 0x04, 0x6C, 0x07, 0xEA, 0x20, 0x00,
    0x00, 0x00, 0x00, 0x00, 0x00, 0x00, 0x00, 0x00, 0x00, 0x00, 0x08, 0xFB,
    0x00, 0x00, 0x02, 0xED, 0x05, 0x9C, 0x20, 0x00, 0x00, 0x00, 0x02, 0xEE,
    0x05, 0x9D, 0x20, 0x00, 0x00, 0x00, 0x00, 0x00, 0x00, 0x00, 0x00, 0x00,
    0x00, 0x00, 0x08, 0xFC, 0x00, 0x00, 0x00, 0x00, 0x00, 0x00, 0x00, 0x00,
    0x00, 0x00, 0x00, 0x00, 0x00, 0x00, 0x00, 0x00, 0x00, 0x00, 0x04, 0x6D,
    0x07, 0xEB, 0x20, 0x00, 0x00, 0x00, 0x08, 0xFD, 0x00, 0x00, 0x02, 0xEF,
    0x05, 0x9E, 0x20, 0x00, 0x00, 0x00, 0x02, 0xF0, 0x05, 0x9F, 0x20, 0x00,
    0x00, 0x00, 0x00, 0x00, 0x00, 0x00, 0x00, 0x00, 0x00, 0x00, 0x08, 0xFE,
    0x00, 0x00, 0x04, 0x6E, 0x07, 0xEC, 0x20, 0x00, 0x00, 0x00, 0x02, 0xF1,
    0x05, 0xA0, 0x20, 0x00, 0x00, 0x00, 0x00, 0x00, 0x00, 0x00, 0x00, 0x00,
    0x00, 0x00, 0x08, 0xFF, 0x00, 0x00, 0x00, 0x00, 0x00, 0x00, 0x00, 0x00,
    0x00, 0x00, 0x00, 0x00, 0x00, 0x00, 0x00, 0x00, 0x00, 0x00, 0x05, 0x57,
    0x0C, 0xAB, 0x20, 0x00, 0x00, 0x00, 0x09, 0x00, 0x00, 0x00, 0x04, 0x6F,
    0x07, 0xED, 0x20, 0x00, 0x00, 0x00, 0x04, 0x70, 0x07, 0xEE, 0x20, 0x00,
    0x00, 0x00, 0x00, 0x00, 0x00, 0x00, 0x00, 0x00, 0x00, 0x00, 0x09, 0x01,
    0x00, 0x00, 0x05, 0x59, 0x0C, 0xAD, 0x20, 0x00, 0x00, 0x00, 0x05, 0x58,
    0x0C, 0xAC, 0x20, 0x00, 0x00, 0x00, 0x00, 0x00, 0x00, 0x00, 0x00, 0x00,
    0x00, 0x00, 0x09, 0x02, 0x00, 0x00, 0x04, 0x71, 0x07, 0xEF, 0x20, 0x00,
    0x00, 0x00, 0x02, 0xF2, 0x05, 0xA1, 0x20, 0x00, 0x00, 0x00, 0x00, 0x00,
    0x00, 0x00, 0x00, 0x00, 0x00, 0x00, 0x09, 0x03, 0x00, 0x00, 0x02, 0xF3,
    0x05, 0xA2, 0x20, 0x00, 0x00, 0x00, 0x02, 0xF4, 0x05, 0xA3, 0x20, 0x00,
    0x00, 0x00, 0x00, 0x00, 0x00, 0x00, 0x00, 0x00, 0x00, 0x00, 0x09, 0x04,
    0x00, 0x00, 0x02, 0xF5, 0x05, 0xA4, 0x20, 0x00, 0x00, 0x00, 0x02, 0xF6,
    0x05, 0xA5, 0x20, 0x00, 0x00, 0x00, 0x00, 0x00, 0x00, 0x00, 0x00, 0x00,
    0x00, 0x00, 0x09, 0x05, 0x00, 0x00, 0x04, 0x72, 0x07, 0xF0, 0x20, 0x00,
    0x00, 0x00, 0x02, 0xF7, 0x05, 0xA6, 0x20, 0x00, 0x00, 0x00, 0x00, 0x00,
    0x00, 0x00, 0x00, 0x00, 0x00, 0x00, 0x09, 0x06, 0x00, 0x00, 0x04, 0x73,
    0x07, 0xF1, 0x20, 0x00, 0x00, 0x00, 0x02, 0xF8, 0x05, 0xA7, 0x20, 0x00,
    0x00, 0x00, 0x00, 0x00, 0x00, 0x00, 0x00, 0x00, 0x00, 0x00, 0x09, 0x07,
    0x00, 0x00, 0x02, 0xF9, 0x05, 0xA8, 0x20, 0x00, 0x00, 0x00, 0x02, 0xFA,
    0x05, 0xA9, 0x20, 0x00, 0x00, 0x00, 0x00, 0x00, 0x00, 0x00, 0x00, 0x00,
    0x00, 0x00, 0x09, 0x08, 0x00, 0x00, 0x00, 0x00, 0x00, 0x00, 0x00, 0x00,
    0x00, 0x00, 0x00, 0x00, 0x00, 0x00, 0x00, 0x00, 0x00, 0x00, 0x04, 0x74,
    0x07, 0xF2, 0x20, 0x00, 0x00, 0x00, 0x09, 0x09, 0x00, 0x00, 0x02, 0xFB,
    0x05, 0xAA, 0x20, 0x00, 0x00, 0x00, 0x00, 0x00, 0x00, 0x00, 0x00, 0x00,
    0x00, 0x00, 0x00, 0x00, 0x00, 0x00, 0x00, 0x00, 0x00, 0x00, 0x09, 0x0A,
    0x00, 0x00, 0x02, 0xFC, 0x05, 0xAB, 0x20, 0x00, 0x00, 0x00, 0x02, 0xFD,
    0x05, 0xAC, 0x20, 0x00, 0x00, 0x00, 0x00, 0x00, 0x00, 0x00, 0x00, 0x00,
    0x00, 0x00, 0x09, 0x0B, 0x00, 0x00, 0x02, 0xFE, 0x05, 0xAD, 0x20, 0x00,
    0x00, 0x00, 0x02, 0xFF, 0x05, 0xAE, 0x20, 0x00, 0x00, 0x00, 0x00, 0x00,
    0x00, 0x00, 0x00, 0x00, 0x00, 0x00, 0x09, 0x0C, 0x00, 0x00, 0x03, 0x00,
    0x05, 0xAF, 0x20, 0x00, 0x00, 0x00, 0x03, 0x01, 0x05, 0xB0, 0x20, 0x00,
    0x00, 0x00, 0x00, 0x00, 0x00, 0x00, 0x00, 0x00, 0x00, 0x00, 0x09, 0x0D,
    0x00, 0x00, 0x04, 0x75, 0x07, 0xF3, 0x20, 0x00, 0x00, 0x00, 0x04, 0x76,
    0x07, 0xF4, 0x20, 0x00, 0x00, 0x00, 0x00, 0x00, 0x00, 0x00, 0x00, 0x00,
    0x00, 0x00, 0x09, 0x0E, 0x00, 0x00, 0x03, 0x02, 0x05, 0xCA, 0x20, 0x00,
    0x00, 0x00, 0x03, 0x03, 0x05, 0xB1, 0x20, 0x00, 0x00, 0x00, 0x00, 0x00,
    0x00, 0x00, 0x00, 0x00, 0x00, 0x00, 0x09, 0x0F, 0x00, 0x00, 0x03, 0x04,
    0x05, 0xB2, 0x20, 0x00, 0x00, 0x00, 0x03, 0x05, 0x05, 0xB3, 0x20, 0x00,
    0x00, 0x00, 0x00, 0x00, 0x00, 0x00, 0x00, 0x00, 0x00, 0x00, 0x09, 0x10,
    0x00, 0x00, 0x04, 0x77, 0x07, 0xF5, 0x20, 0x00, 0x00, 0x00, 0x03, 0x06,
    0x05, 0xB4, 0x20, 0x00, 0x00, 0x00, 0x00, 0x00, 0x00, 0x00, 0x00, 0x00,
    0x00, 0x00, 0x09, 0x11, 0x00, 0x00, 0x03, 0x07, 0x05, 0xB5, 0x20, 0x00,
    0x00, 0x00, 0x03, 0x08, 0x05, 0xB6, 0x20, 0x00, 0x00, 0x00, 0x00, 0x00,
    0x00, 0x00, 0x00, 0x00, 0x00, 0x00, 0x09, 0x12, 0x00, 0x00, 0x03, 0x09,
    0x05, 0xB7, 0x20, 0x00, 0x00, 0x00, 0x00, 0x00, 0x00, 0x00, 0x00, 0x00,
    0x00, 0x00, 0x00, 0x00, 0x00, 0x00, 0x00, 0x00, 0x00, 0x00, 0x09, 0x13,
    0x00, 0x00, 0x03, 0x0A, 0x05, 0xB8, 0x20, 0x00, 0x00, 0x00, 0x03, 0x0B,
    0x05, 0xB9, 0x20, 0x00, 0x00, 0x00, 0x00, 0x00, 0x00, 0x00, 0x00, 0x00,
    0x00, 0x00, 0x09, 0x14, 0x00, 0x00, 0x03, 0x0C, 0x05, 0xBA, 0x20, 0x00,
    0x00, 0x00, 0x03, 0x0D, 0x05, 0xBB, 0x20, 0x00, 0x00, 0x00, 0x00, 0x00,
    0x00, 0x00, 0x00, 0x00, 0x00, 0x00, 0x09, 0x15, 0x00, 0x00, 0x04, 0x78,
    0x07, 0xF6, 0x20, 0x00, 0x00, 0x00, 0x03, 0x0E, 0x05, 0xBC, 0x20, 0x00,
    0x00, 0x00, 0x00, 0x00, 0x00, 0x00, 0x00, 0x00, 0x00, 0x00, 0x09, 0x16,
    0x00, 0x00, 0x04, 0x79, 0x07, 0xF7, 0x20, 0x00, 0x00, 0x00, 0x03, 0x0F,
    0x05, 0xBD, 0x20, 0x00, 0x00, 0x00, 0x00, 0x00, 0x00, 0x00, 0x00, 0x00,
    0x00, 0x00, 0x09, 0x17, 0x00, 0x00, 0x04, 0x7A, 0x07, 0xF8, 0x20, 0x00,
    0x00, 0x00, 0x03, 0x10, 0x05, 0xBE, 0x20, 0x00, 0x00, 0x00, 0x00, 0x00,
    0x00, 0x00, 0x00, 0x00, 0x00, 0x00, 0x09, 0x18, 0x00, 0x00, 0x04, 0x7B,
    0x07, 0xF9, 0x20, 0x00, 0x00, 0x00, 0x04, 0x7C, 0x07, 0xFA, 0x20, 0x00,
    0x00, 0x00, 0x00, 0x00, 0x00, 0x00, 0x00, 0x00, 0x00, 0x00, 0x09, 0x19,
    0x00, 0x00, 0x03, 0x11, 0x05, 0xBF, 0x20, 0x00, 0x00, 0x00, 0x03, 0x12,
    0x05, 0xC0, 0x20, 0x00, 0x00, 0x00, 0x00, 0x00, 0x00, 0x00, 0x00, 0x00,
    0x00, 0x00, 0x09, 0x1A, 0x00, 0x00, 0x06, 0x2F, 0x10, 0xC1, 0x20, 0x00,
    0x00, 0x00, 0x06, 0x30, 0x11, 0x11, 0x20, 0x00, 0x00, 0x00, 0x00, 0x00,
    0x00, 0x00, 0x00, 0x00, 0x00, 0x00, 0x09, 0x1B, 0x00, 0x00, 0x03, 0x13,
    0x05, 0xC1, 0x20, 0x00, 0x00, 0x00, 0x03, 0x14, 0x05, 0xC2, 0x20, 0x00,
    0x00, 0x00, 0x00, 0x00, 0x00, 0x00, 0x00, 0x00, 0x00, 0x00, 0x09, 0x1C,
    0x00, 0x00, 0x05, 0x4A, 0x0C, 0x8F, 0x20, 0x00, 0x00, 0x00, 0x05, 0x4B,
    0x0C, 0x90, 0x20, 0x00, 0x00, 0x00, 0x00, 0x00, 0x00, 0x00, 0x00, 0x00,
    0x00, 0x00, 0x09, 0x1D, 0x00, 0x00, 0x03, 0x15, 0x05, 0xC3, 0x20, 0x00,
    0x00, 0x00, 0x02, 0x72, 0x05, 0x22, 0x20, 0x00, 0x00, 0x00, 0x00, 0x00,
    0x00, 0x00, 0x00, 0x00, 0x00, 0x00, 0x09, 0x1E, 0x00, 0x00, 0x00, 0x00,
    0x00, 0x00, 0x00, 0x00, 0x00, 0x00, 0x00, 0x00, 0x00, 0x00, 0x00, 0x00,
    0x00, 0x00, 0x04, 0x7D, 0x0C, 0x4B, 0x20, 0x00, 0x00, 0x00, 0x09, 0x1F,
    0x00, 0x00, 0x04, 0x7E, 0x07, 0xFB, 0x20, 0x00, 0x00, 0x00, 0x02, 0x71,
    0x05, 0x21, 0x20, 0x00, 0x00, 0x00, 0x00, 0x00, 0x00, 0x00, 0x00, 0x00,
    0x00, 0x00, 0x09, 0x20, 0x00, 0x00, 0x00, 0x00, 0x00, 0x00, 0x00, 0x00,
    0x00, 0x00, 0x00, 0x00, 0x00, 0x00, 0x00, 0x00, 0x00, 0x00, 0x04, 0x7F,
    0x07, 0xFC, 0x20, 0x00, 0x00, 0x00, 0x09, 0x21, 0x00, 0x00, 0x04, 0x80,
    0x07, 0xFD, 0x20, 0x00, 0x00, 0x00, 0x02, 0x70, 0x05, 0x20, 0x20, 0x00,
    0x00, 0x00, 0x00, 0x00, 0x00, 0x00, 0x00, 0x00, 0x00, 0x00, 0x09, 0x22,
    0x00, 0x00, 0x06, 0x27, 0x10, 0x9B, 0x20, 0x00, 0x00, 0x00, 0x06, 0x28,
    0x10, 0x9C, 0x20, 0x00, 0x00, 0x00, 0x00, 0x00, 0x00, 0x00, 0x00, 0x00,
    0x00, 0x00, 0x09, 0x23, 0x00, 0x00, 0x00, 0x00, 0x00, 0x00, 0x00, 0x00,
    0x00, 0x00, 0x00, 0x00, 0x00, 0x00, 0x00, 0x00, 0x00, 0x00, 0x04, 0x81,
    0x07, 0xFE, 0x20, 0x00, 0x00, 0x00, 0x09, 0x24, 0x00, 0x00, 0x04, 0x82,
    0x07, 0xFF, 0x20, 0x00, 0x00, 0x00, 0x04, 0x83, 0x08, 0x00, 0x20, 0x00,
    0x00, 0x00, 0x04, 0x84, 0x08, 0x01, 0x20, 0x00, 0x00, 0x00, 0x09, 0x25,
    0x00, 0x00, 0x05, 0x4C, 0x0C, 0x91, 0x20, 0x00, 0x00, 0x00, 0x05, 0x4D,
    0x0C, 0x92, 0x20, 0x00, 0x00, 0x00, 0x00, 0x00, 0x00, 0x00, 0x00, 0x00,
    0x00, 0x00, 0x09, 0x26, 0x00, 0x00, 0x04, 0x85, 0x08, 0x02, 0x20, 0x00,
    0x00, 0x00, 0x02, 0x6F, 0x05, 0x1F, 0x20, 0x00, 0x00, 0x00, 0x00, 0x00,
    0x00, 0x00, 0x00, 0x00, 0x00, 0x00, 0x09, 0x27, 0x00, 0x00, 0x03, 0x16,
    0x05, 0xC4, 0x20, 0x00, 0x00, 0x00, 0x05, 0x66, 0x0C, 0xBA, 0x20, 0x00,
    0x00, 0x00, 0x05, 0x5F, 0x0C, 0xB3, 0x20, 0x00, 0x00, 0x00, 0x09, 0x28,
    0x00, 0x00, 0x05, 0xCA, 0x0F, 0xF6, 0x20, 0x00, 0x00, 0x00, 0x05, 0xCB,
    0x0F, 0xF7, 0x20, 0x00, 0x00, 0x00, 0x00, 0x00, 0x00, 0x00, 0x00, 0x00,
    0x00, 0x00, 0x09, 0x29, 0x00, 0x00, 0x03, 0x17, 0x05, 0xC5, 0x20, 0x00,
    0x00, 0x00, 0x02, 0x6E, 0x05, 0x1E, 0x20, 0x00, 0x00, 0x00, 0x00, 0x00,
    0x00, 0x00, 0x00, 0x00, 0x00, 0x00, 0x09, 0x2A, 0x00, 0x00, 0x03, 0x18,
    0x05, 0xC6, 0x20, 0x00, 0x00, 0x00, 0x00, 0x00, 0x00, 0x00, 0x00, 0x00,
    0x00, 0x00, 0x00, 0x00, 0x00, 0x00, 0x00, 0x00, 0x00, 0x00, 0x09, 0x2B,
    0x00, 0x00, 0x00, 0x00, 0x00, 0x00, 0x00, 0x00, 0x00, 0x00, 0x00, 0x00,
    0x00, 0x00, 0x00, 0x00, 0x00, 0x00, 0x04, 0x86, 0x08, 0x03, 0x20, 0x00,
    0x00, 0x00, 0x09, 0x2C, 0x00, 0x00, 0x05, 0x61, 0x0C, 0xB5, 0x20, 0x00,
    0x00, 0x00, 0x02, 0x6C, 0x05, 0x1C, 0x20, 0x00, 0x00, 0x00, 0x00, 0x00,
    0x00, 0x00, 0x00, 0x00, 0x00, 0x00, 0x09, 0x2D, 0x00, 0x00, 0x00, 0x00,
    0x00, 0x00, 0x00, 0x00, 0x00, 0x00, 0x00, 0x00, 0x00, 0x00, 0x00, 0x00,
    0x00, 0x00, 0x04, 0x87, 0x08, 0x04, 0x20, 0x00, 0x00, 0x00, 0x09, 0x2E,
    0x00, 0x00, 0x04, 0x88, 0x08, 0x05, 0x20, 0x00, 0x00, 0x00, 0x04, 0x89,
    0x08, 0x06, 0x20, 0x00, 0x00, 0x00, 0x00, 0x00, 0x00, 0x00, 0x00, 0x00,
    0x00, 0x00, 0x09, 0x2F, 0x00, 0x00, 0x05, 0xFA, 0x10, 0x50, 0x20, 0x00,
    0x00, 0x00, 0x05, 0xFB, 0x10, 0x51, 0x20, 0x00, 0x00, 0x00, 0x00, 0x00,
    0x00, 0x00, 0x00, 0x00, 0x00, 0x00, 0x09, 0x30, 0x00, 0x00, 0x03, 0x19,
    0x05, 0xC7, 0x20, 0x00, 0x00, 0x00, 0x02, 0x6B, 0x05, 0x1B, 0x20, 0x00,
    0x00, 0x00, 0x00, 0x00, 0x00, 0x00, 0x00, 0x00, 0x00, 0x00, 0x09, 0x31,
    0x00, 0x00, 0x05, 0x62, 0x0C, 0xB6, 0x20, 0x00, 0x00, 0x00, 0x05, 0x63,
    0x0C, 0xB7, 0x20, 0x00, 0x00, 0x00, 0x00, 0x00, 0x00, 0x00, 0x00, 0x00,
    0x00, 0x00, 0x09, 0x32, 0x00, 0x00, 0x05, 0x65, 0x0C, 0xB9, 0x20, 0x00,
    0x00, 0x00, 0x05, 0x64, 0x0C, 0xB8, 0x20, 0x00, 0x00, 0x00, 0x00, 0x00,
    0x00, 0x00, 0x00, 0x00, 0x00, 0x00, 0x09, 0x33, 0x00, 0x00, 0x06, 0x0A,
    0x11, 0x28, 0x20, 0x00, 0x00, 0x00, 0x06, 0x0B, 0x11, 0x27, 0x20, 0x00,
    0x00, 0x00, 0x00, 0x00, 0x00, 0x00, 0x00, 0x00,
};

u8 lbl_80370840[912] = {
    0x00, 0x00, 0x00, 0x00, 0x00, 0x00, 0x00, 0x00, 0x00, 0x00, 0x00, 0x00,
    0x00, 0x00, 0x00, 0x9D, 0x03, 0x0C, 0x1E, 0x00, 0x00, 0x00, 0xED, 0x00,
    0x00, 0x00, 0x03, 0x7F, 0x06, 0xFB, 0x1E, 0x00, 0x00, 0x00, 0xED, 0x01,
    0x00, 0x00, 0x03, 0x7E, 0x06, 0xFA, 0x1E, 0x00, 0x00, 0x00, 0xED, 0x02,
    0x00, 0x00, 0x04, 0xFA, 0x0B, 0xD7, 0x1E, 0x00, 0x00, 0x00, 0xEF, 0x87,
    0x00, 0x00, 0x04, 0xFB, 0x0B, 0xD8, 0x1E, 0x00, 0x00, 0x00, 0xEF, 0x88,
    0x00, 0x00, 0x04, 0xFC, 0x0B, 0xD9, 0x1E, 0x00, 0x00, 0x00, 0xEF, 0x89,
    0x00, 0x00, 0x04, 0xFD, 0x0B, 0xDA, 0x1E, 0x00, 0x00, 0x00, 0xEF, 0x8A,
    0x00, 0x00, 0x04, 0xFE, 0x0B, 0xDB, 0x1E, 0x00, 0x00, 0x00, 0xEF, 0x8B,
    0x00, 0x00, 0x04, 0xFF, 0x0B, 0xDC, 0x1E, 0x00, 0x00, 0x00, 0xEF, 0x8C,
    0x00, 0x00, 0x05, 0x01, 0x0B, 0xDD, 0x1E, 0x00, 0x00, 0x00, 0xEF, 0x8D,
    0x00, 0x00, 0x05, 0x02, 0x0B, 0xDE, 0x1E, 0x00, 0x00, 0x00, 0xEF, 0x8E,
    0x00, 0x00, 0x05, 0x03, 0x0B, 0xDF, 0x1E, 0x00, 0x00, 0x00, 0xEF, 0x8F,
    0x00, 0x00, 0x05, 0x05, 0x0B, 0xE0, 0x1E, 0x00, 0x00, 0x00, 0xEF, 0x90,
    0x00, 0x00, 0x05, 0x06, 0x0B, 0xE1, 0x1E, 0x00, 0x00, 0x00, 0xEF, 0x91,
    0x00, 0x00, 0x05, 0x07, 0x0B, 0xE2, 0x1E, 0x00, 0x00, 0x00, 0xEF, 0x92,
    0x00, 0x00, 0x05, 0x08, 0x0B, 0xE3, 0x1E, 0x00, 0x00, 0x00, 0xEF, 0x93,
    0x00, 0x00, 0x05, 0x09, 0x0B, 0xE4, 0x1E, 0x00, 0x00, 0x00, 0xEF, 0x94,
    0x00, 0x00, 0x05, 0x0A, 0x0B, 0xE5, 0x1E, 0x00, 0x00, 0x00, 0xEF, 0x95,
    0x00, 0x00, 0x05, 0x0B, 0x0B, 0xE6, 0x1E, 0x00, 0x00, 0x00, 0xEF, 0x96,
    0x00, 0x00, 0x05, 0x0C, 0x0B, 0xE9, 0x1E, 0x00, 0x00, 0x00, 0xEF, 0x97,
    0x00, 0x00, 0x05, 0x0D, 0x0B, 0xEA, 0x1E, 0x00, 0x00, 0x00, 0xEF, 0x98,
    0x00, 0x00, 0x05, 0x0E, 0x0B, 0xEB, 0x1E, 0x00, 0x00, 0x00, 0xEF, 0x99,
    0x00, 0x00, 0x05, 0x0F, 0x0B, 0xEC, 0x1E, 0x00, 0x00, 0x00, 0xEF, 0x9A,
    0x00, 0x00, 0x05, 0x10, 0x0B, 0xED, 0x1E, 0x00, 0x00, 0x00, 0xEF, 0x9B,
    0x00, 0x00, 0x05, 0x11, 0x0B, 0xEE, 0x1E, 0x00, 0x00, 0x00, 0xEF, 0x9C,
    0x00, 0x00, 0x05, 0x12, 0x0B, 0xEF, 0x1E, 0x00, 0x00, 0x00, 0xEF, 0x9D,
    0x00, 0x00, 0x05, 0x04, 0x0B, 0xF0, 0x1E, 0x00, 0x00, 0x00, 0xEF, 0x9E,
    0x00, 0x00, 0x05, 0x13, 0x0B, 0xF1, 0x1E, 0x00, 0x00, 0x00, 0xEF, 0x9F,
    0x00, 0x00, 0x05, 0x14, 0x0B, 0xF2, 0x1E, 0x00, 0x00, 0x00, 0xEB, 0x50,
    0x00, 0x00, 0x05, 0x15, 0x0B, 0xF3, 0x1E, 0x00, 0x00, 0x00, 0xEB, 0x4F,
    0x00, 0x00, 0x05, 0x16, 0x0B, 0xF5, 0x1E, 0x00, 0x00, 0x00, 0xEF, 0xA2,
    0x00, 0x00, 0x05, 0x17, 0x0B, 0xF6, 0x1E, 0x00, 0x00, 0x00, 0xEF, 0xA3,
    0x00, 0x00, 0x05, 0x18, 0x0B, 0xF4, 0x1E, 0x00, 0x00, 0x00, 0xEF, 0xA4,
    0x00, 0x00, 0x05, 0x19, 0x0B, 0xF7, 0x1E, 0x00, 0x00, 0x00, 0xEF, 0xA5,
    0x00, 0x00, 0x05, 0x1A, 0x0B, 0xF8, 0x1E, 0x00, 0x00, 0x00, 0xEF, 0xA6,
    0x00, 0x00, 0x05, 0x1B, 0x0B, 0xF9, 0x1E, 0x00, 0x00, 0x00, 0xEF, 0xA7,
    0x00, 0x00, 0x05, 0x1C, 0x0B, 0xFA, 0x1E, 0x00, 0x00, 0x00, 0xEF, 0xA8,
    0x00, 0x00, 0x02, 0xDB, 0x05, 0x8A, 0x1E, 0x00, 0x00, 0x00, 0xEF, 0xA9,
    0x00, 0x00, 0x05, 0x1E, 0x0B, 0xFB, 0x1E, 0x00, 0x00, 0x00, 0xEF, 0xAA,
    0x00, 0x00, 0x05, 0x1F, 0x0B, 0xFC, 0x1E, 0x00, 0x00, 0x00, 0xEF, 0xAB,
    0x00, 0x00, 0x05, 0x20, 0x0B, 0xFD, 0x1E, 0x00, 0x00, 0x00, 0xEF, 0xAC,
    0x00, 0x00, 0x05, 0x21, 0x0B, 0xFE, 0x1E, 0x00, 0x00, 0x00, 0xEF, 0xAD,
    0x00, 0x00, 0x05, 0x22, 0x0B, 0xFF, 0x1E, 0x00, 0x00, 0x00, 0x7A, 0x7E,
    0x00, 0x00, 0x05, 0x23, 0x0C, 0x00, 0x1E, 0x00, 0x00, 0x00, 0xEF, 0xAF,
    0x00, 0x00, 0x05, 0x24, 0x0C, 0x01, 0x1E, 0x00, 0x00, 0x00, 0xEF, 0xB0,
    0x00, 0x00, 0x05, 0x25, 0x0C, 0x02, 0x1E, 0x00, 0x00, 0x00, 0xEF, 0xB1,
    0x00, 0x00, 0x05, 0x26, 0x0C, 0x03, 0x1E, 0x00, 0x00, 0x00, 0xEF, 0xB2,
    0x00, 0x00, 0x02, 0xDE, 0x05, 0x8D, 0x1E, 0x00, 0x00, 0x00, 0xEF, 0xB3,
    0x00, 0x00, 0x05, 0x1D, 0x0C, 0x04, 0x1E, 0x00, 0x00, 0x00, 0xEF, 0xB4,
    0x00, 0x00, 0x02, 0xD7, 0x05, 0x86, 0x1E, 0x00, 0x00, 0x00, 0xEB, 0x9B,
    0x00, 0x00, 0x05, 0x8A, 0x0D, 0x61, 0x1E, 0x00, 0x00, 0x00, 0xEF, 0xB6,
    0x00, 0x00, 0x05, 0x8B, 0x0D, 0x62, 0x1E, 0x00, 0x00, 0x00, 0xEF, 0xB7,
    0x00, 0x00, 0x02, 0xDD, 0x05, 0x8C, 0x1E, 0x00, 0x00, 0x00, 0xEF, 0xB8,
    0x00, 0x00, 0x02, 0xDC, 0x05, 0x8B, 0x1E, 0x00, 0x00, 0x00, 0xEF, 0xB9,
    0x00, 0x00, 0x02, 0xD6, 0x05, 0x85, 0x1E, 0x00, 0x00, 0x00, 0xED, 0x41,
    0x00, 0x00, 0x02, 0xDA, 0x05, 0x89, 0x1E, 0x00, 0x00, 0x00, 0xEF, 0xBB,
    0x00, 0x00, 0x02, 0xD9, 0x05, 0x88, 0x1E, 0x00, 0x00, 0x00, 0xEF, 0x58,
    0x00, 0x00, 0x02, 0xD8, 0x05, 0x87, 0x1E, 0x00, 0x00, 0x00, 0xEF, 0x59,
    0x00, 0x00, 0x05, 0x8D, 0x0D, 0x63, 0x1E, 0x00, 0x00, 0x00, 0xEF, 0xBE,
    0x00, 0x00, 0x05, 0x8E, 0x0D, 0x64, 0x1E, 0x00, 0x00, 0x00, 0xEF, 0xBF,
    0x00, 0x00, 0x05, 0x8F, 0x0D, 0x65, 0x1E, 0x00, 0x00, 0x00, 0xEF, 0xC0,
    0x00, 0x00, 0x05, 0x90, 0x0D, 0x66, 0x1E, 0x00, 0x00, 0x00, 0xEF, 0xC1,
    0x00, 0x00, 0x05, 0x91, 0x0D, 0x67, 0x1E, 0x00, 0x00, 0x00, 0xEF, 0xC2,
    0x00, 0x00, 0x05, 0x92, 0x0D, 0x68, 0x1E, 0x00, 0x00, 0x00, 0xEF, 0xC3,
    0x00, 0x00, 0x05, 0x93, 0x0D, 0x69, 0x1E, 0x00, 0x00, 0x00, 0xEF, 0xC4,
    0x00, 0x00, 0x00, 0x9D, 0x03, 0x0C, 0x1E, 0x00, 0x00, 0x00, 0xEF, 0xC5,
    0x00, 0x00, 0x05, 0xDD, 0x10, 0x1F, 0x1E, 0x00, 0x00, 0x00, 0xEF, 0xC6,
    0x00, 0x00, 0x05, 0xDE, 0x10, 0x20, 0x1E, 0x00, 0x00, 0x00, 0xEF, 0xC7,
    0x00, 0x00, 0x05, 0x94, 0x0D, 0x6A, 0x1E, 0x00, 0x00, 0x00, 0xEF, 0xC8,
    0x00, 0x00, 0x05, 0x95, 0x0D, 0x6B, 0x1E, 0x00, 0x00, 0x00, 0xEF, 0xC9,
    0x00, 0x00, 0x05, 0x96, 0x0D, 0x6C, 0x1E, 0x00, 0x00, 0x00, 0xEF, 0xCA,
    0x00, 0x00, 0x05, 0x97, 0x0D, 0x6D, 0x1E, 0x00, 0x00, 0x00, 0xEF, 0xCB,
    0x00, 0x00, 0x05, 0x98, 0x0D, 0x6E, 0x1E, 0x00, 0x00, 0x00, 0xEF, 0xCC,
    0x00, 0x00, 0x05, 0x99, 0x0D, 0x6F, 0x1E, 0x00, 0x00, 0x00, 0xEF, 0xCD,
    0x00, 0x00, 0x05, 0xDF, 0x10, 0x21, 0x1E, 0x00, 0x00, 0x00, 0x00, 0x00,
};

u8 lbl_80370BD0[5008] = {
    0x00, 0x00, 0x00, 0x00, 0x00, 0x00, 0x00, 0x00, 0x00, 0x00, 0x00, 0x00,
    0x00, 0x00, 0x00, 0xA4, 0x03, 0x37, 0x1E, 0x00, 0x00, 0x00, 0x03, 0xE9,
    0x00, 0x00, 0x01, 0x19, 0x03, 0xC0, 0x1E, 0x00, 0x00, 0x00, 0x03, 0xEA,
    0x00, 0x00, 0x01, 0x18, 0x03, 0xBF, 0x1E, 0x00, 0x00, 0x00, 0x03, 0xEB,
    0x00, 0x00, 0x03, 0x41, 0x06, 0x03, 0x1E, 0x00, 0x00, 0x00, 0x03, 0xEC,
    0x00, 0x00, 0x03, 0x4B, 0x06, 0x0D, 0x1E, 0x00, 0x00, 0x00, 0x03, 0xED,
    0x00, 0x00, 0x03, 0x4A, 0x06, 0x0C, 0x1E, 0x00, 0x00, 0x00, 0x03, 0xEE,
    0x00, 0x00, 0x02, 0x2D, 0x04, 0xC4, 0x1E, 0x00, 0x00, 0x00, 0x03, 0xEF,
    0x00, 0x00, 0x01, 0x4E, 0x03, 0xF3, 0x1E, 0x00, 0x00, 0x00, 0x03, 0xF0,
    0x00, 0x00, 0x01, 0x4F, 0x03, 0xF4, 0x1E, 0x00, 0x00, 0x00, 0x03, 0xF1,
    0x00, 0x00, 0x00, 0xB2, 0x03, 0x47, 0x1E, 0x00, 0x00, 0x00, 0x03, 0xF2,
    0x00, 0x00, 0x01, 0xF5, 0x04, 0x91, 0x1E, 0x00, 0x00, 0x00, 0x03, 0xF3,
    0x00, 0x00, 0x00, 0xE7, 0x03, 0x88, 0x1E, 0x00, 0x00, 0x00, 0x03, 0xF4,
    0x00, 0x00, 0x00, 0xE1, 0x03, 0x84, 0x1E, 0x00, 0x00, 0x00, 0x03, 0xF5,
    0x00, 0x00, 0x00, 0xFD, 0x03, 0xA6, 0x1E, 0x00, 0x00, 0x00, 0x03, 0xF6,
    0x00, 0x00, 0x01, 0xE4, 0x04, 0x82, 0x1E, 0x00, 0x00, 0x00, 0x03, 0xF7,
    0x00, 0x00, 0x01, 0xB8, 0x04, 0x58, 0x1E, 0x00, 0x00, 0x00, 0x03, 0xF8,
    0x00, 0x00, 0x01, 0xB2, 0x04, 0x53, 0x1E, 0x00, 0x00, 0x00, 0x03, 0xF9,
    0x00, 0x00, 0x01, 0xB3, 0x04, 0x54, 0x1E, 0x00, 0x00, 0x00, 0x03, 0xFA,
    0x00, 0x00, 0x01, 0x65, 0x04, 0x08, 0x1E, 0x00, 0x00, 0x00, 0x03, 0xFB,
    0x00, 0x00, 0x01, 0xC9, 0x04, 0xD1, 0x1E, 0x00, 0x00, 0x00, 0x03, 0xFC,
    0x00, 0x00, 0x01, 0xA8, 0x04, 0x49, 0x1E, 0x00, 0x00, 0x00, 0x03, 0xFD,
    0x00, 0x00, 0x01, 0xA6, 0x04, 0x47, 0x1E, 0x00, 0x00, 0x00, 0x03, 0xFE,
    0x00, 0x00, 0x00, 0xAF, 0x03, 0x45, 0x1E, 0x00, 0x00, 0x00, 0x03, 0xFF,
    0x00, 0x00, 0x00, 0xDD, 0x03, 0x80, 0x1E, 0x00, 0x00, 0x00, 0x04, 0x00,
    0x00, 0x00, 0x00, 0xBF, 0x03, 0x54, 0x1E, 0x00, 0x00, 0x00, 0x04, 0x01,
    0x00, 0x00, 0x01, 0xC5, 0x04, 0x65, 0x1E, 0x00, 0x00, 0x00, 0x04, 0x02,
    0x00, 0x00, 0x01, 0xD8, 0x04, 0x76, 0x1E, 0x00, 0x00, 0x00, 0x04, 0x03,
    0x00, 0x00, 0x01, 0xD7, 0x04, 0x75, 0x1E, 0x00, 0x00, 0x00, 0x04, 0x04,
    0x00, 0x00, 0x01, 0x90, 0x04, 0x31, 0x1E, 0x00, 0x00, 0x00, 0x04, 0x05,
    0x00, 0x00, 0x01, 0x92, 0x04, 0x33, 0x1E, 0x00, 0x00, 0x00, 0x04, 0x06,
    0x00, 0x00, 0x01, 0x8F, 0x04, 0x30, 0x1E, 0x00, 0x00, 0x00, 0x04, 0x07,
    0x00, 0x00, 0x01, 0x91, 0x04, 0x32, 0x1E, 0x00, 0x00, 0x00, 0x04, 0x08,
    0x00, 0x00, 0x01, 0x93, 0x04, 0x34, 0x1E, 0x00, 0x00, 0x00, 0x04, 0x09,
    0x00, 0x00, 0x00, 0xBE, 0x03, 0x53, 0x1E, 0x00, 0x00, 0x00, 0x04, 0x0A,
    0x00, 0x00, 0x01, 0xB4, 0x04, 0x55, 0x1E, 0x00, 0x00, 0x00, 0x04, 0x0B,
    0x00, 0x00, 0x01, 0xB5, 0x04, 0xD0, 0x1E, 0x00, 0x00, 0x00, 0x04, 0x0C,
    0x00, 0x00, 0x01, 0xCD, 0x04, 0x6C, 0x1E, 0x00, 0x00, 0x00, 0x04, 0x0D,
    0x00, 0x00, 0x01, 0x69, 0x04, 0x0C, 0x1E, 0x00, 0x00, 0x00, 0x04, 0x0E,
    0x00, 0x00, 0x01, 0xC3, 0x04, 0x63, 0x1E, 0x00, 0x00, 0x00, 0x04, 0x0F,
    0x00, 0x00, 0x01, 0xC1, 0x04, 0x61, 0x1E, 0x00, 0x00, 0x00, 0x04, 0x10,
    0x00, 0x00, 0x02, 0x2F, 0x04, 0xC6, 0x1E, 0x00, 0x00, 0x00, 0x04, 0x11,
    0x00, 0x00, 0x01, 0x21, 0x03, 0xC8, 0x1E, 0x00, 0x00, 0x00, 0x04, 0x12,
    0x00, 0x00, 0x01, 0x8D, 0x04, 0x2E, 0x1E, 0x00, 0x00, 0x00, 0x04, 0x13,
    0x00, 0x00, 0x01, 0x68, 0x04, 0x0B, 0x1E, 0x00, 0x00, 0x00, 0x04, 0x14,
    0x00, 0x00, 0x01, 0xD0, 0x04, 0x6E, 0x1E, 0x00, 0x00, 0x00, 0x04, 0x15,
    0x00, 0x00, 0x01, 0xAD, 0x04, 0x4E, 0x1E, 0x00, 0x00, 0x00, 0x04, 0x16,
    0x00, 0x00, 0x01, 0xAC, 0x04, 0x4D, 0x1E, 0x00, 0x00, 0x00, 0x04, 0x17,
    0x00, 0x00, 0x01, 0x63, 0x04, 0xCD, 0x1E, 0x00, 0x00, 0x00, 0x04, 0x18,
    0x00, 0x00, 0x01, 0x86, 0x04, 0x27, 0x1E, 0x00, 0x00, 0x00, 0x04, 0x19,
    0x00, 0x00, 0x01, 0x04, 0x03, 0xAC, 0x1E, 0x00, 0x00, 0x00, 0x04, 0x1A,
    0x00, 0x00, 0x01, 0x0E, 0x03, 0xB5, 0x1E, 0x00, 0x00, 0x00, 0x04, 0x1B,
    0x00, 0x00, 0x01, 0x9B, 0x04, 0x3C, 0x1E, 0x00, 0x00, 0x00, 0x04, 0x1C,
    0x00, 0x00, 0x01, 0xB0, 0x04, 0x51, 0x1E, 0x00, 0x00, 0x00, 0x04, 0x1D,
    0x00, 0x00, 0x01, 0x61, 0x04, 0x05, 0x1E, 0x00, 0x00, 0x00, 0x04, 0x1E,
    0x00, 0x00, 0x00, 0xB8, 0x03, 0x4D, 0x1E, 0x00, 0x00, 0x00, 0x04, 0x1F,
    0x00, 0x00, 0x01, 0x73, 0x04, 0x14, 0x1E, 0x00, 0x00, 0x00, 0x04, 0x20,
    0x00, 0x00, 0x01, 0xA2, 0x04, 0x43, 0x1E, 0x00, 0x00, 0x00, 0x04, 0x21,
    0x00, 0x00, 0x01, 0x1C, 0x03, 0xC3, 0x1E, 0x00, 0x00, 0x00, 0x04, 0x22,
    0x00, 0x00, 0x02, 0x1D, 0x04, 0xB6, 0x1E, 0x00, 0x00, 0x00, 0x04, 0x23,
    0x00, 0x00, 0x01, 0x9D, 0x04, 0x3E, 0x1E, 0x00, 0x00, 0x00, 0x04, 0x24,
    0x00, 0x00, 0x01, 0x9F, 0x04, 0x40, 0x1E, 0x00, 0x00, 0x00, 0x04, 0x25,
    0x00, 0x00, 0x01, 0x9C, 0x04, 0x3D, 0x1E, 0x00, 0x00, 0x00, 0x04, 0x26,
    0x00, 0x00, 0x00, 0xE9, 0x03, 0x8A, 0x1E, 0x00, 0x00, 0x00, 0x04, 0x27,
    0x00, 0x00, 0x02, 0x2A, 0x04, 0xC1, 0x1E, 0x00, 0x00, 0x00, 0x04, 0x28,
    0x00, 0x00, 0x01, 0x16, 0x03, 0xBD, 0x1E, 0x00, 0x00, 0x00, 0x04, 0x29,
    0x00, 0x00, 0x02, 0x1A, 0x04, 0xB4, 0x1E, 0x00, 0x00, 0x00, 0x04, 0x2A,
    0x00, 0x00, 0x01, 0x26, 0x03, 0xCD, 0x1E, 0x00, 0x00, 0x00, 0x04, 0x2B,
    0x00, 0x00, 0x01, 0x4B, 0x03, 0xF0, 0x1E, 0x00, 0x00, 0x00, 0x04, 0x2C,
    0x00, 0x00, 0x01, 0x70, 0x04, 0x11, 0x1E, 0x00, 0x00, 0x00, 0x04, 0x2D,
    0x00, 0x00, 0x02, 0x16, 0x04, 0xB0, 0x1E, 0x00, 0x00, 0x00, 0x04, 0x2E,
    0x00, 0x00, 0x02, 0x15, 0x04, 0xAF, 0x1E, 0x00, 0x00, 0x00, 0x04, 0x2F,
    0x00, 0x00, 0x01, 0x7A, 0x04, 0x1B, 0x1E, 0x00, 0x00, 0x00, 0x04, 0x30,
    0x00, 0x00, 0x01, 0x0C, 0x04, 0xC9, 0x1E, 0x00, 0x00, 0x00, 0x04, 0x31,
    0x00, 0x00, 0x01, 0x3F, 0x03, 0xE5, 0x1E, 0x00, 0x00, 0x00, 0x04, 0x32,
    0x00, 0x00, 0x01, 0x22, 0x03, 0xC9, 0x1E, 0x00, 0x00, 0x00, 0x04, 0x33,
    0x00, 0x00, 0x01, 0x23, 0x03, 0xCA, 0x1E, 0x00, 0x00, 0x00, 0x04, 0x34,
    0x00, 0x00, 0x03, 0x53, 0x06, 0x15, 0x1E, 0x00, 0x00, 0x00, 0x04, 0x35,
    0x00, 0x00, 0x03, 0x3D, 0x05, 0xFF, 0x1E, 0x00, 0x00, 0x00, 0x04, 0x36,
    0x00, 0x00, 0x02, 0x1F, 0x04, 0xB8, 0x1E, 0x00, 0x00, 0x00, 0x04, 0x37,
    0x00, 0x00, 0x02, 0x20, 0x04, 0xB9, 0x1E, 0x00, 0x00, 0x00, 0x04, 0x38,
    0x00, 0x00, 0x00, 0xFE, 0x03, 0xA7, 0x1E, 0x00, 0x00, 0x00, 0x04, 0x39,
    0x00, 0x00, 0x01, 0xC8, 0x04, 0x68, 0x1E, 0x00, 0x00, 0x00, 0x04, 0x3A,
    0x00, 0x00, 0x01, 0x50, 0x03, 0xF5, 0x1E, 0x00, 0x00, 0x00, 0x04, 0x3B,
    0x00, 0x00, 0x01, 0x08, 0x03, 0xB0, 0x1E, 0x00, 0x00, 0x00, 0x04, 0x3C,
    0x00, 0x00, 0x01, 0x07, 0x03, 0xAF, 0x1E, 0x00, 0x00, 0x00, 0x04, 0x3D,
    0x00, 0x00, 0x01, 0xAE, 0x04, 0x4F, 0x1E, 0x00, 0x00, 0x00, 0x04, 0x3E,
    0x00, 0x00, 0x01, 0x42, 0x03, 0xE8, 0x1E, 0x00, 0x00, 0x00, 0x04, 0x3F,
    0x00, 0x00, 0x00, 0xCA, 0x03, 0x60, 0x1E, 0x00, 0x00, 0x00, 0x04, 0x40,
    0x00, 0x00, 0x00, 0xE2, 0x03, 0x85, 0x1E, 0x00, 0x00, 0x00, 0x04, 0x41,
    0x00, 0x00, 0x01, 0xDB, 0x04, 0x79, 0x1E, 0x00, 0x00, 0x00, 0x04, 0x42,
    0x00, 0x00, 0x00, 0xBD, 0x03, 0x52, 0x1E, 0x00, 0x00, 0x00, 0x04, 0x43,
    0x00, 0x00, 0x03, 0x3E, 0x06, 0x00, 0x1E, 0x00, 0x00, 0x00, 0x04, 0x44,
    0x00, 0x00, 0x01, 0x1E, 0x03, 0xC5, 0x1E, 0x00, 0x00, 0x00, 0x0B, 0xC6,
    0x00, 0x00, 0x01, 0x1A, 0x03, 0xC1, 0x1E, 0x00, 0x00, 0x00, 0x04, 0x46,
    0x00, 0x00, 0x01, 0x41, 0x03, 0xE7, 0x1E, 0x00, 0x00, 0x00, 0x04, 0x47,
    0x00, 0x00, 0x01, 0xE1, 0x04, 0x7F, 0x1E, 0x00, 0x00, 0x00, 0x04, 0x48,
    0x00, 0x00, 0x01, 0xE0, 0x04, 0x7E, 0x1E, 0x00, 0x00, 0x00, 0x04, 0x49,
    0x00, 0x00, 0x01, 0x00, 0x04, 0xC8, 0x1E, 0x00, 0x00, 0x00, 0x04, 0x4A,
    0x00, 0x00, 0x01, 0x5A, 0x03, 0xFF, 0x1E, 0x00, 0x00, 0x00, 0x04, 0x4B,
    0x00, 0x00, 0x00, 0xE3, 0x03, 0x7F, 0x1E, 0x00, 0x00, 0x00, 0x04, 0x4C,
    0x00, 0x00, 0x01, 0x77, 0x04, 0x18, 0x1E, 0x00, 0x00, 0x00, 0x04, 0x4D,
    0x00, 0x00, 0x01, 0xEA, 0x04, 0x87, 0x1E, 0x00, 0x00, 0x00, 0x04, 0x4E,
    0x00, 0x00, 0x00, 0xBC, 0x03, 0x51, 0x1E, 0x00, 0x00, 0x00, 0x04, 0x4F,
    0x00, 0x00, 0x01, 0x52, 0x03, 0xF7, 0x1E, 0x00, 0x00, 0x00, 0x04, 0x50,
    0x00, 0x00, 0x01, 0x1B, 0x03, 0xC2, 0x1E, 0x00, 0x00, 0x00, 0x04, 0x51,
    0x00, 0x00, 0x01, 0xD9, 0x04, 0x77, 0x1E, 0x00, 0x00, 0x00, 0x04, 0x52,
    0x00, 0x00, 0x01, 0x0F, 0x03, 0xB6, 0x1E, 0x00, 0x00, 0x00, 0x04, 0x53,
    0x00, 0x00, 0x00, 0xC9, 0x03, 0x5F, 0x1E, 0x00, 0x00, 0x00, 0x04, 0x54,
    0x00, 0x00, 0x03, 0x36, 0x05, 0xF9, 0x1E, 0x00, 0x00, 0x00, 0x04, 0x55,
    0x00, 0x00, 0x03, 0x4F, 0x06, 0x11, 0x1E, 0x00, 0x00, 0x00, 0x04, 0x56,
    0x00, 0x00, 0x01, 0xDE, 0x04, 0x7C, 0x1E, 0x00, 0x00, 0x00, 0x04, 0x57,
    0x00, 0x00, 0x01, 0xDD, 0x04, 0x7B, 0x1E, 0x00, 0x00, 0x00, 0x04, 0x58,
    0x00, 0x00, 0x00, 0xBB, 0x03, 0x50, 0x1E, 0x00, 0x00, 0x00, 0x04, 0x59,
    0x00, 0x00, 0x01, 0x85, 0x04, 0x26, 0x1E, 0x00, 0x00, 0x00, 0x04, 0x5A,
    0x00, 0x00, 0x01, 0x1D, 0x03, 0xC4, 0x1E, 0x00, 0x00, 0x00, 0x04, 0x5B,
    0x00, 0x00, 0x01, 0xED, 0x04, 0x8A, 0x1E, 0x00, 0x00, 0x00, 0x04, 0x5C,
    0x00, 0x00, 0x01, 0xDA, 0x04, 0x78, 0x1E, 0x00, 0x00, 0x00, 0x04, 0x5D,
    0x00, 0x00, 0x01, 0xF4, 0x04, 0x90, 0x1E, 0x00, 0x00, 0x00, 0x04, 0x5E,
    0x00, 0x00, 0x00, 0xDF, 0x03, 0x82, 0x1E, 0x00, 0x00, 0x00, 0x04, 0x5F,
    0x00, 0x00, 0x01, 0x3A, 0x04, 0xCA, 0x1E, 0x00, 0x00, 0x00, 0x04, 0x60,
    0x00, 0x00, 0x01, 0xE5, 0x04, 0x83, 0x1E, 0x00, 0x00, 0x00, 0x04, 0x61,
    0x00, 0x00, 0x00, 0xC6, 0x03, 0x5C, 0x1E, 0x00, 0x00, 0x00, 0x04, 0x62,
    0x00, 0x00, 0x01, 0xE6, 0x04, 0xD3, 0x1E, 0x00, 0x00, 0x00, 0x04, 0x63,
    0x00, 0x00, 0x01, 0xCF, 0x04, 0x6D, 0x1E, 0x00, 0x00, 0x00, 0x04, 0x64,
    0x00, 0x00, 0x01, 0x12, 0x03, 0xB9, 0x1E, 0x00, 0x00, 0x00, 0x04, 0x65,
    0x00, 0x00, 0x03, 0x33, 0x05, 0xF6, 0x1E, 0x00, 0x00, 0x00, 0x04, 0x66,
    0x00, 0x00, 0x01, 0x4A, 0x03, 0xEF, 0x1E, 0x00, 0x00, 0x00, 0x04, 0x67,
    0x00, 0x00, 0x01, 0x56, 0x03, 0xFB, 0x1E, 0x00, 0x00, 0x00, 0x04, 0x68,
    0x00, 0x00, 0x01, 0x62, 0x04, 0x06, 0x1E, 0x00, 0x00, 0x00, 0x04, 0x69,
    0x00, 0x00, 0x01, 0x29, 0x03, 0xD0, 0x1E, 0x00, 0x00, 0x00, 0x04, 0x6A,
    0x00, 0x00, 0x01, 0x6C, 0x04, 0x0E, 0x1E, 0x00, 0x00, 0x00, 0x04, 0x6B,
    0x00, 0x00, 0x01, 0x7D, 0x04, 0x1E, 0x1E, 0x00, 0x00, 0x00, 0x04, 0x6C,
    0x00, 0x00, 0x03, 0x39, 0x05, 0xFC, 0x1E, 0x00, 0x00, 0x00, 0x04, 0x6D,
    0x00, 0x00, 0x03, 0x58, 0x06, 0x1A, 0x1E, 0x00, 0x00, 0x00, 0x04, 0x6E,
    0x00, 0x00, 0x03, 0x5B, 0x06, 0x1D, 0x1E, 0x00, 0x00, 0x00, 0x04, 0x6F,
    0x00, 0x00, 0x03, 0x34, 0x05, 0xF7, 0x1E, 0x00, 0x00, 0x00, 0x04, 0x70,
    0x00, 0x00, 0x01, 0xBA, 0x04, 0x5A, 0x1E, 0x00, 0x00, 0x00, 0x04, 0x71,
    0x00, 0x00, 0x01, 0xA4, 0x04, 0x45, 0x1E, 0x00, 0x00, 0x00, 0x04, 0x72,
    0x00, 0x00, 0x01, 0xA5, 0x04, 0x46, 0x1E, 0x00, 0x00, 0x00, 0x04, 0x73,
    0x00, 0x00, 0x01, 0x48, 0x03, 0xED, 0x1E, 0x00, 0x00, 0x00, 0x04, 0x74,
    0x00, 0x00, 0x01, 0x47, 0x03, 0xEC, 0x1E, 0x00, 0x00, 0x00, 0x04, 0x75,
    0x00, 0x00, 0x01, 0xC0, 0x04, 0x60, 0x1E, 0x00, 0x00, 0x00, 0x04, 0x76,
    0x00, 0x00, 0x01, 0x46, 0x03, 0xEB, 0x1E, 0x00, 0x00, 0x00, 0x04, 0x77,
    0x00, 0x00, 0x03, 0x3C, 0x06, 0xA5, 0x1E, 0x00, 0x00, 0x00, 0x04, 0x78,
    0x00, 0x00, 0x01, 0xF0, 0x04, 0x8C, 0x1E, 0x00, 0x00, 0x00, 0x04, 0x79,
    0x00, 0x00, 0x03, 0x3B, 0x05, 0xFE, 0x1E, 0x00, 0x00, 0x00, 0x04, 0x7A,
    0x00, 0x00, 0x01, 0x81, 0x04, 0x22, 0x1E, 0x00, 0x00, 0x00, 0x04, 0x7B,
    0x00, 0x00, 0x01, 0x2C, 0x03, 0xD3, 0x1E, 0x00, 0x00, 0x00, 0x04, 0x7C,
    0x00, 0x00, 0x01, 0x4C, 0x03, 0xF1, 0x1E, 0x00, 0x00, 0x00, 0x04, 0x7D,
    0x00, 0x00, 0x01, 0x7E, 0x04, 0x1F, 0x1E, 0x00, 0x00, 0x00, 0x04, 0x7E,
    0x00, 0x00, 0x01, 0x7F, 0x04, 0x20, 0x1E, 0x00, 0x00, 0x00, 0x04, 0x7F,
    0x00, 0x00, 0x00, 0xB5, 0x03, 0x4A, 0x1E, 0x00, 0x00, 0x00, 0x04, 0x80,
    0x00, 0x00, 0x00, 0xC8, 0x03, 0x5E, 0x1E, 0x00, 0x00, 0x00, 0x04, 0x81,
    0x00, 0x00, 0x01, 0x79, 0x04, 0x1A, 0x1E, 0x00, 0x00, 0x00, 0x04, 0x82,
    0x00, 0x00, 0x01, 0x39, 0x03, 0xE0, 0x1E, 0x00, 0x00, 0x00, 0x04, 0x83,
    0x00, 0x00, 0x01, 0x72, 0x04, 0x13, 0x1E, 0x00, 0x00, 0x00, 0x04, 0x84,
    0x00, 0x00, 0x00, 0xE0, 0x03, 0x83, 0x1E, 0x00, 0x00, 0x00, 0x04, 0x85,
    0x00, 0x00, 0x02, 0x19, 0x04, 0xB3, 0x1E, 0x00, 0x00, 0x00, 0x04, 0x86,
    0x00, 0x00, 0x00, 0xA1, 0x03, 0x35, 0x1E, 0x00, 0x00, 0x00, 0x04, 0x87,
    0x00, 0x00, 0x01, 0xAA, 0x04, 0x4B, 0x1E, 0x00, 0x00, 0x00, 0x04, 0x88,
    0x00, 0x00, 0x01, 0xAB, 0x04, 0x4C, 0x1E, 0x00, 0x00, 0x00, 0x04, 0x89,
    0x00, 0x00, 0x01, 0xA9, 0x04, 0x4A, 0x1E, 0x00, 0x00, 0x00, 0x04, 0x8A,
    0x00, 0x00, 0x03, 0x42, 0x06, 0x04, 0x1E, 0x00, 0x00, 0x00, 0x04, 0x8B,
    0x00, 0x00, 0x02, 0x28, 0x04, 0xBF, 0x1E, 0x00, 0x00, 0x00, 0x04, 0x8C,
    0x00, 0x00, 0x01, 0xCB, 0x04, 0x6A, 0x1E, 0x00, 0x00, 0x00, 0x04, 0x8D,
    0x00, 0x00, 0x01, 0xCA, 0x04, 0x69, 0x1E, 0x00, 0x00, 0x00, 0x04, 0x8E,
    0x00, 0x00, 0x01, 0x40, 0x03, 0xE6, 0x1E, 0x00, 0x00, 0x00, 0x04, 0x8F,
    0x00, 0x00, 0x00, 0xB0, 0x03, 0x46, 0x1E, 0x00, 0x00, 0x00, 0x04, 0x90,
    0x00, 0x00, 0x01, 0x01, 0x03, 0xA9, 0x1E, 0x00, 0x00, 0x00, 0x04, 0x91,
    0x00, 0x00, 0x00, 0xFC, 0x03, 0xA5, 0x1E, 0x00, 0x00, 0x00, 0x04, 0x92,
    0x00, 0x00, 0x01, 0x6B, 0x04, 0x0D, 0x1E, 0x00, 0x00, 0x00, 0x04, 0x93,
    0x00, 0x00, 0x01, 0xB1, 0x04, 0x52, 0x1E, 0x00, 0x00, 0x00, 0x04, 0x94,
    0x00, 0x00, 0x01, 0xC4, 0x04, 0x64, 0x1E, 0x00, 0x00, 0x00, 0x04, 0x95,
    0x00, 0x00, 0x01, 0xC2, 0x04, 0x62, 0x1E, 0x00, 0x00, 0x00, 0x04, 0x96,
    0x00, 0x00, 0x01, 0xF3, 0x04, 0x8F, 0x1E, 0x00, 0x00, 0x00, 0x04, 0x97,
    0x00, 0x00, 0x01, 0xF2, 0x04, 0x8E, 0x1E, 0x00, 0x00, 0x00, 0x04, 0x98,
    0x00, 0x00, 0x01, 0x8C, 0x04, 0x2D, 0x1E, 0x00, 0x00, 0x00, 0x04, 0x99,
    0x00, 0x00, 0x01, 0x8B, 0x04, 0x2C, 0x1E, 0x00, 0x00, 0x00, 0x04, 0x9A,
    0x00, 0x00, 0x01, 0x7B, 0x04, 0x1C, 0x1E, 0x00, 0x00, 0x00, 0x04, 0x9B,
    0x00, 0x00, 0x01, 0x84, 0x04, 0x25, 0x1E, 0x00, 0x00, 0x00, 0x04, 0x9C,
    0x00, 0x00, 0x01, 0x03, 0x03, 0xAB, 0x1E, 0x00, 0x00, 0x00, 0x04, 0x9D,
    0x00, 0x00, 0x01, 0x5D, 0x04, 0x01, 0x1E, 0x00, 0x00, 0x00, 0x04, 0x9E,
    0x00, 0x00, 0x01, 0x76, 0x04, 0x17, 0x1E, 0x00, 0x00, 0x00, 0x04, 0x9F,
    0x00, 0x00, 0x01, 0x75, 0x04, 0x16, 0x1E, 0x00, 0x00, 0x00, 0x04, 0xA0,
    0x00, 0x00, 0x02, 0x14, 0x04, 0xAE, 0x1E, 0x00, 0x00, 0x00, 0x04, 0xA1,
    0x00, 0x00, 0x01, 0x9E, 0x04, 0x3F, 0x1E, 0x00, 0x00, 0x00, 0x04, 0xA2,
    0x00, 0x00, 0x01, 0x2D, 0x03, 0xD4, 0x1E, 0x00, 0x00, 0x00, 0x04, 0xA3,
    0x00, 0x00, 0x01, 0xB7, 0x04, 0x57, 0x1E, 0x00, 0x00, 0x00, 0x04, 0xA4,
    0x00, 0x00, 0x02, 0x1B, 0x04, 0xB5, 0x1E, 0x00, 0x00, 0x00, 0x04, 0xA5,
    0x00, 0x00, 0x01, 0x11, 0x03, 0xB8, 0x1E, 0x00, 0x00, 0x00, 0x04, 0xA6,
    0x00, 0x00, 0x01, 0x37, 0x03, 0xDE, 0x1E, 0x00, 0x00, 0x00, 0x04, 0xA7,
    0x00, 0x00, 0x03, 0x45, 0x06, 0x07, 0x1E, 0x00, 0x00, 0x00, 0x04, 0xA8,
    0x00, 0x00, 0x02, 0x24, 0x04, 0xBB, 0x1E, 0x00, 0x00, 0x00, 0x04, 0xA9,
    0x00, 0x00, 0x02, 0x12, 0x04, 0xAC, 0x1E, 0x00, 0x00, 0x00, 0x04, 0xAA,
    0x00, 0x00, 0x01, 0x9A, 0x04, 0x3B, 0x1E, 0x00, 0x00, 0x00, 0x04, 0xAB,
    0x00, 0x00, 0x01, 0x10, 0x03, 0xB7, 0x1E, 0x00, 0x00, 0x00, 0x04, 0xAC,
    0x00, 0x00, 0x00, 0xA3, 0x03, 0x38, 0x1E, 0x00, 0x00, 0x00, 0x04, 0xAD,
    0x00, 0x00, 0x02, 0x22, 0x04, 0xD8, 0x1E, 0x00, 0x00, 0x00, 0x04, 0xAE,
    0x00, 0x00, 0x02, 0x1E, 0x04, 0xB7, 0x1E, 0x00, 0x00, 0x00, 0x04, 0xAF,
    0x00, 0x00, 0x01, 0x88, 0x04, 0x29, 0x1E, 0x00, 0x00, 0x00, 0x04, 0xB0,
    0x00, 0x00, 0x00, 0x00, 0x00, 0x00, 0x00, 0x00, 0x00, 0x00, 0x04, 0xB1,
    0x00, 0x00, 0x01, 0xE3, 0x04, 0x81, 0x1E, 0x00, 0x00, 0x00, 0x04, 0xB2,
    0x00, 0x00, 0x01, 0x5E, 0x04, 0x02, 0x1E, 0x00, 0x00, 0x00, 0x04, 0xB3,
    0x00, 0x00, 0x01, 0x67, 0x04, 0x0A, 0x1E, 0x00, 0x00, 0x00, 0x04, 0xB4,
    0x00, 0x00, 0x00, 0xB7, 0x03, 0x4C, 0x1E, 0x00, 0x00, 0x00, 0x04, 0xB5,
    0x00, 0x00, 0x01, 0x95, 0x04, 0x36, 0x1E, 0x00, 0x00, 0x00, 0x04, 0xB6,
    0x00, 0x00, 0x01, 0x20, 0x03, 0xC7, 0x1E, 0x00, 0x00, 0x00, 0x04, 0xB7,
    0x00, 0x00, 0x01, 0x2B, 0x03, 0xD2, 0x1E, 0x00, 0x00, 0x00, 0x04, 0xB8,
    0x00, 0x00, 0x00, 0xE6, 0x03, 0x87, 0x1E, 0x00, 0x00, 0x00, 0x04, 0xB9,
    0x00, 0x00, 0x01, 0x27, 0x03, 0xCE, 0x1E, 0x00, 0x00, 0x00, 0x04, 0xBA,
    0x00, 0x00, 0x01, 0x30, 0x03, 0xD7, 0x1E, 0x00, 0x00, 0x00, 0x04, 0xBB,
    0x00, 0x00, 0x01, 0x31, 0x03, 0xD8, 0x1E, 0x00, 0x00, 0x00, 0x04, 0xBC,
    0x00, 0x00, 0x01, 0xF6, 0x04, 0x92, 0x1E, 0x00, 0x00, 0x00, 0x04, 0xBD,
    0x00, 0x00, 0x01, 0x36, 0x03, 0xDD, 0x1E, 0x00, 0x00, 0x00, 0x04, 0xBE,
    0x00, 0x00, 0x01, 0xA0, 0x04, 0x41, 0x1E, 0x00, 0x00, 0x00, 0x04, 0xBF,
    0x00, 0x00, 0x01, 0x38, 0x03, 0xDF, 0x1E, 0x00, 0x00, 0x00, 0x04, 0xC0,
    0x00, 0x00, 0x01, 0xCC, 0x04, 0x6B, 0x1E, 0x00, 0x00, 0x00, 0x04, 0xC1,
    0x00, 0x00, 0x01, 0x71, 0x04, 0x12, 0x1E, 0x00, 0x00, 0x00, 0x04, 0xC2,
    0x00, 0x00, 0x03, 0x4C, 0x06, 0x0E, 0x1E, 0x00, 0x00, 0x00, 0x04, 0xC3,
    0x00, 0x00, 0x02, 0x13, 0x04, 0xAD, 0x1E, 0x00, 0x00, 0x00, 0x04, 0xC4,
    0x00, 0x00, 0x01, 0x3E, 0x03, 0xE4, 0x1E, 0x00, 0x00, 0x00, 0x04, 0xC5,
    0x00, 0x00, 0x01, 0xE9, 0x04, 0x86, 0x1E, 0x00, 0x00, 0x00, 0x04, 0xC6,
    0x00, 0x00, 0x01, 0xEF, 0x04, 0xD9, 0x1E, 0x00, 0x00, 0x00, 0x04, 0xC7,
    0x00, 0x00, 0x01, 0xA3, 0x04, 0x44, 0x1E, 0x00, 0x00, 0x00, 0x04, 0xC8,
    0x00, 0x00, 0x00, 0xB3, 0x03, 0x48, 0x1E, 0x00, 0x00, 0x00, 0x04, 0xC9,
    0x00, 0x00, 0x01, 0x74, 0x04, 0x15, 0x1E, 0x00, 0x00, 0x00, 0x04, 0xCA,
    0x00, 0x00, 0x00, 0xAC, 0x03, 0x42, 0x1E, 0x00, 0x00, 0x00, 0x04, 0xCB,
    0x00, 0x00, 0x01, 0x02, 0x03, 0xAA, 0x1E, 0x00, 0x00, 0x00, 0x04, 0xCC,
    0x00, 0x00, 0x01, 0x35, 0x03, 0xDC, 0x1E, 0x00, 0x00, 0x00, 0x04, 0xCD,
    0x00, 0x00, 0x01, 0x59, 0x03, 0xFE, 0x1E, 0x00, 0x00, 0x00, 0x04, 0xCE,
    0x00, 0x00, 0x01, 0x24, 0x03, 0xCB, 0x1E, 0x00, 0x00, 0x00, 0x04, 0xCF,
    0x00, 0x00, 0x03, 0x37, 0x05, 0xFA, 0x1E, 0x00, 0x00, 0x00, 0x04, 0xD0,
    0x00, 0x00, 0x01, 0xB9, 0x04, 0x59, 0x1E, 0x00, 0x00, 0x00, 0x04, 0xD1,
    0x00, 0x00, 0x01, 0xA1, 0x04, 0x42, 0x1E, 0x00, 0x00, 0x00, 0x04, 0xD2,
    0x00, 0x00, 0x01, 0x06, 0x03, 0xAE, 0x1E, 0x00, 0x00, 0x00, 0x04, 0xD3,
    0x00, 0x00, 0x00, 0xC4, 0x03, 0x5A, 0x1E, 0x00, 0x00, 0x00, 0x04, 0xD4,
    0x00, 0x00, 0x01, 0x51, 0x03, 0xF6, 0x1E, 0x00, 0x00, 0x00, 0x04, 0xD5,
    0x00, 0x00, 0x01, 0x87, 0x04, 0x28, 0x1E, 0x00, 0x00, 0x00, 0x04, 0xD6,
    0x00, 0x00, 0x01, 0x13, 0x03, 0xBA, 0x1E, 0x00, 0x00, 0x00, 0x04, 0xD7,
    0x00, 0x00, 0x00, 0xE5, 0x03, 0x86, 0x1E, 0x00, 0x00, 0x00, 0x04, 0xD8,
    0x00, 0x00, 0x01, 0x80, 0x04, 0x21, 0x1E, 0x00, 0x00, 0x00, 0x04, 0xD9,
    0x00, 0x00, 0x01, 0x2E, 0x03, 0xD5, 0x1E, 0x00, 0x00, 0x00, 0x04, 0xDA,
    0x00, 0x00, 0x01, 0xC6, 0x04, 0x66, 0x1E, 0x00, 0x00, 0x00, 0x04, 0xDB,
    0x00, 0x00, 0x03, 0x3A, 0x05, 0xFD, 0x1E, 0x00, 0x00, 0x00, 0x04, 0xDC,
    0x00, 0x00, 0x01, 0xE8, 0x04, 0x85, 0x1E, 0x00, 0x00, 0x00, 0x04, 0xDD,
    0x00, 0x00, 0x02, 0x26, 0x04, 0xBD, 0x1E, 0x00, 0x00, 0x00, 0x04, 0xDE,
    0x00, 0x00, 0x01, 0xD6, 0x04, 0x74, 0x1E, 0x00, 0x00, 0x00, 0x04, 0xDF,
    0x00, 0x00, 0x00, 0xC5, 0x03, 0x5B, 0x1E, 0x00, 0x00, 0x00, 0x04, 0xE0,
    0x00, 0x00, 0x01, 0x6E, 0x04, 0x0F, 0x1E, 0x00, 0x00, 0x00, 0x04, 0xE1,
    0x00, 0x00, 0x01, 0x3C, 0x03, 0xE2, 0x1E, 0x00, 0x00, 0x00, 0x04, 0xE2,
    0x00, 0x00, 0x00, 0xEA, 0x03, 0x8B, 0x1E, 0x00, 0x00, 0x00, 0x04, 0xE3,
    0x00, 0x00, 0x00, 0x00, 0x00, 0x00, 0x00, 0x00, 0x00, 0x00, 0x00, 0x00,
    0x00, 0x00, 0x00, 0x00, 0x00, 0x00, 0x00, 0x00, 0x00, 0x00, 0x00, 0x00,
    0x00, 0x00, 0x00, 0x00, 0x00, 0x00, 0x00, 0x00, 0x00, 0x00, 0x00, 0x00,
    0x00, 0x00, 0x00, 0x00, 0x00, 0x00, 0x00, 0x00, 0x00, 0x00, 0x00, 0x00,
    0x00, 0x00, 0x00, 0x00, 0x00, 0x00, 0x00, 0x00, 0x00, 0x00, 0x00, 0x00,
    0x00, 0x00, 0x00, 0x00, 0x00, 0x00, 0x00, 0x00, 0x00, 0x00, 0x00, 0x00,
    0x00, 0x00, 0x00, 0x00, 0x00, 0x00, 0x00, 0x00, 0x00, 0x00, 0x00, 0x00,
    0x00, 0x00, 0x00, 0x00, 0x00, 0x00, 0x00, 0x00, 0x00, 0x00, 0x00, 0x00,
    0x00, 0x00, 0x00, 0x00, 0x00, 0x00, 0x00, 0x00, 0x00, 0x00, 0x00, 0x00,
    0x00, 0x00, 0x00, 0x00, 0x00, 0x00, 0x00, 0x00, 0x00, 0x00, 0x00, 0x00,
    0x00, 0x00, 0x00, 0x00, 0x00, 0x00, 0x00, 0x00, 0x00, 0x00, 0x00, 0x00,
    0x00, 0x00, 0x00, 0x00, 0x00, 0x00, 0x00, 0x00, 0x00, 0x00, 0x00, 0x00,
    0x00, 0x00, 0x00, 0x00, 0x00, 0x00, 0x00, 0x00, 0x00, 0x00, 0x00, 0x00,
    0x00, 0x00, 0x00, 0x00, 0x00, 0x00, 0x00, 0x00, 0x00, 0x00, 0x00, 0x00,
    0x00, 0x00, 0x00, 0x00, 0x00, 0x00, 0x00, 0x00, 0x00, 0x00, 0x00, 0x00,
    0x00, 0x00, 0x00, 0x00, 0x00, 0x00, 0x00, 0x00, 0x00, 0x00, 0x00, 0x00,
    0x00, 0x00, 0x00, 0x00, 0x00, 0x00, 0x00, 0x00, 0x00, 0x00, 0x00, 0x00,
    0x00, 0x00, 0x00, 0x00, 0x00, 0x00, 0x00, 0x00, 0x00, 0x00, 0x00, 0x00,
    0x00, 0x00, 0x00, 0x00, 0x00, 0x00, 0x00, 0x00, 0x00, 0x00, 0x00, 0x00,
    0x00, 0x00, 0x00, 0x00, 0x00, 0x00, 0x00, 0x00, 0x00, 0x00, 0x00, 0x00,
    0x00, 0x00, 0x00, 0x00, 0x00, 0x00, 0x00, 0x00, 0x00, 0x00, 0x00, 0x00,
    0x00, 0x00, 0x00, 0x00, 0x00, 0x00, 0x00, 0x00, 0x00, 0x00, 0x00, 0x00,
    0x00, 0x00, 0x00, 0x00, 0x00, 0x00, 0x00, 0x00, 0x00, 0x00, 0x00, 0x00,
    0x00, 0x00, 0x00, 0x00, 0x00, 0x00, 0x00, 0x00, 0x00, 0x00, 0x00, 0x00,
    0x00, 0x00, 0x00, 0x00, 0x00, 0x00, 0x00, 0x00, 0x00, 0x00, 0x00, 0x00,
    0x00, 0x00, 0x01, 0x58, 0x03, 0xFD, 0x1E, 0x00, 0x00, 0x00, 0x04, 0xE4,
    0x00, 0x00, 0x01, 0x45, 0x04, 0xCB, 0x1E, 0x00, 0x00, 0x00, 0x04, 0xE5,
    0x00, 0x00, 0x01, 0x43, 0x03, 0xE9, 0x1E, 0x00, 0x00, 0x00, 0x04, 0xE6,
    0x00, 0x00, 0x00, 0xA0, 0x03, 0x3F, 0x1E, 0x00, 0x00, 0x00, 0x04, 0xE7,
    0x00, 0x00, 0x02, 0x18, 0x04, 0xB2, 0x1E, 0x00, 0x00, 0x00, 0x04, 0xE8,
    0x00, 0x00, 0x00, 0x9B, 0x03, 0x01, 0x1E, 0x00, 0x00, 0x00, 0x04, 0xE9,
    0x00, 0x00, 0x01, 0x83, 0x04, 0x24, 0x1E, 0x00, 0x00, 0x00, 0x04, 0xEA,
    0x00, 0x00, 0x01, 0x99, 0x04, 0x3A, 0x1E, 0x00, 0x00, 0x00, 0x04, 0xEB,
    0x00, 0x00, 0x01, 0x6A, 0x04, 0xCE, 0x1E, 0x00, 0x00, 0x00, 0x04, 0xEC,
    0x00, 0x00, 0x01, 0xB6, 0x04, 0x56, 0x1E, 0x00, 0x00, 0x00, 0x04, 0xED,
    0x00, 0x00, 0x01, 0x28, 0x03, 0xCF, 0x1E, 0x00, 0x00, 0x00, 0x04, 0xEE,
    0x00, 0x00, 0x02, 0x2E, 0x04, 0xC5, 0x1E, 0x00, 0x00, 0x00, 0x04, 0xEF,
    0x00, 0x00, 0x03, 0x4E, 0x06, 0x10, 0x1E, 0x00, 0x00, 0x00, 0x04, 0xF0,
    0x00, 0x00, 0x01, 0x55, 0x03, 0xFA, 0x1E, 0x00, 0x00, 0x00, 0x04, 0xF1,
    0x00, 0x00, 0x01, 0x53, 0x03, 0xF8, 0x1E, 0x00, 0x00, 0x00, 0x04, 0xF2,
    0x00, 0x00, 0x00, 0xAB, 0x03, 0x41, 0x1E, 0x00, 0x00, 0x00, 0x04, 0xF3,
    0x00, 0x00, 0x01, 0x78, 0x04, 0x19, 0x1E, 0x00, 0x00, 0x00, 0x04, 0xF4,
    0x00, 0x00, 0x01, 0x0B, 0x03, 0xB3, 0x1E, 0x00, 0x00, 0x00, 0x04, 0xF5,
    0x00, 0x00, 0x01, 0x32, 0x03, 0xD9, 0x1E, 0x00, 0x00, 0x00, 0x04, 0xF6,
    0x00, 0x00, 0x01, 0x33, 0x03, 0xDA, 0x1E, 0x00, 0x00, 0x00, 0x04, 0xF7,
    0x00, 0x00, 0x01, 0xD1, 0x04, 0x6F, 0x1E, 0x00, 0x00, 0x00, 0x04, 0xF8,
    0x00, 0x00, 0x01, 0xEC, 0x04, 0x89, 0x1E, 0x00, 0x00, 0x00, 0x04, 0xF9,
    0x00, 0x00, 0x01, 0x64, 0x04, 0x07, 0x1E, 0x00, 0x00, 0x00, 0x04, 0xFA,
    0x00, 0x00, 0x01, 0x05, 0x03, 0xAD, 0x1E, 0x00, 0x00, 0x00, 0x04, 0xFB,
    0x00, 0x00, 0x01, 0xF7, 0x04, 0x93, 0x1E, 0x00, 0x00, 0x00, 0x05, 0x0A,
    0x00, 0x00, 0x01, 0xEE, 0x04, 0x8B, 0x1E, 0x00, 0x00, 0x00, 0x05, 0x0B,
    0x00, 0x00, 0x01, 0x98, 0x04, 0x39, 0x1E, 0x00, 0x00, 0x00, 0x05, 0x0C,
    0x00, 0x00, 0x01, 0xE7, 0x04, 0x84, 0x1E, 0x00, 0x00, 0x00, 0x04, 0xFC,
    0x00, 0x00, 0x03, 0x80, 0x07, 0x04, 0x1E, 0x00, 0x00, 0x00, 0x04, 0xFD,
    0x00, 0x00, 0x01, 0x5B, 0x04, 0x00, 0x1E, 0x00, 0x00, 0x00, 0x05, 0x05,
    0x00, 0x00, 0x01, 0x5C, 0x04, 0xCC, 0x1E, 0x00, 0x00, 0x00, 0x05, 0x06,
    0x00, 0x00, 0x03, 0x87, 0x07, 0x0B, 0x1E, 0x00, 0x00, 0x00, 0x05, 0x2F,
    0x00, 0x00, 0x00, 0xE8, 0x03, 0x89, 0x1E, 0x00, 0x00, 0x00, 0x04, 0xFE,
    0x00, 0x00, 0x01, 0xAF, 0x04, 0x50, 0x1E, 0x00, 0x00, 0x00, 0x04, 0xFF,
    0x00, 0x00, 0x00, 0xAE, 0x03, 0x44, 0x1E, 0x00, 0x00, 0x00, 0x05, 0x03,
    0x00, 0x00, 0x00, 0xAD, 0x03, 0x43, 0x1E, 0x00, 0x00, 0x00, 0x05, 0x04,
    0x00, 0x00, 0x01, 0x3B, 0x03, 0xE1, 0x1E, 0x00, 0x00, 0x00, 0x05, 0x28,
    0x00, 0x00, 0x02, 0x1C, 0x04, 0xD6, 0x1E, 0x00, 0x00, 0x00, 0x05, 0x29,
    0x00, 0x00, 0x01, 0x14, 0x03, 0xBB, 0x1E, 0x00, 0x00, 0x00, 0x05, 0x14,
    0x00, 0x00, 0x01, 0x15, 0x03, 0xBC, 0x1E, 0x00, 0x00, 0x00, 0x05, 0x15,
    0x00, 0x00, 0x01, 0x4D, 0x03, 0xF2, 0x1E, 0x00, 0x00, 0x00, 0x05, 0x48,
    0x00, 0x00, 0x02, 0x21, 0x04, 0xD7, 0x1E, 0x00, 0x00, 0x00, 0x05, 0x3F,
    0x00, 0x00, 0x01, 0x8E, 0x04, 0x2F, 0x1E, 0x00, 0x00, 0x00, 0x05, 0x40,
    0x00, 0x00, 0x01, 0x96, 0x04, 0x37, 0x1E, 0x00, 0x00, 0x00, 0x05, 0x13,
    0x00, 0x00, 0x03, 0x35, 0x05, 0xF8, 0x1E, 0x00, 0x00, 0x00, 0x05, 0x2C,
    0x00, 0x00, 0x02, 0x23, 0x04, 0xBA, 0x1E, 0x00, 0x00, 0x00, 0x05, 0x16,
    0x00, 0x00, 0x01, 0x0A, 0x03, 0xB2, 0x1E, 0x00, 0x00, 0x00, 0x05, 0x3B,
    0x00, 0x00, 0x01, 0x8A, 0x04, 0x2B, 0x1E, 0x00, 0x00, 0x00, 0x05, 0x3C,
    0x00, 0x00, 0x00, 0xC0, 0x03, 0x55, 0x1E, 0x00, 0x00, 0x00, 0x05, 0x5A,
    0x00, 0x00, 0x01, 0x34, 0x03, 0xDB, 0x1E, 0x00, 0x00, 0x00, 0x05, 0x3D,
    0x00, 0x00, 0x01, 0xDC, 0x04, 0x7A, 0x1E, 0x00, 0x00, 0x00, 0x05, 0x3E,
    0x00, 0x00, 0x03, 0x40, 0x06, 0x02, 0x1E, 0x00, 0x00, 0x00, 0x05, 0x45,
    0x00, 0x00, 0x03, 0x51, 0x06, 0x13, 0x1E, 0x00, 0x00, 0x00, 0x05, 0x46,
    0x00, 0x00, 0x01, 0x57, 0x03, 0xFC, 0x1E, 0x00, 0x00, 0x00, 0x05, 0x26,
    0x00, 0x00, 0x01, 0xD5, 0x04, 0x73, 0x1E, 0x00, 0x00, 0x00, 0x05, 0x27,
    0x00, 0x00, 0x01, 0x97, 0x04, 0x38, 0x1E, 0x00, 0x00, 0x00, 0x05, 0x30,
    0x00, 0x00, 0x02, 0x17, 0x04, 0xB1, 0x1E, 0x00, 0x00, 0x00, 0x05, 0x31,
    0x00, 0x00, 0x01, 0x17, 0x03, 0xBE, 0x1E, 0x00, 0x00, 0x00, 0x05, 0x32,
    0x00, 0x00, 0x03, 0x84, 0x07, 0x08, 0x1E, 0x00, 0x00, 0x00, 0x05, 0x10,
    0x00, 0x00, 0x01, 0x2F, 0x03, 0xD6, 0x1E, 0x00, 0x00, 0x00, 0x05, 0x11,
    0x00, 0x00, 0x03, 0x81, 0x07, 0x05, 0x1E, 0x00, 0x00, 0x00, 0x05, 0x1D,
    0x00, 0x00, 0x03, 0x49, 0x06, 0x0B, 0x1E, 0x00, 0x00, 0x00, 0x05, 0x1E,
    0x00, 0x00, 0x01, 0x0D, 0x03, 0xB4, 0x1E, 0x00, 0x00, 0x00, 0x05, 0x2A,
    0x00, 0x00, 0x00, 0xC3, 0x03, 0x59, 0x1E, 0x00, 0x00, 0x00, 0x05, 0x2B,
    0x00, 0x00, 0x01, 0xEB, 0x04, 0x88, 0x1E, 0x00, 0x00, 0x00, 0x05, 0x53,
    0x00, 0x00, 0x01, 0xF1, 0x04, 0x8D, 0x1E, 0x00, 0x00, 0x00, 0x05, 0x54,
    0x00, 0x00, 0x03, 0x5C, 0x06, 0x1E, 0x1E, 0x00, 0x00, 0x00, 0x05, 0x55,
    0x00, 0x00, 0x01, 0xD3, 0x04, 0x71, 0x1E, 0x00, 0x00, 0x00, 0x05, 0x33,
    0x00, 0x00, 0x01, 0x94, 0x04, 0x35, 0x1E, 0x00, 0x00, 0x00, 0x05, 0x34,
    0x00, 0x00, 0x02, 0x29, 0x04, 0xC0, 0x1E, 0x00, 0x00, 0x00, 0x05, 0x51,
    0x00, 0x00, 0x01, 0xA7, 0x04, 0x48, 0x1E, 0x00, 0x00, 0x00, 0x05, 0x52,
    0x00, 0x00, 0x01, 0x6F, 0x04, 0x10, 0x1E, 0x00, 0x00, 0x00, 0x05, 0x39,
    0x00, 0x00, 0x01, 0xE2, 0x04, 0x80, 0x1E, 0x00, 0x00, 0x00, 0x05, 0x3A,
    0x00, 0x00, 0x01, 0xD2, 0x04, 0x70, 0x1E, 0x00, 0x00, 0x00, 0x05, 0x12,
    0x00, 0x00, 0x00, 0xC1, 0x03, 0x57, 0x1E, 0x00, 0x00, 0x00, 0x05, 0x2D,
    0x00, 0x00, 0x00, 0xE4, 0x03, 0x8D, 0x1E, 0x00, 0x00, 0x00, 0x05, 0x2E,
    0x00, 0x00, 0x01, 0xBF, 0x04, 0x5F, 0x1E, 0x00, 0x00, 0x00, 0x05, 0x1F,
    0x00, 0x00, 0x01, 0x82, 0x04, 0x23, 0x1E, 0x00, 0x00, 0x00, 0x05, 0x20,
    0x00, 0x00, 0x01, 0x66, 0x04, 0x09, 0x1E, 0x00, 0x00, 0x00, 0x05, 0x17,
    0x00, 0x00, 0x00, 0xDE, 0x03, 0x81, 0x1E, 0x00, 0x00, 0x00, 0x05, 0x1B,
    0x00, 0x00, 0x00, 0xEB, 0x03, 0x8C, 0x1E, 0x00, 0x00, 0x00, 0x05, 0x1C,
    0x00, 0x00, 0x03, 0x89, 0x07, 0x0D, 0x1E, 0x00, 0x00, 0x00, 0x05, 0x35,
    0x00, 0x00, 0x03, 0x88, 0x07, 0x0C, 0x1E, 0x00, 0x00, 0x00, 0x05, 0x36,
    0x00, 0x00, 0x03, 0x59, 0x06, 0x1B, 0x1E, 0x00, 0x00, 0x00, 0x05, 0x50,
    0x00, 0x00, 0x02, 0x27, 0x04, 0xBE, 0x1E, 0x00, 0x00, 0x00, 0x05, 0x4B,
    0x00, 0x00, 0x01, 0xD4, 0x04, 0x72, 0x1E, 0x00, 0x00, 0x00, 0x05, 0x4C,
    0x00, 0x00, 0x01, 0xCE, 0x04, 0xD2, 0x1E, 0x00, 0x00, 0x00, 0x05, 0x23,
    0x00, 0x00, 0x01, 0x89, 0x04, 0x2A, 0x1E, 0x00, 0x00, 0x00, 0x05, 0x07,
    0x00, 0x00, 0x02, 0x25, 0x04, 0xBC, 0x1E, 0x00, 0x00, 0x00, 0x05, 0x08,
    0x00, 0x00, 0x01, 0x54, 0x03, 0xF9, 0x1E, 0x00, 0x00, 0x00, 0x05, 0x09,
    0x00, 0x00, 0x03, 0x3F, 0x06, 0x01, 0x1E, 0x00, 0x00, 0x00, 0x05, 0x24,
    0x00, 0x00, 0x03, 0x4D, 0x06, 0x0F, 0x1E, 0x00, 0x00, 0x00, 0x05, 0x25,
    0x00, 0x00, 0x03, 0x5D, 0x06, 0x1F, 0x1E, 0x00, 0x00, 0x00, 0x05, 0x4D,
    0x00, 0x00, 0x01, 0x25, 0x03, 0xCC, 0x1E, 0x00, 0x00, 0x00, 0x05, 0x0D,
    0x00, 0x00, 0x01, 0x09, 0x03, 0xB1, 0x1E, 0x00, 0x00, 0x00, 0x05, 0x0E,
    0x00, 0x00, 0x00, 0xC2, 0x03, 0x58, 0x1E, 0x00, 0x00, 0x00, 0x05, 0x0F,
    0x00, 0x00, 0x03, 0x52, 0x06, 0x14, 0x1E, 0x00, 0x00, 0x00, 0x05, 0x56,
    0x00, 0x00, 0x03, 0x43, 0x06, 0x05, 0x1E, 0x00, 0x00, 0x00, 0x05, 0x57,
    0x00, 0x00, 0x03, 0x57, 0x06, 0x19, 0x1E, 0x00, 0x00, 0x00, 0x05, 0x58,
    0x00, 0x00, 0x03, 0x32, 0x05, 0xF4, 0x1E, 0x00, 0x00, 0x00, 0x05, 0x4F,
    0x00, 0x00, 0x01, 0x49, 0x03, 0xEE, 0x1E, 0x00, 0x00, 0x00, 0x05, 0x49,
    0x00, 0x00, 0x01, 0x44, 0x03, 0xEA, 0x1E, 0x00, 0x00, 0x00, 0x05, 0x4A,
    0x00, 0x00, 0x01, 0x2A, 0x03, 0xD1, 0x1E, 0x00, 0x00, 0x00, 0x05, 0x38,
    0x00, 0x00, 0x02, 0x2C, 0x04, 0xC3, 0x1E, 0x00, 0x00, 0x00, 0x05, 0x37,
    0x00, 0x00, 0x01, 0x1F, 0x03, 0xC6, 0x1E, 0x00, 0x00, 0x00, 0x05, 0x59,
    0x00, 0x00, 0x00, 0xFF, 0x03, 0xA8, 0x1E, 0x00, 0x00, 0x00, 0x05, 0x18,
    0x00, 0x00, 0x01, 0x60, 0x04, 0x04, 0x1E, 0x00, 0x00, 0x00, 0x05, 0x19,
    0x00, 0x00, 0x00, 0xA6, 0x03, 0x3A, 0x1E, 0x00, 0x00, 0x00, 0x05, 0x1A,
    0x00, 0x00, 0x01, 0xBC, 0x04, 0x5C, 0x1E, 0x00, 0x00, 0x00, 0x05, 0x47,
    0x00, 0x00, 0x00, 0xC7, 0x03, 0x5D, 0x1E, 0x00, 0x00, 0x00, 0x05, 0x21,
    0x00, 0x00, 0x01, 0x3D, 0x03, 0xE3, 0x1E, 0x00, 0x00, 0x00, 0x05, 0x22,
    0x00, 0x00, 0x01, 0x6D, 0x04, 0xCF, 0x1E, 0x00, 0x00, 0x00, 0x05, 0x41,
    0x00, 0x00, 0x02, 0x2B, 0x04, 0xC2, 0x1E, 0x00, 0x00, 0x00, 0x05, 0x42,
    0x00, 0x00, 0x00, 0xDC, 0x03, 0x7D, 0x1E, 0x00, 0x00, 0x00, 0x05, 0x43,
    0x00, 0x00, 0x00, 0xB1, 0x03, 0x56, 0x1E, 0x00, 0x00, 0x00, 0x05, 0x44,
    0x00, 0x00, 0x01, 0xC7, 0x04, 0x67, 0x1E, 0x00, 0x00, 0x00, 0x05, 0x00,
    0x00, 0x00, 0x01, 0x5F, 0x04, 0x03, 0x1E, 0x00, 0x00, 0x00, 0x05, 0x01,
    0x00, 0x00, 0x01, 0xDF, 0x04, 0x7D, 0x1E, 0x00, 0x00, 0x00, 0x05, 0x02,
    0x00, 0x00, 0x03, 0x5A, 0x06, 0x1C, 0x1E, 0x00, 0x00, 0x00, 0x05, 0x5B,
    0x00, 0x00, 0x03, 0x46, 0x06, 0x08, 0x1E, 0x00, 0x00, 0x00, 0x05, 0x5C,
    0x00, 0x00, 0x03, 0x85, 0x07, 0x09, 0x1E, 0x00, 0x00, 0x00, 0x05, 0x5D,
    0x00, 0x00, 0x03, 0x38, 0x05, 0xFB, 0x1E, 0x00, 0x00, 0x00, 0x05, 0x5E,
    0x00, 0x00, 0x03, 0x50, 0x06, 0x12, 0x1E, 0x00, 0x00, 0x00, 0x05, 0x5F,
    0x00, 0x00, 0x01, 0x7C, 0x04, 0x1D, 0x1E, 0x00, 0x00, 0x00, 0x05, 0x60,
    0x00, 0x00, 0x03, 0x55, 0x06, 0x17, 0x1E, 0x00, 0x00, 0x00, 0x05, 0x61,
    0x00, 0x00, 0x03, 0x54, 0x06, 0x16, 0x1E, 0x00, 0x00, 0x00, 0x05, 0x62,
    0x00, 0x00, 0x03, 0x56, 0x06, 0x18, 0x1E, 0x00, 0x00, 0x00, 0x05, 0x63,
    0x00, 0x00, 0x00, 0xD0, 0x03, 0x70, 0x1E, 0x00, 0x00, 0x00, 0x05, 0x66,
    0x00, 0x00, 0x00, 0xA2, 0x03, 0x34, 0x1E, 0x00, 0x00, 0x00, 0x05, 0x67,
    0x00, 0x00, 0x03, 0x8A, 0x07, 0x0E, 0x1E, 0x00, 0x00, 0x00, 0x05, 0x68,
    0x00, 0x00, 0x03, 0x47, 0x06, 0x09, 0x1E, 0x00, 0x00, 0x00, 0x05, 0x64,
    0x00, 0x00, 0x03, 0x48, 0x06, 0x0A, 0x1E, 0x00, 0x00, 0x00, 0x05, 0x65,
    0x00, 0x00, 0x03, 0x44, 0x06, 0x06, 0x1E, 0x00, 0x00, 0x00, 0x05, 0x69,
    0x00, 0x00, 0x03, 0x86, 0x07, 0x0A, 0x1E, 0x00, 0x00, 0x00, 0x05, 0x6A,
    0x00, 0x00, 0x00, 0xFB, 0x04, 0xC7, 0x1E, 0x00, 0x00, 0x00, 0x05, 0x4E,
    0x00, 0x00, 0x04, 0x92, 0x0B, 0x5E, 0x1E, 0x00, 0x00, 0x00, 0x05, 0x6B,
    0x00, 0x00, 0x04, 0x8F, 0x0B, 0x60, 0x1E, 0x00, 0x00, 0x00, 0x00, 0x00,
    0x00, 0x00, 0x01, 0xBE, 0x04, 0x5E, 0x1E, 0x00, 0x00, 0x00, 0x05, 0x47,
    0x00, 0x00, 0x01, 0xBB, 0x04, 0x5B, 0x1E, 0x00, 0x00, 0x00, 0x05, 0x47,
    0x00, 0x00, 0x01, 0xBD, 0x04, 0x5D, 0x1E, 0x00, 0x00, 0x00, 0x05, 0x47,
    0x00, 0x00, 0x00, 0x00,
};

u8 lbl_80371F60[608] = {
    0x3E, 0x4C, 0xCC, 0xCD, 0x00, 0x00, 0x00, 0x03, 0x00, 0x00, 0x00, 0x0D,
    0x3E, 0x4C, 0xCC, 0xCD, 0x00, 0x00, 0x00, 0x00, 0x3F, 0x33, 0x33, 0x33,
    0x3D, 0xCC, 0xCC, 0xCD, 0x00, 0x00, 0x00, 0x06, 0x00, 0x00, 0x00, 0x01,
    0x00, 0x00, 0x00, 0x01, 0x00, 0x00, 0x00, 0x04, 0x00, 0x00, 0x00, 0x05,
    0x3F, 0x4C, 0xCC, 0xCD, 0x00, 0x00, 0x00, 0x00, 0x3E, 0x4C, 0xCC, 0xCD,
    0x00, 0x00, 0x00, 0x00, 0x00, 0x00, 0x00, 0x00, 0x00, 0x00, 0x00, 0x02,
    0x00, 0x00, 0x00, 0x01, 0x3E, 0x80, 0x00, 0x00, 0x00, 0x00, 0x00, 0x03,
    0x00, 0x00, 0x00, 0x0D, 0x3E, 0x99, 0x99, 0x9A, 0x00, 0x00, 0x00, 0x00,
    0x3E, 0xCC, 0xCC, 0xCD, 0x3E, 0x99, 0x99, 0x9A, 0x00, 0x00, 0x00, 0x04,
    0x00, 0x00, 0x00, 0x02, 0x00, 0x00, 0x00, 0x02, 0x00, 0x00, 0x00, 0x00,
    0x00, 0x00, 0x00, 0x00, 0x00, 0x00, 0x00, 0x00, 0x00, 0x00, 0x00, 0x00,
    0x00, 0x00, 0x00, 0x00, 0x00, 0x00, 0x00, 0x00, 0x00, 0x00, 0x00, 0x00,
    0x00, 0x00, 0x00, 0x00, 0x00, 0x00, 0x00, 0x00, 0x3E, 0x4C, 0xCC, 0xCD,
    0x00, 0x00, 0x00, 0x01, 0x00, 0x00, 0x00, 0x00, 0x00, 0x00, 0x00, 0x00,
    0x00, 0x00, 0x00, 0x00, 0x00, 0x00, 0x00, 0x00, 0x00, 0x00, 0x00, 0x00,
    0x00, 0x00, 0x00, 0x01, 0x00, 0x00, 0x00, 0x00, 0x00, 0x00, 0x00, 0x00,
    0x00, 0x00, 0x00, 0x04, 0x00, 0x00, 0x00, 0x05, 0x3F, 0x4C, 0xCC, 0xCD,
    0x00, 0x00, 0x00, 0x00, 0x3E, 0x4C, 0xCC, 0xCD, 0x00, 0x00, 0x00, 0x00,
    0x00, 0x00, 0x00, 0x00, 0x00, 0x00, 0x00, 0x02, 0x00, 0x00, 0x00, 0x01,
    0x3D, 0xCC, 0xCC, 0xCD, 0x00, 0x00, 0x00, 0x04, 0x00, 0x00, 0x00, 0x0D,
    0x3D, 0xCC, 0xCC, 0xCD, 0x00, 0x00, 0x00, 0x00, 0x3E, 0x4C, 0xCC, 0xCD,
    0x3F, 0x33, 0x33, 0x33, 0x00, 0x00, 0x00, 0x01, 0x00, 0x00, 0x00, 0x02,
    0x00, 0x00, 0x00, 0x02, 0x00, 0x00, 0x00, 0x00, 0x00, 0x00, 0x00, 0x00,
    0x00, 0x00, 0x00, 0x00, 0x00, 0x00, 0x00, 0x00, 0x00, 0x00, 0x00, 0x00,
    0x00, 0x00, 0x00, 0x00, 0x00, 0x00, 0x00, 0x00, 0x00, 0x00, 0x00, 0x00,
    0x00, 0x00, 0x00, 0x00, 0x3D, 0x4C, 0xCC, 0xCD, 0x00, 0x00, 0x00, 0x01,
    0x00, 0x00, 0x00, 0x00, 0x00, 0x00, 0x00, 0x00, 0x00, 0x00, 0x00, 0x00,
    0x00, 0x00, 0x00, 0x00, 0x00, 0x00, 0x00, 0x00, 0x00, 0x00, 0x00, 0x01,
    0x00, 0x00, 0x00, 0x00, 0x00, 0x00, 0x00, 0x00, 0x00, 0x00, 0x00, 0x00,
    0x00, 0x00, 0x00, 0x00, 0x00, 0x00, 0x00, 0x00, 0x00, 0x00, 0x00, 0x00,
    0x00, 0x00, 0x00, 0x00, 0x00, 0x00, 0x00, 0x00, 0x00, 0x00, 0x00, 0x00,
    0x00, 0x00, 0x00, 0x00, 0x00, 0x00, 0x00, 0x00, 0x3D, 0x4C, 0xCC, 0xCD,
    0x00, 0x00, 0x00, 0x01, 0x00, 0x00, 0x00, 0x00, 0x00, 0x00, 0x00, 0x00,
    0x00, 0x00, 0x00, 0x00, 0x00, 0x00, 0x00, 0x00, 0x00, 0x00, 0x00, 0x00,
    0x00, 0x00, 0x00, 0x02, 0x00, 0x00, 0x00, 0x00, 0x00, 0x00, 0x00, 0x00,
    0x00, 0x00, 0x00, 0x00, 0x00, 0x00, 0x00, 0x00, 0x00, 0x00, 0x00, 0x00,
    0x00, 0x00, 0x00, 0x00, 0x00, 0x00, 0x00, 0x00, 0x00, 0x00, 0x00, 0x00,
    0x00, 0x00, 0x00, 0x00, 0x00, 0x00, 0x00, 0x00, 0x00, 0x00, 0x00, 0x00,
    0x3D, 0x4C, 0xCC, 0xCD, 0x00, 0x00, 0x00, 0x01, 0x00, 0x00, 0x00, 0x00,
    0x00, 0x00, 0x00, 0x00, 0x00, 0x00, 0x00, 0x00, 0x00, 0x00, 0x00, 0x00,
    0x00, 0x00, 0x00, 0x00, 0x00, 0x00, 0x00, 0x04, 0x00, 0x00, 0x00, 0x00,
    0x00, 0x00, 0x00, 0x00, 0x00, 0x00, 0x00, 0x00, 0x00, 0x00, 0x00, 0x00,
    0x00, 0x00, 0x00, 0x00, 0x00, 0x00, 0x00, 0x00, 0x00, 0x00, 0x00, 0x00,
    0x00, 0x00, 0x00, 0x00, 0x00, 0x00, 0x00, 0x00, 0x00, 0x00, 0x00, 0x00,
    0x00, 0x00, 0x00, 0x00, 0x3D, 0xCC, 0xCC, 0xCD, 0x00, 0x00, 0x00, 0x04,
    0x00, 0x00, 0x00, 0x02, 0x00, 0x00, 0x00, 0x00, 0x3F, 0x80, 0x00, 0x00,
    0x00, 0x00, 0x00, 0x00, 0x00, 0x00, 0x00, 0x00, 0x00, 0x00, 0x00, 0x01,
    0x00, 0x00, 0x00, 0x02, 0x00, 0x00, 0x00, 0x02, 0x00, 0x00, 0x00, 0x00,
    0x00, 0x00, 0x00, 0x00, 0x00, 0x00, 0x00, 0x00, 0x00, 0x00, 0x00, 0x00,
    0x00, 0x00, 0x00, 0x00, 0x00, 0x00, 0x00, 0x00, 0x00, 0x00, 0x00, 0x00,
    0x00, 0x00, 0x00, 0x00, 0x00, 0x00, 0x00, 0x00,
};

u8 lbl_803721C0[992] = {
    0x3E, 0x19, 0x99, 0x9A, 0x00, 0x00, 0x00, 0x04, 0x00, 0x00, 0x00, 0x0D,
    0x3F, 0x33, 0x33, 0x33, 0x00, 0x00, 0x00, 0x00, 0x3E, 0x19, 0x99, 0x9A,
    0x3E, 0x19, 0x99, 0x9A, 0x00, 0x00, 0x00, 0x01, 0x00, 0x00, 0x00, 0x02,
    0x00, 0x00, 0x00, 0x01, 0x00, 0x00, 0x00, 0x00, 0x00, 0x00, 0x00, 0x00,
    0x00, 0x00, 0x00, 0x00, 0x00, 0x00, 0x00, 0x00, 0x00, 0x00, 0x00, 0x00,
    0x00, 0x00, 0x00, 0x00, 0x00, 0x00, 0x00, 0x00, 0x00, 0x00, 0x00, 0x00,
    0x00, 0x00, 0x00, 0x00, 0x3E, 0x4C, 0xCC, 0xCD, 0x00, 0x00, 0x00, 0x04,
    0x00, 0x00, 0x00, 0x05, 0x3F, 0x4C, 0xCC, 0xCD, 0x00, 0x00, 0x00, 0x00,
    0x3E, 0x4C, 0xCC, 0xCD, 0x00, 0x00, 0x00, 0x00, 0x00, 0x00, 0x00, 0x01,
    0x00, 0x00, 0x00, 0x02, 0x00, 0x00, 0x00, 0x01, 0x00, 0x00, 0x00, 0x03,
    0x00, 0x00, 0x00, 0x0C, 0x3F, 0x00, 0x00, 0x00, 0x00, 0x00, 0x00, 0x00,
    0x00, 0x00, 0x00, 0x00, 0x3F, 0x00, 0x00, 0x00, 0x00, 0x00, 0x00, 0x00,
    0x00, 0x00, 0x00, 0x01, 0x00, 0x00, 0x00, 0x01, 0x3D, 0x4C, 0xCC, 0xCD,
    0x00, 0x00, 0x00, 0x03, 0x00, 0x00, 0x00, 0x05, 0x3F, 0x33, 0x33, 0x33,
    0x00, 0x00, 0x00, 0x00, 0x3E, 0x99, 0x99, 0x9A, 0x00, 0x00, 0x00, 0x00,
    0x00, 0x00, 0x00, 0x06, 0x00, 0x00, 0x00, 0x01, 0x00, 0x00, 0x00, 0x01,
    0x00, 0x00, 0x00, 0x04, 0x00, 0x00, 0x00, 0x0D, 0x3E, 0x4C, 0xCC, 0xCD,
    0x00, 0x00, 0x00, 0x00, 0x3F, 0x00, 0x00, 0x00, 0x3E, 0x99, 0x99, 0x9A,
    0x00, 0x00, 0x00, 0x00, 0x00, 0x00, 0x00, 0x06, 0x00, 0x00, 0x00, 0x01,
    0x3D, 0x4C, 0xCC, 0xCD, 0x00, 0x00, 0x00, 0x03, 0x00, 0x00, 0x00, 0x05,
    0x3F, 0x4C, 0xCC, 0xCD, 0x00, 0x00, 0x00, 0x00, 0x3E, 0x4C, 0xCC, 0xCD,
    0x00, 0x00, 0x00, 0x00, 0x00, 0x00, 0x00, 0x04, 0x00, 0x00, 0x00, 0x03,
    0x00, 0x00, 0x00, 0x01, 0x00, 0x00, 0x00, 0x04, 0x00, 0x00, 0x00, 0x0D,
    0x3E, 0x4C, 0xCC, 0xCD, 0x00, 0x00, 0x00, 0x00, 0x3F, 0x00, 0x00, 0x00,
    0x3E, 0x99, 0x99, 0x9A, 0x00, 0x00, 0x00, 0x00, 0x00, 0x00, 0x00, 0x04,
    0x00, 0x00, 0x00, 0x01, 0x3D, 0x4C, 0xCC, 0xCD, 0x00, 0x00, 0x00, 0x03,
    0x00, 0x00, 0x00, 0x05, 0x3F, 0x33, 0x33, 0x33, 0x00, 0x00, 0x00, 0x00,
    0x3E, 0x99, 0x99, 0x9A, 0x00, 0x00, 0x00, 0x00, 0x00, 0x00, 0x00, 0x06,
    0x00, 0x00, 0x00, 0x01, 0x00, 0x00, 0x00, 0x01, 0x00, 0x00, 0x00, 0x00,
    0x00, 0x00, 0x00, 0x00, 0x00, 0x00, 0x00, 0x00, 0x00, 0x00, 0x00, 0x00,
    0x00, 0x00, 0x00, 0x00, 0x00, 0x00, 0x00, 0x00, 0x00, 0x00, 0x00, 0x00,
    0x00, 0x00, 0x00, 0x00, 0x00, 0x00, 0x00, 0x00, 0x3E, 0x19, 0x99, 0x9A,
    0x00, 0x00, 0x00, 0x03, 0x00, 0x00, 0x00, 0x05, 0x3F, 0x33, 0x33, 0x33,
    0x00, 0x00, 0x00, 0x00, 0x3E, 0x99, 0x99, 0x9A, 0x00, 0x00, 0x00, 0x00,
    0x00, 0x00, 0x00, 0x04, 0x00, 0x00, 0x00, 0x02, 0x00, 0x00, 0x00, 0x01,
    0x00, 0x00, 0x00, 0x00, 0x00, 0x00, 0x00, 0x00, 0x00, 0x00, 0x00, 0x00,
    0x00, 0x00, 0x00, 0x00, 0x00, 0x00, 0x00, 0x00, 0x00, 0x00, 0x00, 0x00,
    0x00, 0x00, 0x00, 0x00, 0x00, 0x00, 0x00, 0x00, 0x00, 0x00, 0x00, 0x00,
    0x3D, 0xCC, 0xCC, 0xCD, 0x00, 0x00, 0x00, 0x01, 0x00, 0x00, 0x00, 0x00,
    0x00, 0x00, 0x00, 0x00, 0x00, 0x00, 0x00, 0x00, 0x00, 0x00, 0x00, 0x00,
    0x00, 0x00, 0x00, 0x00, 0x00, 0x00, 0x00, 0x02, 0x00, 0x00, 0x00, 0x00,
    0x00, 0x00, 0x00, 0x00, 0x00, 0x00, 0x00, 0x03, 0x00, 0x00, 0x00, 0x0C,
    0x3F, 0x33, 0x33, 0x33, 0x00, 0x00, 0x00, 0x00, 0x00, 0x00, 0x00, 0x00,
    0x3E, 0x99, 0x99, 0x9A, 0x00, 0x00, 0x00, 0x00, 0x00, 0x00, 0x00, 0x01,
    0x00, 0x00, 0x00, 0x01, 0x3D, 0x4C, 0xCC, 0xCD, 0x00, 0x00, 0x00, 0x01,
    0x00, 0x00, 0x00, 0x00, 0x00, 0x00, 0x00, 0x00, 0x00, 0x00, 0x00, 0x00,
    0x00, 0x00, 0x00, 0x00, 0x00, 0x00, 0x00, 0x00, 0x00, 0x00, 0x00, 0x01,
    0x00, 0x00, 0x00, 0x00, 0x00, 0x00, 0x00, 0x00, 0x00, 0x00, 0x00, 0x04,
    0x00, 0x00, 0x00, 0x0D, 0x3D, 0xCC, 0xCC, 0xCD, 0x00, 0x00, 0x00, 0x00,
    0x3F, 0x33, 0x33, 0x33, 0x3E, 0x4C, 0xCC, 0xCD, 0x00, 0x00, 0x00, 0x00,
    0x00, 0x00, 0x00, 0x06, 0x00, 0x00, 0x00, 0x01, 0x3D, 0xCC, 0xCC, 0xCD,
    0x00, 0x00, 0x00, 0x01, 0x00, 0x00, 0x00, 0x00, 0x00, 0x00, 0x00, 0x00,
    0x00, 0x00, 0x00, 0x00, 0x00, 0x00, 0x00, 0x00, 0x00, 0x00, 0x00, 0x00,
    0x00, 0x00, 0x00, 0x02, 0x00, 0x00, 0x00, 0x00, 0x00, 0x00, 0x00, 0x00,
    0x00, 0x00, 0x00, 0x04, 0x00, 0x00, 0x00, 0x0D, 0x3D, 0xCC, 0xCC, 0xCD,
    0x00, 0x00, 0x00, 0x00, 0x3F, 0x33, 0x33, 0x33, 0x3E, 0x4C, 0xCC, 0xCD,
    0x00, 0x00, 0x00, 0x00, 0x00, 0x00, 0x00, 0x04, 0x00, 0x00, 0x00, 0x01,
    0x3D, 0x4C, 0xCC, 0xCD, 0x00, 0x00, 0x00, 0x01, 0x00, 0x00, 0x00, 0x00,
    0x00, 0x00, 0x00, 0x00, 0x00, 0x00, 0x00, 0x00, 0x00, 0x00, 0x00, 0x00,
    0x00, 0x00, 0x00, 0x00, 0x00, 0x00, 0x00, 0x01, 0x00, 0x00, 0x00, 0x00,
    0x00, 0x00, 0x00, 0x00, 0x00, 0x00, 0x00, 0x00, 0x00, 0x00, 0x00, 0x00,
    0x00, 0x00, 0x00, 0x00, 0x00, 0x00, 0x00, 0x00, 0x00, 0x00, 0x00, 0x00,
    0x00, 0x00, 0x00, 0x00, 0x00, 0x00, 0x00, 0x00, 0x00, 0x00, 0x00, 0x00,
    0x00, 0x00, 0x00, 0x00, 0x3D, 0x4C, 0xCC, 0xCD, 0x00, 0x00, 0x00, 0x01,
    0x00, 0x00, 0x00, 0x00, 0x00, 0x00, 0x00, 0x00, 0x00, 0x00, 0x00, 0x00,
    0x00, 0x00, 0x00, 0x00, 0x00, 0x00, 0x00, 0x00, 0x00, 0x00, 0x00, 0x02,
    0x00, 0x00, 0x00, 0x00, 0x00, 0x00, 0x00, 0x00, 0x00, 0x00, 0x00, 0x00,
    0x00, 0x00, 0x00, 0x00, 0x00, 0x00, 0x00, 0x00, 0x00, 0x00, 0x00, 0x00,
    0x00, 0x00, 0x00, 0x00, 0x00, 0x00, 0x00, 0x00, 0x00, 0x00, 0x00, 0x00,
    0x00, 0x00, 0x00, 0x00, 0x00, 0x00, 0x00, 0x00, 0x3D, 0x4C, 0xCC, 0xCD,
    0x00, 0x00, 0x00, 0x01, 0x00, 0x00, 0x00, 0x00, 0x00, 0x00, 0x00, 0x00,
    0x00, 0x00, 0x00, 0x00, 0x00, 0x00, 0x00, 0x00, 0x00, 0x00, 0x00, 0x00,
    0x00, 0x00, 0x00, 0x04, 0x00, 0x00, 0x00, 0x00, 0x00, 0x00, 0x00, 0x00,
    0x00, 0x00, 0x00, 0x00, 0x00, 0x00, 0x00, 0x00, 0x00, 0x00, 0x00, 0x00,
    0x00, 0x00, 0x00, 0x00, 0x00, 0x00, 0x00, 0x00, 0x00, 0x00, 0x00, 0x00,
    0x00, 0x00, 0x00, 0x00, 0x00, 0x00, 0x00, 0x00, 0x00, 0x00, 0x00, 0x00,
    0x00, 0x00, 0x00, 0x00, 0x00, 0x00, 0x00, 0x02, 0x00, 0x00, 0x00, 0x00,
    0x00, 0x00, 0x00, 0x00, 0x00, 0x00, 0x00, 0x00, 0x00, 0x00, 0x00, 0x00,
    0x00, 0x00, 0x00, 0x00, 0x00, 0x00, 0x00, 0x00, 0x00, 0x00, 0x00, 0x00,
    0x00, 0x00, 0x00, 0x00, 0x00, 0x00, 0x00, 0x03, 0x00, 0x00, 0x00, 0x0C,
    0x00, 0x00, 0x00, 0x00, 0x00, 0x00, 0x00, 0x00, 0x00, 0x00, 0x00, 0x00,
    0x00, 0x00, 0x00, 0x00, 0x00, 0x00, 0x00, 0x04, 0x00, 0x00, 0x00, 0x03,
    0x00, 0x00, 0x00, 0x01, 0x00, 0x00, 0x00, 0x00,
};

u8 lbl_803725A0[16] = {
    0x00, 0x00, 0x00, 0x00, 0x3F, 0x80, 0x00, 0x00, 0x00, 0x00, 0x00, 0x00,
    0x00, 0x00, 0x00, 0x00,
};

u8 lbl_803725B0[12] = {
    0x00, 0x00, 0x00, 0x00, 0x00, 0x00, 0x00, 0x00, 0x00, 0x00, 0x00, 0x00,
};

u8 lbl_803725BC[12] = {
    0x3F, 0x80, 0x00, 0x00, 0x3F, 0x80, 0x00, 0x00, 0x3F, 0x80, 0x00, 0x00,
};

void* jumptable_803725C8[7] = {
    (void*)((u8*)wazaSequenceEntryUpdate + 0x2E0),
    (void*)((u8*)wazaSequenceEntryUpdate + 0x260),
    (void*)((u8*)wazaSequenceEntryUpdate + 0x48),
    (void*)((u8*)wazaSequenceEntryUpdate + 0x228),
    (void*)((u8*)wazaSequenceEntryUpdate + 0x1D0),
    (void*)((u8*)wazaSequenceEntryUpdate + 0x170),
    (void*)((u8*)wazaSequenceEntryUpdate + 0x2D8),
};

void* jumptable_803725E4[10] = {
    (void*)((u8*)wazaSequenceEntryStart + 0x1C8),
    (void*)((u8*)wazaSequenceEntryStart + 0x1D0),
    (void*)((u8*)wazaSequenceEntryStart + 0x1D8),
    (void*)((u8*)wazaSequenceEntryStart + 0x1E4),
    (void*)((u8*)wazaSequenceEntryStart + 0x1F0),
    (void*)((u8*)wazaSequenceEntryStart + 0x1FC),
    (void*)((u8*)wazaSequenceEntryStart + 0x204),
    (void*)((u8*)wazaSequenceEntryStart + 0x20C),
    (void*)((u8*)wazaSequenceEntryStart + 0x21C),
    (void*)((u8*)wazaSequenceEntryStart + 0x214),
};

void* jumptable_8037260C[7] = {
    (void*)((u8*)wazaSequenceEntryStart + 0x270),
    (void*)((u8*)wazaSequenceEntryStart + 0x98),
    (void*)((u8*)wazaSequenceEntryStart + 0xC4),
    (void*)((u8*)wazaSequenceEntryStart + 0xD8),
    (void*)((u8*)wazaSequenceEntryStart + 0xEC),
    (void*)((u8*)wazaSequenceEntryStart + 0x100),
    (void*)((u8*)wazaSequenceEntryStart + 0x1A0),
};

void* jumptable_80372628[14] = {
    (void*)((u8*)_wazaSequenceEffectEntryStart + 0x32C),
    (void*)((u8*)_wazaSequenceEffectEntryStart + 0xA4),
    (void*)((u8*)_wazaSequenceEffectEntryStart + 0x1C4),
    (void*)((u8*)_wazaSequenceEffectEntryStart + 0x1E4),
    (void*)((u8*)_wazaSequenceEffectEntryStart + 0x1F8),
    (void*)((u8*)_wazaSequenceEffectEntryStart + 0x224),
    (void*)((u8*)_wazaSequenceEffectEntryStart + 0x258),
    (void*)((u8*)_wazaSequenceEffectEntryStart + 0x280),
    (void*)((u8*)_wazaSequenceEffectEntryStart + 0x2C4),
    (void*)((u8*)_wazaSequenceEffectEntryStart + 0x2D4),
    (void*)((u8*)_wazaSequenceEffectEntryStart + 0x2E0),
    (void*)((u8*)_wazaSequenceEffectEntryStart + 0x2F8),
    (void*)((u8*)_wazaSequenceEffectEntryStart + 0x348),
    (void*)((u8*)_wazaSequenceEffectEntryStart + 0x304),
};

void* jumptable_80372660[8] = {
    (void*)((u8*)_wazaSequenceParticleEntryStart + 0x5F0),
    (void*)((u8*)_wazaSequenceParticleEntryStart + 0x3E4),
    (void*)((u8*)_wazaSequenceParticleEntryStart + 0x4B4),
    (void*)((u8*)_wazaSequenceParticleEntryStart + 0x584),
    (void*)((u8*)_wazaSequenceParticleEntryStart + 0x380),
    (void*)((u8*)_wazaSequenceParticleEntryStart + 0x454),
    (void*)((u8*)_wazaSequenceParticleEntryStart + 0x528),
    (void*)((u8*)_wazaSequenceParticleEntryStart + 0x330),
};

void* jumptable_80372680[8] = {
    (void*)((u8*)_wazaSequenceParticleEntryStart + 0x7C),
    (void*)((u8*)_wazaSequenceParticleEntryStart + 0x44),
    (void*)((u8*)_wazaSequenceParticleEntryStart + 0x4C),
    (void*)((u8*)_wazaSequenceParticleEntryStart + 0x54),
    (void*)((u8*)_wazaSequenceParticleEntryStart + 0x5C),
    (void*)((u8*)_wazaSequenceParticleEntryStart + 0x64),
    (void*)((u8*)_wazaSequenceParticleEntryStart + 0x6C),
    (void*)((u8*)_wazaSequenceParticleEntryStart + 0x74),
};

void* jumptable_803726A0[8] = {
    (void*)((u8*)_wazaSequenceModelEntryStart + 0x428),
    (void*)((u8*)_wazaSequenceModelEntryStart + 0x3B4),
    (void*)((u8*)_wazaSequenceModelEntryStart + 0x3E0),
    (void*)((u8*)_wazaSequenceModelEntryStart + 0x40C),
    (void*)((u8*)_wazaSequenceModelEntryStart + 0x3A4),
    (void*)((u8*)_wazaSequenceModelEntryStart + 0x3D0),
    (void*)((u8*)_wazaSequenceModelEntryStart + 0x3FC),
    (void*)((u8*)_wazaSequenceModelEntryStart + 0x44C),
};

void* jumptable_803726C0[8] = {
    (void*)((u8*)_wazaSequenceModelEntryStart + 0x304),
    (void*)((u8*)_wazaSequenceModelEntryStart + 0x2C8),
    (void*)((u8*)_wazaSequenceModelEntryStart + 0x2D8),
    (void*)((u8*)_wazaSequenceModelEntryStart + 0x2E8),
    (void*)((u8*)_wazaSequenceModelEntryStart + 0x454),
    (void*)((u8*)_wazaSequenceModelEntryStart + 0x2D8),
    (void*)((u8*)_wazaSequenceModelEntryStart + 0x2C8),
    (void*)((u8*)_wazaSequenceModelEntryStart + 0x454),
};

void* jumptable_803726E0[8] = {
    (void*)((u8*)_wazaSequenceModelEntryStart + 0x7C),
    (void*)((u8*)_wazaSequenceModelEntryStart + 0x44),
    (void*)((u8*)_wazaSequenceModelEntryStart + 0x4C),
    (void*)((u8*)_wazaSequenceModelEntryStart + 0x54),
    (void*)((u8*)_wazaSequenceModelEntryStart + 0x5C),
    (void*)((u8*)_wazaSequenceModelEntryStart + 0x64),
    (void*)((u8*)_wazaSequenceModelEntryStart + 0x6C),
    (void*)((u8*)_wazaSequenceModelEntryStart + 0x74),
};

void* jumptable_80372700[8] = {
    (void*)((u8*)wazaSequenceSysGetWazaTime + 0x3E4),
    (void*)((u8*)wazaSequenceSysGetWazaTime + 0x3FC),
    (void*)((u8*)wazaSequenceSysGetWazaTime + 0x404),
    (void*)((u8*)wazaSequenceSysGetWazaTime + 0x3EC),
    (void*)((u8*)wazaSequenceSysGetWazaTime + 0x3F4),
    (void*)((u8*)wazaSequenceSysGetWazaTime + 0x3EC),
    (void*)((u8*)wazaSequenceSysGetWazaTime + 0x404),
    (void*)((u8*)wazaSequenceSysGetWazaTime + 0x3DC),
};

void* jumptable_80372720[8] = {
    (void*)((u8*)wazaSequenceSysGetWazaTime + 0x25C),
    (void*)((u8*)wazaSequenceSysGetWazaTime + 0x278),
    (void*)((u8*)wazaSequenceSysGetWazaTime + 0x280),
    (void*)((u8*)wazaSequenceSysGetWazaTime + 0x264),
    (void*)((u8*)wazaSequenceSysGetWazaTime + 0x264),
    (void*)((u8*)wazaSequenceSysGetWazaTime + 0x270),
    (void*)((u8*)wazaSequenceSysGetWazaTime + 0x280),
    (void*)((u8*)wazaSequenceSysGetWazaTime + 0x254),
};

void* jumptable_80372740[8] = {
    (void*)((u8*)wazaSequenceSysGetWazaTime + 0x140),
    (void*)((u8*)wazaSequenceSysGetWazaTime + 0x164),
    (void*)((u8*)wazaSequenceSysGetWazaTime + 0x16C),
    (void*)((u8*)wazaSequenceSysGetWazaTime + 0x154),
    (void*)((u8*)wazaSequenceSysGetWazaTime + 0x15C),
    (void*)((u8*)wazaSequenceSysGetWazaTime + 0x148),
    (void*)((u8*)wazaSequenceSysGetWazaTime + 0x16C),
    (void*)((u8*)wazaSequenceSysGetWazaTime + 0x138),
};

void* jumptable_80372760[7] = {
    (void*)((u8*)wazaSequenceLoadData + 0x234),
    (void*)((u8*)wazaSequenceLoadData + 0xD0),
    (void*)((u8*)wazaSequenceLoadData + 0x194),
    (void*)((u8*)wazaSequenceLoadData + 0x1AC),
    (void*)((u8*)wazaSequenceLoadData + 0x1C4),
    (void*)((u8*)wazaSequenceLoadData + 0x1D8),
    (void*)((u8*)wazaSequenceLoadData + 0x224),
};

void* jumptable_8037277C[13] = {
    (void*)((u8*)_wazaSequenceEffectEntryLoad + 0xCC),
    (void*)((u8*)_wazaSequenceEffectEntryLoad + 0xF8),
    (void*)((u8*)_wazaSequenceEffectEntryLoad + 0x114),
    (void*)((u8*)_wazaSequenceEffectEntryLoad + 0x128),
    (void*)((u8*)_wazaSequenceEffectEntryLoad + 0x144),
    (void*)((u8*)_wazaSequenceEffectEntryLoad + 0x168),
    (void*)((u8*)_wazaSequenceEffectEntryLoad + 0x184),
    (void*)((u8*)_wazaSequenceEffectEntryLoad + 0x198),
    (void*)((u8*)_wazaSequenceEffectEntryLoad + 0x1AC),
    (void*)((u8*)_wazaSequenceEffectEntryLoad + 0x1DC),
    (void*)((u8*)_wazaSequenceEffectEntryLoad + 0x20C),
    (void*)((u8*)_wazaSequenceEffectEntryLoad + 0x220),
    (void*)((u8*)_wazaSequenceEffectEntryLoad + 0x234),
};

u8 lbl_803727B0[12] = {
    0x00, 0x00, 0x00, 0x00, 0x00, 0x00, 0x00, 0x00, 0x00, 0x00, 0x00, 0x00,
};

u8 lbl_803727BC[12] = {
    0x3F, 0x80, 0x00, 0x00, 0x3F, 0x80, 0x00, 0x00, 0x3F, 0x80, 0x00, 0x00,
};

u8 lbl_803727C8[2632] = {
    0x00, 0x00, 0x00, 0x00, 0x00, 0x00, 0x00, 0x00, 0x00, 0x00, 0x00, 0x00,
    0x00, 0x00, 0x04, 0xD6, 0x0B, 0xB3, 0x20, 0x00, 0x00, 0x00, 0xEF, 0x3B,
    0x00, 0x00, 0x04, 0xD7, 0x0B, 0xB4, 0x20, 0x00, 0x00, 0x00, 0xEF, 0x3C,
    0x00, 0x00, 0x04, 0xD8, 0x0B, 0xB5, 0x20, 0x00, 0x00, 0x00, 0xEF, 0x3D,
    0x00, 0x00, 0x04, 0xD9, 0x0B, 0xB6, 0x20, 0x00, 0x00, 0x00, 0xEF, 0x3E,
    0x00, 0x00, 0x04, 0xDA, 0x0B, 0xB7, 0x20, 0x00, 0x00, 0x00, 0xEF, 0x3F,
    0x00, 0x00, 0x04, 0xDB, 0x0B, 0xB8, 0x20, 0x00, 0x00, 0x00, 0xEF, 0x40,
    0x00, 0x00, 0x04, 0xDC, 0x0B, 0xB9, 0x20, 0x00, 0x00, 0x00, 0xEF, 0x41,
    0x00, 0x00, 0x04, 0xDD, 0x0B, 0xBA, 0x20, 0x00, 0x00, 0x00, 0xEF, 0x42,
    0x00, 0x00, 0x04, 0xDE, 0x0B, 0xBB, 0x20, 0x00, 0x00, 0x00, 0xEF, 0x43,
    0x00, 0x00, 0x04, 0xDF, 0x0B, 0xBC, 0x20, 0x00, 0x00, 0x00, 0xEF, 0x44,
    0x00, 0x00, 0x04, 0xE0, 0x0B, 0xBD, 0x20, 0x00, 0x00, 0x00, 0xEF, 0x45,
    0x00, 0x00, 0x04, 0xE1, 0x0B, 0xBE, 0x20, 0x00, 0x00, 0x00, 0xEF, 0x46,
    0x00, 0x00, 0x04, 0xE2, 0x0B, 0xBF, 0x20, 0x00, 0x00, 0x00, 0xEF, 0x47,
    0x00, 0x00, 0x04, 0xE3, 0x0B, 0xC0, 0x20, 0x00, 0x00, 0x00, 0xEF, 0x48,
    0x00, 0x00, 0x04, 0xE4, 0x0B, 0xC1, 0x20, 0x00, 0x00, 0x00, 0xEF, 0x49,
    0x00, 0x00, 0x04, 0xE5, 0x0B, 0xC2, 0x20, 0x00, 0x00, 0x00, 0xEF, 0x4A,
    0x00, 0x00, 0x04, 0xE6, 0x0B, 0xC3, 0x20, 0x00, 0x00, 0x00, 0xEF, 0x4B,
    0x00, 0x00, 0x04, 0xE7, 0x0B, 0xC4, 0x20, 0x00, 0x00, 0x00, 0xEF, 0x4C,
    0x00, 0x00, 0x04, 0xE8, 0x0B, 0xC5, 0x20, 0x00, 0x00, 0x00, 0xEF, 0x4D,
    0x00, 0x00, 0x04, 0xE9, 0x0B, 0xC6, 0x20, 0x00, 0x00, 0x00, 0xEF, 0x4E,
    0x00, 0x00, 0x04, 0xEA, 0x0B, 0xC7, 0x20, 0x00, 0x00, 0x00, 0xEF, 0x4F,
    0x00, 0x00, 0x04, 0xEB, 0x0B, 0xC8, 0x20, 0x00, 0x00, 0x00, 0xEF, 0x50,
    0x00, 0x00, 0x04, 0xEC, 0x0B, 0xC9, 0x20, 0x00, 0x00, 0x00, 0xEF, 0x51,
    0x00, 0x00, 0x04, 0xED, 0x0B, 0xCA, 0x20, 0x00, 0x00, 0x00, 0xEF, 0x52,
    0x00, 0x00, 0x04, 0xEE, 0x0B, 0xCC, 0x20, 0x00, 0x00, 0x00, 0xEF, 0x53,
    0x00, 0x00, 0x04, 0xEF, 0x0B, 0xCD, 0x20, 0x00, 0x00, 0x00, 0xEF, 0x54,
    0x00, 0x00, 0x04, 0xF0, 0x0B, 0xCE, 0x20, 0x00, 0x00, 0x00, 0xEF, 0x55,
    0x00, 0x00, 0x04, 0xF1, 0x0B, 0xD1, 0x20, 0x00, 0x00, 0x00, 0xEF, 0x56,
    0x00, 0x00, 0x04, 0xF2, 0x0B, 0xD0, 0x20, 0x00, 0x00, 0x00, 0xEF, 0x57,
    0x00, 0x00, 0x04, 0xF3, 0x0B, 0xCF, 0x20, 0x00, 0x00, 0x00, 0xEF, 0x58,
    0x00, 0x00, 0x04, 0xF4, 0x0B, 0xD2, 0x20, 0x00, 0x00, 0x00, 0xEF, 0x59,
    0x00, 0x00, 0x04, 0xF5, 0x0B, 0xD3, 0x20, 0x00, 0x00, 0x00, 0xEF, 0x5A,
    0x00, 0x00, 0x04, 0xF6, 0x0B, 0xCB, 0x20, 0x00, 0x00, 0x00, 0xEF, 0x5B,
    0x00, 0x00, 0x04, 0xF7, 0x0B, 0xD6, 0x20, 0x00, 0x00, 0x00, 0xEF, 0x5C,
    0x00, 0x00, 0x04, 0xF8, 0x0B, 0xD4, 0x20, 0x00, 0x00, 0x00, 0xEF, 0x5D,
    0x00, 0x00, 0x04, 0xF9, 0x0B, 0xD5, 0x20, 0x00, 0x00, 0x00, 0xEF, 0x5E,
    0x00, 0x00, 0x04, 0x90, 0x0B, 0x53, 0x20, 0x00, 0x00, 0x00, 0xEF, 0x32,
    0x00, 0x00, 0x04, 0x96, 0x0B, 0x69, 0x20, 0x00, 0x00, 0x00, 0xEF, 0x33,
    0x00, 0x00, 0x04, 0x9B, 0x0B, 0x6E, 0x20, 0x00, 0x00, 0x00, 0xEF, 0x34,
    0x00, 0x00, 0x04, 0x97, 0x0B, 0x6A, 0x20, 0x00, 0x00, 0x00, 0xEF, 0x35,
    0x00, 0x00, 0x04, 0x9C, 0x0B, 0x6F, 0x20, 0x00, 0x00, 0x00, 0xEF, 0x36,
    0x00, 0x00, 0x04, 0x98, 0x0B, 0x6B, 0x20, 0x00, 0x00, 0x00, 0xEF, 0x37,
    0x00, 0x00, 0x04, 0x9D, 0x0B, 0x70, 0x20, 0x00, 0x00, 0x00, 0xEF, 0x38,
    0x00, 0x00, 0x04, 0x99, 0x0B, 0x6C, 0x20, 0x00, 0x00, 0x00, 0xEF, 0x39,
    0x00, 0x00, 0x04, 0x9A, 0x0B, 0x6D, 0x20, 0x00, 0x00, 0x00, 0xEF, 0x3A,
    0x00, 0x00, 0x04, 0xA8, 0x0B, 0x8A, 0x20, 0x00, 0x00, 0x00, 0xEF, 0x2C,
    0x00, 0x00, 0x04, 0xA9, 0x0B, 0x8B, 0x20, 0x00, 0x00, 0x00, 0xEF, 0x2D,
    0x00, 0x00, 0x04, 0xAA, 0x0B, 0x8C, 0x20, 0x00, 0x00, 0x00, 0xEF, 0x7C,
    0x00, 0x00, 0x04, 0xAB, 0x0B, 0x8D, 0x20, 0x00, 0x00, 0x00, 0xEF, 0x2E,
    0x00, 0x00, 0x04, 0xAC, 0x0B, 0x8E, 0x20, 0x00, 0x00, 0x00, 0xEF, 0x7E,
    0x00, 0x00, 0x04, 0xAD, 0x0B, 0x8F, 0x20, 0x00, 0x00, 0x00, 0xEF, 0x7F,
    0x00, 0x00, 0x04, 0xAE, 0x0B, 0x90, 0x20, 0x00, 0x00, 0x00, 0xEF, 0x2F,
    0x00, 0x00, 0x04, 0xAF, 0x0B, 0x91, 0x20, 0x00, 0x00, 0x00, 0xEF, 0x80,
    0x00, 0x00, 0x04, 0xB0, 0x0B, 0x92, 0x20, 0x00, 0x00, 0x00, 0xEF, 0x7D,
    0x00, 0x00, 0x04, 0xB1, 0x0B, 0x93, 0x20, 0x00, 0x00, 0x00, 0xEF, 0x81,
    0x00, 0x00, 0x04, 0xB2, 0x0B, 0x94, 0x20, 0x00, 0x00, 0x00, 0xEF, 0x31,
    0x00, 0x00, 0x04, 0xB3, 0x0B, 0x95, 0x20, 0x00, 0x00, 0x00, 0xEF, 0x30,
    0x00, 0x00, 0x05, 0xA1, 0x0D, 0x75, 0x20, 0x00, 0x00, 0x00, 0xEF, 0x5F,
    0x00, 0x00, 0x05, 0xA3, 0x0D, 0xAD, 0x20, 0x00, 0x00, 0x00, 0xEF, 0x60,
    0x00, 0x00, 0x04, 0x9E, 0x0B, 0x71, 0x20, 0x00, 0x00, 0x00, 0xEF, 0x61,
    0x00, 0x00, 0x05, 0xA4, 0x0D, 0xB0, 0x20, 0x00, 0x00, 0x00, 0xEF, 0x62,
    0x00, 0x00, 0x05, 0xA5, 0x0D, 0xB1, 0x20, 0x00, 0x00, 0x00, 0xEF, 0x63,
    0x00, 0x00, 0x05, 0xA6, 0x0D, 0xB2, 0x20, 0x00, 0x00, 0x00, 0xEF, 0x64,
    0x00, 0x00, 0x05, 0xA7, 0x0D, 0xB3, 0x20, 0x00, 0x00, 0x00, 0xEF, 0x65,
    0x00, 0x00, 0x05, 0xA8, 0x0D, 0xB4, 0x20, 0x00, 0x00, 0x00, 0xEF, 0x66,
    0x00, 0x00, 0x05, 0xA9, 0x0D, 0xB5, 0x20, 0x00, 0x00, 0x00, 0xEF, 0x67,
    0x00, 0x00, 0x05, 0xAA, 0x0D, 0xB6, 0x20, 0x00, 0x00, 0x00, 0xEF, 0x68,
    0x00, 0x00, 0x05, 0xAB, 0x0D, 0xB7, 0x20, 0x00, 0x00, 0x00, 0xEF, 0x69,
    0x00, 0x00, 0x05, 0xAC, 0x0D, 0xB8, 0x20, 0x00, 0x00, 0x00, 0xEF, 0x6A,
    0x00, 0x00, 0x05, 0xAD, 0x0D, 0xB9, 0x20, 0x00, 0x00, 0x00, 0xEF, 0x6B,
    0x00, 0x00, 0x05, 0xAE, 0x0D, 0xBA, 0x20, 0x00, 0x00, 0x00, 0xEF, 0x6C,
    0x00, 0x00, 0x05, 0xAF, 0x0D, 0xBB, 0x20, 0x00, 0x00, 0x00, 0xEF, 0x6D,
    0x00, 0x00, 0x05, 0xB0, 0x0D, 0xBC, 0x20, 0x00, 0x00, 0x00, 0xEF, 0x6E,
    0x00, 0x00, 0x05, 0xB1, 0x0D, 0xBD, 0x20, 0x00, 0x00, 0x00, 0xEF, 0x6F,
    0x00, 0x00, 0x05, 0xB2, 0x0D, 0xBE, 0x20, 0x00, 0x00, 0x00, 0xEF, 0x70,
    0x00, 0x00, 0x05, 0xB3, 0x0D, 0xBF, 0x20, 0x00, 0x00, 0x00, 0xEF, 0x71,
    0x00, 0x00, 0x05, 0xB4, 0x0D, 0xC0, 0x20, 0x00, 0x00, 0x00, 0xEF, 0x72,
    0x00, 0x00, 0x05, 0xB5, 0x0D, 0xC1, 0x20, 0x00, 0x00, 0x00, 0xEF, 0x73,
    0x00, 0x00, 0x05, 0xB6, 0x0D, 0xC2, 0x20, 0x00, 0x00, 0x00, 0xEF, 0x74,
    0x00, 0x00, 0x05, 0xB7, 0x0D, 0xC3, 0x20, 0x00, 0x00, 0x00, 0xEF, 0x75,
    0x00, 0x00, 0x05, 0xB8, 0x0D, 0xC4, 0x20, 0x00, 0x00, 0x00, 0xEF, 0x76,
    0x00, 0x00, 0x05, 0xB9, 0x0D, 0xC5, 0x20, 0x00, 0x00, 0x00, 0xEF, 0x77,
    0x00, 0x00, 0x05, 0xBA, 0x0D, 0xC6, 0x20, 0x00, 0x00, 0x00, 0xEF, 0x78,
    0x00, 0x00, 0x05, 0xBB, 0x0D, 0xC7, 0x20, 0x00, 0x00, 0x00, 0xEF, 0x79,
    0x00, 0x00, 0x05, 0xBC, 0x0D, 0xC8, 0x20, 0x00, 0x00, 0x00, 0xEF, 0x7A,
    0x00, 0x00, 0x05, 0xBD, 0x0D, 0xC9, 0x20, 0x00, 0x00, 0x00, 0xEF, 0x7B,
    0x00, 0x00, 0x05, 0xC1, 0x0F, 0x8A, 0x20, 0x00, 0x00, 0x00, 0xEF, 0x83,
    0x00, 0x00, 0x05, 0xCC, 0x10, 0x00, 0x20, 0x00, 0x00, 0x00, 0xEF, 0xF6,
    0x00, 0x00, 0x05, 0xDB, 0x10, 0x1D, 0x20, 0x00, 0x00, 0x00, 0xEF, 0x29,
    0x00, 0x00, 0x05, 0xDC, 0x10, 0x1E, 0x20, 0x00, 0x00, 0x00, 0xF1, 0x28,
    0x00, 0x00, 0x05, 0xFD, 0x10, 0x5E, 0x20, 0x00, 0x00, 0x00, 0xF1, 0x3A,
    0x00, 0x00, 0x05, 0xFE, 0x10, 0x5F, 0x20, 0x00, 0x00, 0x00, 0xF1, 0x3B,
    0x00, 0x00, 0x05, 0xFF, 0x10, 0x60, 0x20, 0x00, 0x00, 0x00, 0xF1, 0x3C,
    0x00, 0x00, 0x06, 0x00, 0x10, 0x61, 0x20, 0x00, 0x00, 0x00, 0xF1, 0x3D,
    0x00, 0x00, 0x06, 0x01, 0x10, 0x62, 0x20, 0x00, 0x00, 0x00, 0xF1, 0x3E,
    0x00, 0x00, 0x06, 0x02, 0x10, 0x63, 0x20, 0x00, 0x00, 0x00, 0xF1, 0x3F,
    0x00, 0x00, 0x06, 0x03, 0x10, 0x64, 0x20, 0x00, 0x00, 0x00, 0xF1, 0x40,
    0x00, 0x00, 0x06, 0x04, 0x10, 0x65, 0x20, 0x00, 0x00, 0x00, 0xF1, 0x41,
    0x00, 0x00, 0x06, 0x05, 0x10, 0x66, 0x20, 0x00, 0x00, 0x00, 0xF1, 0x42,
    0x00, 0x00, 0x06, 0x06, 0x10, 0x67, 0x20, 0x00, 0x00, 0x00, 0xF1, 0x43,
    0x00, 0x00, 0x06, 0x07, 0x10, 0x68, 0x20, 0x00, 0x00, 0x00, 0xF1, 0x44,
    0x00, 0x00, 0x06, 0x08, 0x10, 0x69, 0x20, 0x00, 0x00, 0x00, 0xF1, 0x45,
    0x00, 0x00, 0x06, 0x09, 0x10, 0x6A, 0x20, 0x00, 0x00, 0x00, 0xF1, 0x46,
    0x00, 0x00, 0x06, 0x0E, 0x10, 0x6F, 0x20, 0x00, 0x00, 0x00, 0xF1, 0x47,
    0x00, 0x00, 0x06, 0x0F, 0x10, 0x70, 0x20, 0x00, 0x00, 0x00, 0xF1, 0x48,
    0x00, 0x00, 0x06, 0x10, 0x10, 0x71, 0x20, 0x00, 0x00, 0x00, 0xF1, 0x49,
    0x00, 0x00, 0x06, 0x11, 0x10, 0x72, 0x20, 0x00, 0x00, 0x00, 0xF1, 0x4A,
    0x00, 0x00, 0x06, 0x12, 0x10, 0x73, 0x20, 0x00, 0x00, 0x00, 0xF1, 0x4B,
    0x00, 0x00, 0x06, 0x13, 0x10, 0x74, 0x20, 0x00, 0x00, 0x00, 0xF1, 0x4C,
    0x00, 0x00, 0x06, 0x14, 0x10, 0x75, 0x20, 0x00, 0x00, 0x00, 0xF1, 0x4D,
    0x00, 0x00, 0x06, 0x15, 0x10, 0x76, 0x20, 0x00, 0x00, 0x00, 0xF1, 0x4E,
    0x00, 0x00, 0x06, 0x16, 0x10, 0x77, 0x20, 0x00, 0x00, 0x00, 0xF1, 0x4F,
    0x00, 0x00, 0x06, 0x17, 0x10, 0x78, 0x20, 0x00, 0x00, 0x00, 0xF1, 0x50,
    0x00, 0x00, 0x06, 0x18, 0x10, 0x7A, 0x20, 0x00, 0x00, 0x00, 0xF1, 0x51,
    0x00, 0x00, 0x06, 0x19, 0x10, 0x79, 0x20, 0x00, 0x00, 0x00, 0xF1, 0x52,
    0x00, 0x00, 0x06, 0x1A, 0x10, 0x7B, 0x20, 0x00, 0x00, 0x00, 0xF1, 0x53,
    0x00, 0x00, 0x06, 0x36, 0x10, 0xD4, 0x20, 0x00, 0x00, 0x00, 0xF2, 0x82,
    0x00, 0x00, 0x06, 0x37, 0x10, 0xD5, 0x20, 0x00, 0x00, 0x00, 0xF2, 0x83,
    0x00, 0x00, 0x06, 0x38, 0x10, 0xD6, 0x20, 0x00, 0x00, 0x00, 0xF2, 0x84,
    0x00, 0x00, 0x06, 0x39, 0x10, 0xD7, 0x20, 0x00, 0x00, 0x00, 0xF2, 0x85,
    0x00, 0x00, 0x06, 0x3A, 0x10, 0xD8, 0x20, 0x00, 0x00, 0x00, 0xF2, 0x86,
    0x00, 0x00, 0x06, 0x3B, 0x10, 0xD9, 0x20, 0x00, 0x00, 0x00, 0xF2, 0x87,
    0x00, 0x00, 0x06, 0x3C, 0x10, 0xDA, 0x20, 0x00, 0x00, 0x00, 0xF2, 0x88,
    0x00, 0x00, 0x06, 0x3D, 0x10, 0xDB, 0x20, 0x00, 0x00, 0x00, 0xF2, 0x89,
    0x00, 0x00, 0x06, 0x3F, 0x10, 0xDC, 0x20, 0x00, 0x00, 0x00, 0xF2, 0x8A,
    0x00, 0x00, 0x06, 0x40, 0x10, 0xDD, 0x20, 0x00, 0x00, 0x00, 0xF2, 0x8B,
    0x00, 0x00, 0x06, 0x41, 0x10, 0xDE, 0x20, 0x00, 0x00, 0x00, 0xF2, 0x8C,
    0x00, 0x00, 0x06, 0x42, 0x10, 0xDF, 0x20, 0x00, 0x00, 0x00, 0xF2, 0x8D,
    0x00, 0x00, 0x06, 0x43, 0x10, 0xE0, 0x20, 0x00, 0x00, 0x00, 0xF2, 0x8E,
    0x00, 0x00, 0x06, 0x44, 0x10, 0xE1, 0x20, 0x00, 0x00, 0x00, 0xF2, 0x8F,
    0x00, 0x00, 0x06, 0x45, 0x10, 0xE2, 0x20, 0x00, 0x00, 0x00, 0xF2, 0x90,
    0x00, 0x00, 0x06, 0x46, 0x10, 0xE3, 0x20, 0x00, 0x00, 0x00, 0xF2, 0x91,
    0x00, 0x00, 0x06, 0x47, 0x10, 0xE4, 0x20, 0x00, 0x00, 0x00, 0xF2, 0x92,
    0x00, 0x00, 0x06, 0x48, 0x10, 0xE5, 0x20, 0x00, 0x00, 0x00, 0xF2, 0x93,
    0x00, 0x00, 0x06, 0x49, 0x10, 0xE6, 0x20, 0x00, 0x00, 0x00, 0xEC, 0xDB,
    0x00, 0x00, 0x06, 0x4A, 0x10, 0xE7, 0x20, 0x00, 0x00, 0x00, 0xF2, 0x94,
    0x00, 0x00, 0x06, 0x4B, 0x10, 0xE8, 0x20, 0x00, 0x00, 0x00, 0xF2, 0x95,
    0x00, 0x00, 0x06, 0x4C, 0x10, 0xE9, 0x20, 0x00, 0x00, 0x00, 0xF2, 0x96,
    0x00, 0x00, 0x06, 0x4D, 0x10, 0xEA, 0x20, 0x00, 0x00, 0x00, 0xF2, 0x97,
    0x00, 0x00, 0x06, 0x4E, 0x10, 0xEB, 0x20, 0x00, 0x00, 0x00, 0xF2, 0x98,
    0x00, 0x00, 0x06, 0x4F, 0x10, 0xEC, 0x20, 0x00, 0x00, 0x00, 0xF2, 0x99,
    0x00, 0x00, 0x06, 0x50, 0x10, 0xED, 0x20, 0x00, 0x00, 0x00, 0xF2, 0x9A,
    0x00, 0x00, 0x06, 0x51, 0x10, 0xEE, 0x20, 0x00, 0x00, 0x00, 0xF2, 0x9B,
    0x00, 0x00, 0x06, 0x59, 0x10, 0xF6, 0x20, 0x00, 0x00, 0x00, 0xF2, 0xA3,
    0x00, 0x00, 0x06, 0x5A, 0x10, 0xF7, 0x20, 0x00, 0x00, 0x00, 0xF2, 0xA4,
    0x00, 0x00, 0x06, 0x5B, 0x10, 0xF8, 0x20, 0x00, 0x00, 0x00, 0xF2, 0xA5,
    0x00, 0x00, 0x06, 0x5C, 0x10, 0xF9, 0x20, 0x00, 0x00, 0x00, 0xF2, 0xA6,
    0x00, 0x00, 0x06, 0x5D, 0x10, 0xFA, 0x20, 0x00, 0x00, 0x00, 0xF2, 0xA7,
    0x00, 0x00, 0x06, 0x5E, 0x10, 0xFB, 0x20, 0x00, 0x00, 0x00, 0xF2, 0xA8,
    0x00, 0x00, 0x06, 0x5F, 0x10, 0xFC, 0x20, 0x00, 0x00, 0x00, 0xF2, 0xA9,
    0x00, 0x00, 0x06, 0x60, 0x10, 0xFD, 0x20, 0x00, 0x00, 0x00, 0xF2, 0xAA,
    0x00, 0x00, 0x06, 0x61, 0x10, 0xFE, 0x20, 0x00, 0x00, 0x00, 0xF2, 0xAB,
    0x00, 0x00, 0x06, 0x62, 0x10, 0xFF, 0x20, 0x00, 0x00, 0x00, 0xF2, 0xAC,
    0x00, 0x00, 0x06, 0x63, 0x11, 0x00, 0x20, 0x00, 0x00, 0x00, 0xF2, 0xAD,
    0x00, 0x00, 0x06, 0x64, 0x11, 0x01, 0x20, 0x00, 0x00, 0x00, 0xF2, 0xAE,
    0x00, 0x00, 0x06, 0x65, 0x11, 0x02, 0x20, 0x00, 0x00, 0x00, 0xF2, 0xAF,
    0x00, 0x00, 0x06, 0x66, 0x11, 0x03, 0x20, 0x00, 0x00, 0x00, 0xF2, 0xB0,
    0x00, 0x00, 0x06, 0x6B, 0x11, 0x53, 0x20, 0x00, 0x00, 0x00, 0xF2, 0xC1,
    0x00, 0x00, 0x06, 0x6C, 0x11, 0x54, 0x20, 0x00, 0x00, 0x00, 0xF2, 0xC2,
    0x00, 0x00, 0x06, 0x6D, 0x11, 0x58, 0x20, 0x00, 0x00, 0x00, 0xF2, 0xC9,
    0x00, 0x00, 0x06, 0x72, 0x11, 0x62, 0x20, 0x00, 0x00, 0x00, 0xF2, 0xCB,
    0x00, 0x00, 0x06, 0x73, 0x11, 0x63, 0x20, 0x00, 0x00, 0x00, 0xF2, 0xCC,
    0x00, 0x00, 0x06, 0x74, 0x11, 0x69, 0x20, 0x00, 0x00, 0x00, 0xF3, 0x03,
    0x00, 0x00, 0x06, 0x75, 0x11, 0x6A, 0x20, 0x00, 0x00, 0x00, 0xEF, 0x73,
    0x00, 0x00, 0x06, 0x76, 0x11, 0x6B, 0x20, 0x00, 0x00, 0x00, 0xEF, 0x74,
    0x00, 0x00, 0x06, 0x77, 0x11, 0x6C, 0x20, 0x00, 0x00, 0x00, 0xEF, 0x75,
    0x00, 0x00, 0x06, 0x78, 0x11, 0x6D, 0x20, 0x00, 0x00, 0x00, 0xEF, 0x77,
    0x00, 0x00, 0x06, 0x79, 0x11, 0x6E, 0x20, 0x00, 0x00, 0x00, 0xEF, 0x73,
    0x00, 0x00, 0x06, 0x7A, 0x11, 0x6F, 0x20, 0x00, 0x00, 0x00, 0xEF, 0x74,
    0x00, 0x00, 0x06, 0x7B, 0x11, 0x70, 0x20, 0x00, 0x00, 0x00, 0xEF, 0x75,
    0x00, 0x00, 0x06, 0x7C, 0x11, 0x71, 0x20, 0x00, 0x00, 0x00, 0xEF, 0x77,
    0x00, 0x00, 0x06, 0x7D, 0x11, 0x72, 0x20, 0x00, 0x00, 0x00, 0xEF, 0x73,
    0x00, 0x00, 0x06, 0x7E, 0x11, 0x98, 0x20, 0x00, 0x00, 0x00, 0xEF, 0x74,
    0x00, 0x00, 0x06, 0x7F, 0x11, 0x73, 0x20, 0x00, 0x00, 0x00, 0xEF, 0x75,
    0x00, 0x00, 0x06, 0x80, 0x11, 0x74, 0x20, 0x00, 0x00, 0x00, 0xEF, 0x77,
    0x00, 0x00, 0x06, 0x81, 0x11, 0x75, 0x20, 0x00, 0x00, 0x00, 0xEF, 0x73,
    0x00, 0x00, 0x06, 0x82, 0x11, 0x76, 0x20, 0x00, 0x00, 0x00, 0xEF, 0x74,
    0x00, 0x00, 0x06, 0x83, 0x11, 0x77, 0x20, 0x00, 0x00, 0x00, 0xEF, 0x75,
    0x00, 0x00, 0x06, 0x84, 0x11, 0x78, 0x20, 0x00, 0x00, 0x00, 0xEF, 0x77,
    0x00, 0x00, 0x06, 0x85, 0x11, 0x79, 0x20, 0x00, 0x00, 0x00, 0xEF, 0x73,
    0x00, 0x00, 0x06, 0x86, 0x11, 0x7A, 0x20, 0x00, 0x00, 0x00, 0xEF, 0x74,
    0x00, 0x00, 0x06, 0x87, 0x11, 0x7B, 0x20, 0x00, 0x00, 0x00, 0xEF, 0x75,
    0x00, 0x00, 0x06, 0x88, 0x11, 0x7C, 0x20, 0x00, 0x00, 0x00, 0xEF, 0x77,
    0x00, 0x00, 0x06, 0x89, 0x11, 0x7D, 0x20, 0x00, 0x00, 0x00, 0xEF, 0x73,
    0x00, 0x00, 0x06, 0x8A, 0x11, 0x7E, 0x20, 0x00, 0x00, 0x00, 0xEF, 0x74,
    0x00, 0x00, 0x06, 0x8B, 0x11, 0x7F, 0x20, 0x00, 0x00, 0x00, 0xEF, 0x75,
    0x00, 0x00, 0x06, 0x8C, 0x11, 0x80, 0x20, 0x00, 0x00, 0x00, 0xEF, 0x77,
    0x00, 0x00, 0x06, 0x8D, 0x11, 0x81, 0x20, 0x00, 0x00, 0x00, 0xEF, 0x73,
    0x00, 0x00, 0x06, 0x8E, 0x11, 0x82, 0x20, 0x00, 0x00, 0x00, 0xEF, 0x74,
    0x00, 0x00, 0x06, 0x8F, 0x11, 0x83, 0x20, 0x00, 0x00, 0x00, 0xEF, 0x75,
    0x00, 0x00, 0x06, 0x90, 0x11, 0x84, 0x20, 0x00, 0x00, 0x00, 0xEF, 0x77,
    0x00, 0x00, 0x06, 0x91, 0x11, 0x85, 0x20, 0x00, 0x00, 0x00, 0xEF, 0x73,
    0x00, 0x00, 0x06, 0x92, 0x11, 0x86, 0x20, 0x00, 0x00, 0x00, 0xEF, 0x74,
    0x00, 0x00, 0x06, 0x93, 0x11, 0x87, 0x20, 0x00, 0x00, 0x00, 0xEF, 0x75,
    0x00, 0x00, 0x06, 0x94, 0x11, 0x88, 0x20, 0x00, 0x00, 0x00, 0xEF, 0x77,
    0x00, 0x00, 0x06, 0x95, 0x11, 0x89, 0x20, 0x00, 0x00, 0x00, 0xEF, 0x73,
    0x00, 0x00, 0x06, 0x96, 0x11, 0x8A, 0x20, 0x00, 0x00, 0x00, 0xEF, 0x74,
    0x00, 0x00, 0x06, 0x97, 0x11, 0x8B, 0x20, 0x00, 0x00, 0x00, 0xEF, 0x75,
    0x00, 0x00, 0x06, 0x98, 0x11, 0x8C, 0x20, 0x00, 0x00, 0x00, 0xEF, 0x77,
    0x00, 0x00, 0x06, 0x99, 0x11, 0x8D, 0x20, 0x00, 0x00, 0x00, 0xEF, 0x73,
    0x00, 0x00, 0x06, 0x9A, 0x11, 0x8E, 0x20, 0x00, 0x00, 0x00, 0xEF, 0x74,
    0x00, 0x00, 0x06, 0x9B, 0x11, 0x8F, 0x20, 0x00, 0x00, 0x00, 0xEF, 0x75,
    0x00, 0x00, 0x06, 0x9C, 0x11, 0x99, 0x20, 0x00, 0x00, 0x00, 0xEF, 0x77,
    0x00, 0x00, 0x06, 0x9D, 0x11, 0x90, 0x20, 0x00, 0x00, 0x00, 0xEF, 0x73,
    0x00, 0x00, 0x06, 0x9E, 0x11, 0x91, 0x20, 0x00, 0x00, 0x00, 0xEF, 0x74,
    0x00, 0x00, 0x06, 0x9F, 0x11, 0x92, 0x20, 0x00, 0x00, 0x00, 0xEF, 0x75,
    0x00, 0x00, 0x06, 0xA0, 0x11, 0x93, 0x20, 0x00, 0x00, 0x00, 0xEF, 0x77,
    0x00, 0x00, 0x06, 0xA1, 0x11, 0x94, 0x20, 0x00, 0x00, 0x00, 0xEF, 0x73,
    0x00, 0x00, 0x06, 0xA2, 0x11, 0x95, 0x20, 0x00, 0x00, 0x00, 0xEF, 0x74,
    0x00, 0x00, 0x06, 0xA3, 0x11, 0x96, 0x20, 0x00, 0x00, 0x00, 0xEF, 0x75,
    0x00, 0x00, 0x06, 0xA4, 0x11, 0x97, 0x20, 0x00, 0x00, 0x00, 0xEF, 0x77,
    0x00, 0x00, 0x06, 0xF8, 0x11, 0xF0, 0x20, 0x00, 0x00, 0x00, 0xF2, 0xA8,
    0x00, 0x00, 0x06, 0xF9, 0x11, 0xF1, 0x20, 0x00, 0x00, 0x00, 0xF2, 0xA9,
    0x00, 0x00, 0x06, 0xFA, 0x11, 0xF2, 0x20, 0x00, 0x00, 0x00, 0xF2, 0xAE,
    0x00, 0x00, 0x06, 0xFB, 0x11, 0xF3, 0x20, 0x00, 0x00, 0x00, 0xF2, 0xAF,
    0x00, 0x00, 0x07, 0x44, 0x12, 0x4D, 0x20, 0x00, 0x00, 0x00, 0x00, 0x00,
    0x00, 0x00, 0x07, 0x54, 0x12, 0x5F, 0x20, 0x00, 0x00, 0x00, 0xEF, 0x5F,
    0x00, 0x00, 0x07, 0x55, 0x12, 0x60, 0x20, 0x00, 0x00, 0x00, 0xF2, 0x94,
    0x00, 0x00, 0x00, 0x00,
};

u8 lbl_80373210[1344] = {
    0x00, 0x00, 0x00, 0x00, 0x00, 0x00, 0x00, 0x00, 0x00, 0x00, 0x00, 0x00,
    0x00, 0x00, 0x00, 0x00, 0x00, 0x00, 0x00, 0x00, 0x00, 0x00, 0x00, 0x00,
    0x00, 0x00, 0x00, 0x00, 0x00, 0x00, 0x00, 0x00, 0x00, 0x00, 0x01, 0x2D,
    0x00, 0x00, 0x00, 0x01, 0x00, 0x00, 0x04, 0xA0, 0x0B, 0x76, 0x20, 0x00,
    0x00, 0x00, 0x04, 0xA1, 0x0B, 0x77, 0x20, 0x00, 0x00, 0x00, 0x00, 0x00,
    0x00, 0x00, 0x00, 0x00, 0x00, 0x00, 0x01, 0x2D, 0x00, 0x00, 0x00, 0x02,
    0x00, 0x00, 0x04, 0xA2, 0x0B, 0x78, 0x20, 0x00, 0x00, 0x00, 0x04, 0xA3,
    0x0B, 0x7D, 0x20, 0x00, 0x00, 0x00, 0x00, 0x00, 0x00, 0x00, 0x00, 0x00,
    0x00, 0x00, 0x01, 0x2D, 0x00, 0x00, 0x00, 0x03, 0x00, 0x00, 0x04, 0xA4,
    0x0B, 0x79, 0x20, 0x00, 0x00, 0x00, 0x04, 0xA5, 0x0B, 0x7C, 0x20, 0x00,
    0x00, 0x00, 0x00, 0x00, 0x00, 0x00, 0x00, 0x00, 0x00, 0x00, 0x01, 0x2D,
    0x00, 0x00, 0x00, 0x04, 0x00, 0x00, 0x04, 0xA6, 0x0B, 0x7A, 0x20, 0x00,
    0x00, 0x00, 0x04, 0xA7, 0x0B, 0x7B, 0x20, 0x00, 0x00, 0x00, 0x00, 0x00,
    0x00, 0x00, 0x00, 0x00, 0x00, 0x00, 0x00, 0x43, 0x00, 0x00, 0x00, 0x01,
    0x00, 0x00, 0x00, 0x00, 0x00, 0x00, 0x00, 0x00, 0x00, 0x00, 0x04, 0x8E,
    0x0B, 0x61, 0x20, 0x00, 0x00, 0x00, 0x00, 0x00, 0x00, 0x00, 0x00, 0x00,
    0x00, 0x00, 0x00, 0x43, 0x00, 0x00, 0x00, 0x02, 0x00, 0x00, 0x00, 0x00,
    0x00, 0x00, 0x00, 0x00, 0x00, 0x00, 0x04, 0xB5, 0x0B, 0x96, 0x20, 0x00,
    0x00, 0x00, 0x00, 0x00, 0x00, 0x00, 0x00, 0x00, 0x00, 0x00, 0x00, 0x43,
    0x00, 0x00, 0x00, 0x03, 0x00, 0x00, 0x00, 0x00, 0x00, 0x00, 0x00, 0x00,
    0x00, 0x00, 0x04, 0xB6, 0x0B, 0x97, 0x20, 0x00, 0x00, 0x00, 0x00, 0x00,
    0x00, 0x00, 0x00, 0x00, 0x00, 0x00, 0x00, 0x43, 0x00, 0x00, 0x00, 0x04,
    0x00, 0x00, 0x00, 0x00, 0x00, 0x00, 0x00, 0x00, 0x00, 0x00, 0x04, 0xB7,
    0x0B, 0x98, 0x20, 0x00, 0x00, 0x00, 0x00, 0x00, 0x00, 0x00, 0x00, 0x00,
    0x00, 0x00, 0x00, 0x43, 0x00, 0x00, 0x00, 0x05, 0x00, 0x00, 0x00, 0x00,
    0x00, 0x00, 0x00, 0x00, 0x00, 0x00, 0x04, 0xB8, 0x0B, 0x99, 0x20, 0x00,
    0x00, 0x00, 0x00, 0x00, 0x00, 0x00, 0x00, 0x00, 0x00, 0x00, 0x00, 0x45,
    0x00, 0x00, 0x00, 0x01, 0x00, 0x00, 0x00, 0x00, 0x00, 0x00, 0x00, 0x00,
    0x00, 0x00, 0x04, 0xB9, 0x0B, 0x9A, 0x20, 0x00, 0x00, 0x00, 0x00, 0x00,
    0x00, 0x00, 0x00, 0x00, 0x00, 0x00, 0x00, 0x45, 0x00, 0x00, 0x00, 0x02,
    0x00, 0x00, 0x00, 0x00, 0x00, 0x00, 0x00, 0x00, 0x00, 0x00, 0x04, 0xBA,
    0x0B, 0x9B, 0x20, 0x00, 0x00, 0x00, 0x00, 0x00, 0x00, 0x00, 0x00, 0x00,
    0x00, 0x00, 0x00, 0xA7, 0x00, 0x00, 0x00, 0x01, 0x00, 0x00, 0x00, 0x00,
    0x00, 0x00, 0x00, 0x00, 0x00, 0x00, 0x04, 0xBB, 0x0B, 0x9C, 0x20, 0x00,
    0x00, 0x00, 0x00, 0x00, 0x00, 0x00, 0x00, 0x00, 0x00, 0x00, 0x00, 0xA7,
    0x00, 0x00, 0x00, 0x02, 0x00, 0x00, 0x00, 0x00, 0x00, 0x00, 0x00, 0x00,
    0x00, 0x00, 0x04, 0xBC, 0x0B, 0x9D, 0x20, 0x00, 0x00, 0x00, 0x00, 0x00,
    0x00, 0x00, 0x00, 0x00, 0x00, 0x00, 0x00, 0xCD, 0x00, 0x00, 0x00, 0x01,
    0x00, 0x00, 0x00, 0x00, 0x00, 0x00, 0x00, 0x00, 0x00, 0x00, 0x04, 0xBD,
    0x0B, 0x9E, 0x20, 0x00, 0x00, 0x00, 0x00, 0x00, 0x00, 0x00, 0x00, 0x00,
    0x00, 0x00, 0x00, 0xCD, 0x00, 0x00, 0x00, 0x02, 0x00, 0x00, 0x00, 0x00,
    0x00, 0x00, 0x00, 0x00, 0x00, 0x00, 0x04, 0xBE, 0x0B, 0x9F, 0x20, 0x00,
    0x00, 0x00, 0x00, 0x00, 0x00, 0x00, 0x00, 0x00, 0x00, 0x00, 0x00, 0xCD,
    0x00, 0x00, 0x00, 0x03, 0x00, 0x00, 0x00, 0x00, 0x00, 0x00, 0x00, 0x00,
    0x00, 0x00, 0x04, 0xBF, 0x0B, 0xA0, 0x20, 0x00, 0x00, 0x00, 0x00, 0x00,
    0x00, 0x00, 0x00, 0x00, 0x00, 0x00, 0x00, 0xCD, 0x00, 0x00, 0x00, 0x04,
    0x00, 0x00, 0x00, 0x00, 0x00, 0x00, 0x00, 0x00, 0x00, 0x00, 0x04, 0xC0,
    0x0B, 0xA1, 0x20, 0x00, 0x00, 0x00, 0x00, 0x00, 0x00, 0x00, 0x00, 0x00,
    0x00, 0x00, 0x00, 0xD2, 0x00, 0x00, 0x00, 0x01, 0x00, 0x00, 0x05, 0x86,
    0x0D, 0x59, 0x20, 0x00, 0x00, 0x00, 0x04, 0xC1, 0x0B, 0xA2, 0x20, 0x00,
    0x00, 0x00, 0x00, 0x00, 0x00, 0x00, 0x00, 0x00, 0x00, 0x00, 0x00, 0xD2,
    0x00, 0x00, 0x00, 0x02, 0x00, 0x00, 0x05, 0x87, 0x0D, 0x5A, 0x20, 0x00,
    0x00, 0x00, 0x04, 0xC2, 0x0B, 0xA3, 0x20, 0x00, 0x00, 0x00, 0x00, 0x00,
    0x00, 0x00, 0x00, 0x00, 0x00, 0x00, 0x00, 0xD2, 0x00, 0x00, 0x00, 0x03,
    0x00, 0x00, 0x05, 0x88, 0x0D, 0x5B, 0x20, 0x00, 0x00, 0x00, 0x04, 0xC3,
    0x0B, 0xA4, 0x20, 0x00, 0x00, 0x00, 0x00, 0x00, 0x00, 0x00, 0x00, 0x00,
    0x00, 0x00, 0x00, 0xD2, 0x00, 0x00, 0x00, 0x04, 0x00, 0x00, 0x05, 0x89,
    0x0D, 0x5C, 0x20, 0x00, 0x00, 0x00, 0x04, 0xC4, 0x0B, 0xA5, 0x20, 0x00,
    0x00, 0x00, 0x00, 0x00, 0x00, 0x00, 0x00, 0x00, 0x00, 0x00, 0x00, 0xD8,
    0x00, 0x00, 0x00, 0x01, 0x00, 0x00, 0x00, 0x00, 0x00, 0x00, 0x00, 0x00,
    0x00, 0x00, 0x04, 0xC5, 0x0B, 0xA6, 0x20, 0x00, 0x00, 0x00, 0x00, 0x00,
    0x00, 0x00, 0x00, 0x00, 0x00, 0x00, 0x00, 0xD8, 0x00, 0x00, 0x00, 0x02,
    0x00, 0x00, 0x00, 0x00, 0x00, 0x00, 0x00, 0x00, 0x00, 0x00, 0x04, 0xC6,
    0x0B, 0xA7, 0x20, 0x00, 0x00, 0x00, 0x00, 0x00, 0x00, 0x00, 0x00, 0x00,
    0x00, 0x00, 0x00, 0xD8, 0x00, 0x00, 0x00, 0x03, 0x00, 0x00, 0x00, 0x00,
    0x00, 0x00, 0x00, 0x00, 0x00, 0x00, 0x04, 0xC7, 0x0B, 0xA8, 0x20, 0x00,
    0x00, 0x00, 0x00, 0x00, 0x00, 0x00, 0x00, 0x00, 0x00, 0x00, 0x00, 0xD9,
    0x00, 0x00, 0x00, 0x01, 0x00, 0x00, 0x00, 0x00, 0x00, 0x00, 0x00, 0x00,
    0x00, 0x00, 0x04, 0xC8, 0x0B, 0xA9, 0x20, 0x00, 0x00, 0x00, 0x00, 0x00,
    0x00, 0x00, 0x00, 0x00, 0x00, 0x00, 0x00, 0xDA, 0x00, 0x00, 0x00, 0x01,
    0x00, 0x00, 0x00, 0x00, 0x00, 0x00, 0x00, 0x00, 0x00, 0x00, 0x04, 0xC9,
    0x0B, 0xAA, 0x20, 0x00, 0x00, 0x00, 0x00, 0x00, 0x00, 0x00, 0x00, 0x00,
    0x00, 0x00, 0x00, 0xDA, 0x00, 0x00, 0x00, 0x02, 0x00, 0x00, 0x00, 0x00,
    0x00, 0x00, 0x00, 0x00, 0x00, 0x00, 0x04, 0xCA, 0x0B, 0xAB, 0x20, 0x00,
    0x00, 0x00, 0x00, 0x00, 0x00, 0x00, 0x00, 0x00, 0x00, 0x00, 0x00, 0xDA,
    0x00, 0x00, 0x00, 0x03, 0x00, 0x00, 0x00, 0x00, 0x00, 0x00, 0x00, 0x00,
    0x00, 0x00, 0x05, 0x51, 0x0C, 0xA6, 0x20, 0x00, 0x00, 0x00, 0x00, 0x00,
    0x00, 0x00, 0x00, 0x00, 0x00, 0x00, 0x00, 0xFF, 0x00, 0x00, 0x00, 0x01,
    0x00, 0x00, 0x04, 0xCB, 0x0B, 0xAC, 0x20, 0x00, 0x00, 0x00, 0x04, 0xCC,
    0x0B, 0xAD, 0x20, 0x00, 0x00, 0x00, 0x00, 0x00, 0x00, 0x00, 0x00, 0x00,
    0x00, 0x00, 0x01, 0x00, 0x00, 0x00, 0x00, 0x01, 0x00, 0x00, 0x00, 0x00,
    0x00, 0x00, 0x00, 0x00, 0x00, 0x00, 0x00, 0x00, 0x00, 0x00, 0x00, 0x00,
    0x00, 0x00, 0x04, 0xCD, 0x0B, 0xAE, 0x20, 0x00, 0x00, 0x00, 0x01, 0x18,
    0x00, 0x00, 0x00, 0x01, 0x00, 0x00, 0x00, 0x00, 0x00, 0x00, 0x00, 0x00,
    0x00, 0x00, 0x04, 0xCE, 0x0B, 0xAF, 0x20, 0x00, 0x00, 0x00, 0x00, 0x00,
    0x00, 0x00, 0x00, 0x00, 0x00, 0x00, 0x01, 0x18, 0x00, 0x00, 0x00, 0x02,
    0x00, 0x00, 0x00, 0x00, 0x00, 0x00, 0x00, 0x00, 0x00, 0x00, 0x04, 0xCF,
    0x0B, 0xB0, 0x20, 0x00, 0x00, 0x00, 0x00, 0x00, 0x00, 0x00, 0x00, 0x00,
    0x00, 0x00, 0x01, 0x18, 0x00, 0x00, 0x00, 0x03, 0x00, 0x00, 0x00, 0x00,
    0x00, 0x00, 0x00, 0x00, 0x00, 0x00, 0x04, 0xD0, 0x0B, 0xB1, 0x20, 0x00,
    0x00, 0x00, 0x00, 0x00, 0x00, 0x00, 0x00, 0x00, 0x00, 0x00, 0x01, 0x37,
    0x00, 0x00, 0x00, 0x01, 0x00, 0x00, 0x00, 0x00, 0x00, 0x00, 0x00, 0x00,
    0x00, 0x00, 0x05, 0x5A, 0x0C, 0xAE, 0x20, 0x00, 0x00, 0x00, 0x00, 0x00,
    0x00, 0x00, 0x00, 0x00, 0x00, 0x00, 0x01, 0x37, 0x00, 0x00, 0x00, 0x02,
    0x00, 0x00, 0x00, 0x00, 0x00, 0x00, 0x00, 0x00, 0x00, 0x00, 0x05, 0x5B,
    0x0C, 0xAF, 0x20, 0x00, 0x00, 0x00, 0x00, 0x00, 0x00, 0x00, 0x00, 0x00,
    0x00, 0x00, 0x01, 0x37, 0x00, 0x00, 0x00, 0x03, 0x00, 0x00, 0x00, 0x00,
    0x00, 0x00, 0x00, 0x00, 0x00, 0x00, 0x05, 0x5C, 0x0C, 0xB0, 0x20, 0x00,
    0x00, 0x00, 0x00, 0x00, 0x00, 0x00, 0x00, 0x00, 0x00, 0x00, 0x01, 0x37,
    0x00, 0x00, 0x00, 0x04, 0x00, 0x00, 0x00, 0x00, 0x00, 0x00, 0x00, 0x00,
    0x00, 0x00, 0x05, 0x5D, 0x0C, 0xB1, 0x20, 0x00, 0x00, 0x00, 0x00, 0x00,
    0x00, 0x00, 0x00, 0x00, 0x00, 0x00, 0x00, 0x90, 0x00, 0x00, 0x00, 0x01,
    0x00, 0x00, 0x00, 0x00, 0x00, 0x00, 0x00, 0x00, 0x00, 0x00, 0x00, 0x00,
    0x00, 0x00, 0x00, 0x00, 0x00, 0x00, 0x06, 0xF5, 0x11, 0xEC, 0x20, 0x00,
    0x00, 0x00, 0x00, 0xDE, 0x00, 0x00, 0x00, 0x01, 0x00, 0x00, 0x00, 0x00,
    0x00, 0x00, 0x00, 0x00, 0x00, 0x00, 0x07, 0x45, 0x12, 0x4E, 0x20, 0x00,
    0x00, 0x00, 0x00, 0x00, 0x00, 0x00, 0x00, 0x00, 0x00, 0x00, 0x00, 0xDE,
    0x00, 0x00, 0x00, 0x02, 0x00, 0x00, 0x00, 0x00, 0x00, 0x00, 0x00, 0x00,
    0x00, 0x00, 0x07, 0x46, 0x12, 0x4F, 0x20, 0x00, 0x00, 0x00, 0x00, 0x00,
    0x00, 0x00, 0x00, 0x00, 0x00, 0x00, 0x00, 0xE4, 0x00, 0x00, 0x00, 0x01,
    0x00, 0x00, 0x00, 0x00, 0x00, 0x00, 0x00, 0x00, 0x00, 0x00, 0x07, 0x56,
    0x12, 0x62, 0x20, 0x00, 0x00, 0x00, 0x00, 0x00, 0x00, 0x00, 0x00, 0x00,
};

u8 lbl_80373750[5872] = {
    0x00, 0x00, 0x00, 0x00, 0x00, 0x00, 0x00, 0x00, 0x00, 0x00, 0x00, 0x00,
    0x00, 0x00, 0x00, 0x00, 0x00, 0x00, 0x00, 0x09, 0x00, 0x38, 0x00, 0x00,
    0x00, 0x00, 0x05, 0xC5, 0x0F, 0xF2, 0x20, 0x00, 0x00, 0x00, 0x00, 0x05,
    0x00, 0x0A, 0x00, 0x00, 0x00, 0x00, 0x06, 0xA5, 0x11, 0x9B, 0x20, 0x00,
    0x00, 0x00, 0x00, 0x7F, 0x00, 0x0B, 0x00, 0x00, 0x00, 0x00, 0x06, 0xA6,
    0x11, 0x9C, 0x20, 0x00, 0x00, 0x00, 0x00, 0x7F, 0x00, 0x0C, 0x00, 0x00,
    0x00, 0x00, 0x06, 0xA7, 0x11, 0x9D, 0x20, 0x00, 0x00, 0x00, 0x00, 0x03,
    0x00, 0x16, 0x00, 0x00, 0x00, 0x00, 0x06, 0xA9, 0x11, 0x9F, 0x20, 0x00,
    0x00, 0x00, 0x00, 0x22, 0x00, 0x1F, 0x00, 0x00, 0x00, 0x00, 0x06, 0xAA,
    0x11, 0xA0, 0x20, 0x00, 0x00, 0x00, 0x00, 0x80, 0x00, 0x20, 0x00, 0x00,
    0x00, 0x00, 0x06, 0xAB, 0x11, 0xA1, 0x20, 0x00, 0x00, 0x00, 0x01, 0x22,
    0x00, 0x28, 0x00, 0x00, 0x00, 0x00, 0x06, 0xAC, 0x11, 0xA2, 0x20, 0x00,
    0x00, 0x00, 0x00, 0x0F, 0x00, 0x29, 0x00, 0x00, 0x00, 0x00, 0x06, 0xAD,
    0x11, 0xA3, 0x20, 0x00, 0x00, 0x00, 0x00, 0x87, 0x00, 0x2A, 0x00, 0x00,
    0x00, 0x00, 0x06, 0xAE, 0x11, 0xA4, 0x20, 0x00, 0x00, 0x00, 0x01, 0x8B,
    0x00, 0x2C, 0x00, 0x00, 0x00, 0x00, 0x06, 0xAF, 0x11, 0xA5, 0x20, 0x00,
    0x00, 0x00, 0x00, 0x52, 0x00, 0x31, 0x00, 0x00, 0x00, 0x00, 0x06, 0xB0,
    0x11, 0xA6, 0x20, 0x00, 0x00, 0x00, 0x00, 0x03, 0x00, 0x50, 0x00, 0x00,
    0x00, 0x00, 0x06, 0xB1, 0x11, 0xA7, 0x20, 0x00, 0x00, 0x00, 0x00, 0x3B,
    0x00, 0x53, 0x00, 0x00, 0x00, 0x00, 0x06, 0xB2, 0x11, 0xA8, 0x20, 0x00,
    0x00, 0x00, 0x00, 0x19, 0x00, 0x54, 0x00, 0x00, 0x00, 0x00, 0x06, 0xB3,
    0x11, 0xA9, 0x20, 0x00, 0x00, 0x00, 0x00, 0x19, 0x00, 0x55, 0x00, 0x00,
    0x00, 0x00, 0x06, 0xB4, 0x11, 0xAA, 0x20, 0x00, 0x00, 0x00, 0x00, 0x19,
    0x00, 0x56, 0x00, 0x00, 0x00, 0x00, 0x06, 0xB5, 0x11, 0xAB, 0x20, 0x00,
    0x00, 0x00, 0x00, 0x19, 0x00, 0x57, 0x00, 0x00, 0x00, 0x00, 0x06, 0xB6,
    0x11, 0xAC, 0x20, 0x00, 0x00, 0x00, 0x00, 0xEA, 0x00, 0x5F, 0x00, 0x00,
    0x00, 0x00, 0x06, 0xB7, 0x11, 0xAD, 0x20, 0x00, 0x00, 0x00, 0x00, 0x4B,
    0x00, 0x78, 0x00, 0x00, 0x00, 0x00, 0x06, 0xBA, 0x11, 0xB0, 0x20, 0x00,
    0x00, 0x00, 0x00, 0x65, 0x00, 0x78, 0x00, 0x00, 0x00, 0x00, 0x06, 0xBB,
    0x11, 0xB1, 0x20, 0x00, 0x00, 0x00, 0x00, 0x71, 0x00, 0x79, 0x00, 0x00,
    0x00, 0x00, 0x06, 0xBC, 0x11, 0xB2, 0x20, 0x00, 0x00, 0x00, 0x00, 0x67,
    0x00, 0x79, 0x00, 0x00, 0x00, 0x00, 0x06, 0xBD, 0x11, 0xB3, 0x20, 0x00,
    0x00, 0x00, 0x00, 0x5B, 0x00, 0x83, 0x00, 0x00, 0x00, 0x00, 0x06, 0xBE,
    0x11, 0xB4, 0x20, 0x00, 0x00, 0x00, 0x01, 0x84, 0x00, 0x84, 0x00, 0x00,
    0x00, 0x00, 0x06, 0xBF, 0x11, 0xB5, 0x20, 0x00, 0x00, 0x00, 0x00, 0x41,
    0x00, 0x86, 0x00, 0x00, 0x00, 0x00, 0x06, 0xC0, 0x11, 0xB6, 0x20, 0x00,
    0x00, 0x00, 0x00, 0x40, 0x00, 0x86, 0x00, 0x00, 0x00, 0x00, 0x06, 0xC1,
    0x11, 0xB7, 0x20, 0x00, 0x00, 0x00, 0x00, 0x67, 0x00, 0x8C, 0x00, 0x00,
    0x00, 0x00, 0x06, 0xC2, 0x11, 0xB8, 0x20, 0x00, 0x00, 0x00, 0x00, 0x7C,
    0x00, 0x8E, 0x00, 0x00, 0x00, 0x00, 0x06, 0xC3, 0x11, 0xB9, 0x20, 0x00,
    0x00, 0x00, 0x00, 0x92, 0x00, 0x8F, 0x00, 0x00, 0x00, 0x00, 0x06, 0xC4,
    0x11, 0xBA, 0x20, 0x00, 0x00, 0x00, 0x00, 0x65, 0x00, 0x99, 0x00, 0x00,
    0x00, 0x00, 0x06, 0xC5, 0x11, 0xBB, 0x20, 0x00, 0x00, 0x00, 0x00, 0x05,
    0x00, 0xA3, 0x00, 0x00, 0x00, 0x00, 0x06, 0xC6, 0x11, 0xBC, 0x20, 0x00,
    0x00, 0x00, 0x00, 0xEB, 0x00, 0xA6, 0x00, 0x00, 0x00, 0x00, 0x06, 0xC7,
    0x11, 0xBD, 0x20, 0x00, 0x00, 0x00, 0x00, 0x90, 0x00, 0xB5, 0x00, 0x00,
    0x00, 0x00, 0x06, 0xC8, 0x11, 0xBE, 0x20, 0x00, 0x00, 0x00, 0x00, 0x19,
    0x00, 0xC0, 0x00, 0x00, 0x00, 0x00, 0x06, 0xCA, 0x11, 0xC0, 0x20, 0x00,
    0x00, 0x00, 0x00, 0x52, 0x00, 0xC7, 0x00, 0x00, 0x00, 0x00, 0x06, 0xCB,
    0x11, 0xC1, 0x20, 0x00, 0x00, 0x00, 0x00, 0x4C, 0x00, 0xCD, 0x00, 0x00,
    0x00, 0x00, 0x06, 0xCD, 0x11, 0xC3, 0x20, 0x00, 0x00, 0x00, 0x00, 0xC7,
    0x00, 0xCF, 0x00, 0x00, 0x00, 0x00, 0x06, 0xCE, 0x11, 0xC4, 0x20, 0x00,
    0x00, 0x00, 0x00, 0x7B, 0x00, 0xD2, 0x00, 0x00, 0x00, 0x00, 0x06, 0xCF,
    0x11, 0xC5, 0x20, 0x00, 0x00, 0x00, 0x00, 0x27, 0x00, 0xD9, 0x00, 0x00,
    0x00, 0x00, 0x06, 0xD1, 0x11, 0xC7, 0x20, 0x00, 0x00, 0x00, 0x00, 0x95,
    0x00, 0xE1, 0x00, 0x00, 0x00, 0x00, 0x06, 0xD2, 0x11, 0xC8, 0x20, 0x00,
    0x00, 0x00, 0x01, 0x55, 0x00, 0xE3, 0x00, 0x00, 0x00, 0x00, 0x06, 0xD3,
    0x11, 0xC9, 0x20, 0x00, 0x00, 0x00, 0x00, 0x16, 0x00, 0xE4, 0x00, 0x00,
    0x00, 0x00, 0x06, 0xD4, 0x11, 0xCA, 0x20, 0x00, 0x00, 0x00, 0x01, 0x3F,
    0x00, 0xE5, 0x00, 0x00, 0x00, 0x00, 0x06, 0xD5, 0x11, 0xCB, 0x20, 0x00,
    0x00, 0x00, 0x00, 0x86, 0x00, 0xE7, 0x00, 0x00, 0x00, 0x00, 0x06, 0xD6,
    0x11, 0xCC, 0x20, 0x00, 0x00, 0x00, 0x00, 0x87, 0x00, 0xE7, 0x00, 0x00,
    0x00, 0x00, 0x06, 0xD7, 0x11, 0xCD, 0x20, 0x00, 0x00, 0x00, 0x01, 0x9E,
    0x00, 0xF0, 0x00, 0x00, 0x00, 0x00, 0x06, 0xD8, 0x11, 0xCE, 0x20, 0x00,
    0x00, 0x00, 0x01, 0x9F, 0x00, 0xF1, 0x00, 0x00, 0x00, 0x00, 0x06, 0xD9,
    0x11, 0xCF, 0x20, 0x00, 0x00, 0x00, 0x01, 0x8B, 0x00, 0xF2, 0x00, 0x00,
    0x00, 0x00, 0x06, 0xDA, 0x11, 0xD0, 0x20, 0x00, 0x00, 0x00, 0x00, 0x19,
    0x00, 0xF9, 0x00, 0x00, 0x00, 0x00, 0x06, 0xDC, 0x11, 0xD2, 0x20, 0x00,
    0x00, 0x00, 0x00, 0x3B, 0x01, 0x01, 0x00, 0x00, 0x00, 0x00, 0x06, 0xDD,
    0x11, 0xD3, 0x20, 0x00, 0x00, 0x00, 0x01, 0xA0, 0x01, 0x02, 0x00, 0x00,
    0x00, 0x00, 0x06, 0xDE, 0x11, 0xD4, 0x20, 0x00, 0x00, 0x00, 0x00, 0x41,
    0x01, 0x0F, 0x00, 0x00, 0x00, 0x00, 0x06, 0xE0, 0x11, 0xD5, 0x20, 0x00,
    0x00, 0x00, 0x00, 0x44, 0x01, 0x17, 0x00, 0x00, 0x00, 0x00, 0x06, 0xE1,
    0x11, 0xD6, 0x20, 0x00, 0x00, 0x00, 0x00, 0x19, 0x01, 0x18, 0x00, 0x00,
    0x00, 0x00, 0x06, 0xE2, 0x11, 0xD7, 0x20, 0x00, 0x00, 0x00, 0x00, 0x09,
    0x01, 0x34, 0x00, 0x00, 0x00, 0x00, 0x06, 0xE3, 0x11, 0xD8, 0x20, 0x00,
    0x00, 0x00, 0x01, 0x63, 0x01, 0x39, 0x00, 0x00, 0x00, 0x00, 0x06, 0xE4,
    0x11, 0xD9, 0x20, 0x00, 0x00, 0x00, 0x00, 0x52, 0x01, 0x3F, 0x00, 0x00,
    0x00, 0x00, 0x06, 0xE5, 0x11, 0xDA, 0x20, 0x00, 0x00, 0x00, 0x00, 0x86,
    0x01, 0x40, 0x00, 0x00, 0x00, 0x00, 0x06, 0xE6, 0x11, 0xDB, 0x20, 0x00,
    0x00, 0x00, 0x00, 0x86, 0x01, 0x41, 0x00, 0x00, 0x00, 0x00, 0x06, 0xE7,
    0x11, 0xDC, 0x20, 0x00, 0x00, 0x00, 0x00, 0x6B, 0x01, 0x47, 0x00, 0x00,
    0x00, 0x00, 0x06, 0xE8, 0x11, 0xDD, 0x20, 0x00, 0x00, 0x00, 0x00, 0x5B,
    0x01, 0x4D, 0x00, 0x00, 0x00, 0x00, 0x06, 0xE9, 0x11, 0xDE, 0x20, 0x00,
    0x00, 0x00, 0x01, 0x43, 0x01, 0x5A, 0x00, 0x00, 0x00, 0x00, 0x06, 0xEB,
    0x11, 0xE0, 0x20, 0x00, 0x00, 0x00, 0x00, 0x19, 0x01, 0x5F, 0x00, 0x00,
    0x00, 0x00, 0x06, 0xEE, 0x11, 0xE3, 0x20, 0x00, 0x00, 0x00, 0x00, 0x09,
    0x00, 0x27, 0x00, 0x00, 0x00, 0x00, 0x06, 0xFC, 0x11, 0xF4, 0x20, 0x00,
    0x00, 0x00, 0x00, 0x37, 0x00, 0x27, 0x00, 0x00, 0x00, 0x00, 0x06, 0xFC,
    0x11, 0xF4, 0x20, 0x00, 0x00, 0x00, 0x00, 0x85, 0x00, 0x27, 0x00, 0x00,
    0x00, 0x00, 0x06, 0xFC, 0x11, 0xF4, 0x20, 0x00, 0x00, 0x00, 0x00, 0x88,
    0x00, 0x27, 0x00, 0x00, 0x00, 0x00, 0x06, 0xFC, 0x11, 0xF4, 0x20, 0x00,
    0x00, 0x00, 0x00, 0xAC, 0x00, 0x27, 0x00, 0x00, 0x00, 0x00, 0x06, 0xFC,
    0x11, 0xF4, 0x20, 0x00, 0x00, 0x00, 0x00, 0xD1, 0x00, 0x27, 0x00, 0x00,
    0x00, 0x00, 0x06, 0xFC, 0x11, 0xF4, 0x20, 0x00, 0x00, 0x00, 0x01, 0x3C,
    0x00, 0x27, 0x00, 0x00, 0x00, 0x00, 0x06, 0xFC, 0x11, 0xF4, 0x20, 0x00,
    0x00, 0x00, 0x01, 0x44, 0x00, 0xDE, 0x00, 0x00, 0x00, 0x00, 0x07, 0x0C,
    0x12, 0x03, 0x20, 0x00, 0x00, 0x00, 0x01, 0x95, 0x00, 0xDE, 0x00, 0x00,
    0x00, 0x00, 0x07, 0x0C, 0x12, 0x03, 0x20, 0x00, 0x00, 0x00, 0x00, 0x7B,
    0x00, 0x0D, 0x00, 0x00, 0x00, 0x00, 0x07, 0x0F, 0x12, 0x07, 0x20, 0x00,
    0x00, 0x00, 0x01, 0x2C, 0x00, 0x0D, 0x00, 0x00, 0x00, 0x00, 0x07, 0x0F,
    0x12, 0x07, 0x20, 0x00, 0x00, 0x00, 0x00, 0x10, 0x00, 0x10, 0x00, 0x00,
    0x00, 0x00, 0x07, 0x10, 0x12, 0x08, 0x20, 0x00, 0x00, 0x00, 0x00, 0x11,
    0x00, 0x10, 0x00, 0x00, 0x00, 0x00, 0x07, 0x10, 0x12, 0x08, 0x20, 0x00,
    0x00, 0x00, 0x00, 0x12, 0x00, 0x10, 0x00, 0x00, 0x00, 0x00, 0x07, 0x10,
    0x12, 0x08, 0x20, 0x00, 0x00, 0x00, 0x00, 0xFA, 0x00, 0x10, 0x00, 0x00,
    0x00, 0x00, 0x07, 0x10, 0x12, 0x08, 0x20, 0x00, 0x00, 0x00, 0x00, 0x10,
    0x00, 0x12, 0x00, 0x00, 0x00, 0x00, 0x07, 0x11, 0x12, 0x09, 0x20, 0x00,
    0x00, 0x00, 0x00, 0x11, 0x00, 0x12, 0x00, 0x00, 0x00, 0x00, 0x07, 0x11,
    0x12, 0x09, 0x20, 0x00, 0x00, 0x00, 0x00, 0x12, 0x00, 0x12, 0x00, 0x00,
    0x00, 0x00, 0x07, 0x11, 0x12, 0x09, 0x20, 0x00, 0x00, 0x00, 0x00, 0x8E,
    0x00, 0x12, 0x00, 0x00, 0x00, 0x00, 0x07, 0x11, 0x12, 0x09, 0x20, 0x00,
    0x00, 0x00, 0x00, 0xFA, 0x00, 0x12, 0x00, 0x00, 0x00, 0x00, 0x07, 0x11,
    0x12, 0x09, 0x20, 0x00, 0x00, 0x00, 0x00, 0x7F, 0x00, 0x14, 0x00, 0x00,
    0x00, 0x00, 0x07, 0x12, 0x12, 0x0A, 0x20, 0x00, 0x00, 0x00, 0x01, 0x3D,
    0x00, 0x14, 0x00, 0x00, 0x00, 0x00, 0x07, 0x12, 0x12, 0x0A, 0x20, 0x00,
    0x00, 0x00, 0x00, 0x19, 0x00, 0x15, 0x00, 0x00, 0x00, 0x00, 0x07, 0x13,
    0x12, 0x0B, 0x20, 0x00, 0x00, 0x00, 0x01, 0x17, 0x00, 0x15, 0x00, 0x00,
    0x00, 0x00, 0x07, 0x13, 0x12, 0x0B, 0x20, 0x00, 0x00, 0x00, 0x00, 0x11,
    0x00, 0x1C, 0x00, 0x00, 0x00, 0x00, 0x07, 0x14, 0x12, 0x0C, 0x20, 0x00,
    0x00, 0x00, 0x00, 0x12, 0x00, 0x1C, 0x00, 0x00, 0x00, 0x00, 0x07, 0x14,
    0x12, 0x0C, 0x20, 0x00, 0x00, 0x00, 0x00, 0x10, 0x00, 0x1C, 0x00, 0x00,
    0x00, 0x00, 0x07, 0x14, 0x12, 0x0C, 0x20, 0x00, 0x00, 0x00, 0x00, 0x87,
    0x00, 0x1C, 0x00, 0x00, 0x00, 0x00, 0x07, 0x14, 0x12, 0x0C, 0x20, 0x00,
    0x00, 0x00, 0x00, 0x45, 0x00, 0x23, 0x00, 0x00, 0x00, 0x00, 0x07, 0x15,
    0x12, 0x0D, 0x20, 0x00, 0x00, 0x00, 0x01, 0x9A, 0x00, 0x23, 0x00, 0x00,
    0x00, 0x00, 0x07, 0x15, 0x12, 0x0D, 0x20, 0x00, 0x00, 0x00, 0x01, 0x43,
    0x00, 0x25, 0x00, 0x00, 0x00, 0x00, 0x07, 0x16, 0x12, 0x0E, 0x20, 0x00,
    0x00, 0x00, 0x01, 0x8B, 0x00, 0x25, 0x00, 0x00, 0x00, 0x00, 0x07, 0x16,
    0x12, 0x0E, 0x20, 0x00, 0x00, 0x00, 0x00, 0x83, 0x00, 0x2D, 0x00, 0x00,
    0x00, 0x00, 0x07, 0x17, 0x12, 0x0F, 0x20, 0x00, 0x00, 0x00, 0x00, 0x06,
    0x00, 0x2D, 0x00, 0x00, 0x00, 0x00, 0x07, 0x17, 0x12, 0x0F, 0x20, 0x00,
    0x00, 0x00, 0x00, 0x1F, 0x00, 0x2E, 0x00, 0x00, 0x00, 0x00, 0x07, 0x18,
    0x12, 0x10, 0x20, 0x00, 0x00, 0x00, 0x00, 0x22, 0x00, 0x2E, 0x00, 0x00,
    0x00, 0x00, 0x07, 0x18, 0x12, 0x10, 0x20, 0x00, 0x00, 0x00, 0x00, 0x5F,
    0x00, 0x2E, 0x00, 0x00, 0x00, 0x00, 0x07, 0x18, 0x12, 0x10, 0x20, 0x00,
    0x00, 0x00, 0x00, 0xD2, 0x00, 0x2E, 0x00, 0x00, 0x00, 0x00, 0x07, 0x18,
    0x12, 0x10, 0x20, 0x00, 0x00, 0x00, 0x00, 0x52, 0x00, 0x30, 0x00, 0x00,
    0x00, 0x00, 0x07, 0x19, 0x12, 0x11, 0x20, 0x00, 0x00, 0x00, 0x00, 0x8E,
    0x00, 0x30, 0x00, 0x00, 0x00, 0x00, 0x07, 0x19, 0x12, 0x11, 0x20, 0x00,
    0x00, 0x00, 0x00, 0x41, 0x00, 0x32, 0x00, 0x00, 0x00, 0x00, 0x07, 0x1A,
    0x12, 0x12, 0x20, 0x00, 0x00, 0x00, 0x00, 0x61, 0x00, 0x32, 0x00, 0x00,
    0x00, 0x00, 0x07, 0x1A, 0x12, 0x12, 0x20, 0x00, 0x00, 0x00, 0x00, 0x4E,
    0x00, 0x35, 0x00, 0x00, 0x00, 0x00, 0x07, 0x1B, 0x12, 0x13, 0x20, 0x00,
    0x00, 0x00, 0x00, 0x7E, 0x00, 0x35, 0x00, 0x00, 0x00, 0x00, 0x07, 0x1B,
    0x12, 0x13, 0x20, 0x00, 0x00, 0x00, 0x00, 0xF0, 0x00, 0x35, 0x00, 0x00,
    0x00, 0x00, 0x07, 0x1B, 0x12, 0x13, 0x20, 0x00, 0x00, 0x00, 0x00, 0x3E,
    0x00, 0x37, 0x00, 0x00, 0x00, 0x00, 0x07, 0x1C, 0x12, 0x14, 0x20, 0x00,
    0x00, 0x00, 0x00, 0x78, 0x00, 0x37, 0x00, 0x00, 0x00, 0x00, 0x07, 0x1C,
    0x12, 0x14, 0x20, 0x00, 0x00, 0x00, 0x00, 0x79, 0x00, 0x37, 0x00, 0x00,
    0x00, 0x00, 0x07, 0x1C, 0x12, 0x14, 0x20, 0x00, 0x00, 0x00, 0x00, 0x19,
    0x00, 0x39, 0x00, 0x00, 0x00, 0x00, 0x07, 0x1D, 0x12, 0x15, 0x20, 0x00,
    0x00, 0x00, 0x00, 0x1A, 0x00, 0x39, 0x00, 0x00, 0x00, 0x00, 0x07, 0x1D,
    0x12, 0x15, 0x20, 0x00, 0x00, 0x00, 0x00, 0xF9, 0x00, 0x39, 0x00, 0x00,
    0x00, 0x00, 0x07, 0x57, 0x12, 0x65, 0x20, 0x00, 0x00, 0x00, 0x00, 0x5A,
    0x00, 0x3B, 0x00, 0x00, 0x00, 0x00, 0x07, 0x1E, 0x12, 0x16, 0x20, 0x00,
    0x00, 0x00, 0x00, 0x90, 0x00, 0x3B, 0x00, 0x00, 0x00, 0x00, 0x07, 0x1E,
    0x12, 0x16, 0x20, 0x00, 0x00, 0x00, 0x00, 0x78, 0x00, 0x3D, 0x00, 0x00,
    0x00, 0x00, 0x07, 0x1F, 0x12, 0x17, 0x20, 0x00, 0x00, 0x00, 0x00, 0x79,
    0x00, 0x3D, 0x00, 0x00, 0x00, 0x00, 0x07, 0x1F, 0x12, 0x17, 0x20, 0x00,
    0x00, 0x00, 0x00, 0x01, 0x00, 0x49, 0x00, 0x00, 0x00, 0x00, 0x07, 0x20,
    0x12, 0x18, 0x20, 0x00, 0x00, 0x00, 0x00, 0x02, 0x00, 0x49, 0x00, 0x00,
    0x00, 0x00, 0x07, 0x20, 0x12, 0x18, 0x20, 0x00, 0x00, 0x00, 0x00, 0x03,
    0x00, 0x49, 0x00, 0x00, 0x00, 0x00, 0x07, 0x20, 0x12, 0x18, 0x20, 0x00,
    0x00, 0x00, 0x00, 0x66, 0x00, 0x49, 0x00, 0x00, 0x00, 0x00, 0x07, 0x20,
    0x12, 0x18, 0x20, 0x00, 0x00, 0x00, 0x00, 0x01, 0x00, 0x4C, 0x00, 0x00,
    0x00, 0x00, 0x07, 0x21, 0x12, 0x19, 0x20, 0x00, 0x00, 0x00, 0x00, 0x02,
    0x00, 0x4C, 0x00, 0x00, 0x00, 0x00, 0x07, 0x21, 0x12, 0x19, 0x20, 0x00,
    0x00, 0x00, 0x00, 0x01, 0x00, 0x4D, 0x00, 0x00, 0x00, 0x00, 0x07, 0x22,
    0x12, 0x1A, 0x20, 0x00, 0x00, 0x00, 0x00, 0x02, 0x00, 0x4D, 0x00, 0x00,
    0x00, 0x00, 0x07, 0x22, 0x12, 0x1A, 0x20, 0x00, 0x00, 0x00, 0x00, 0x45,
    0x00, 0x4D, 0x00, 0x00, 0x00, 0x00, 0x07, 0x22, 0x12, 0x1A, 0x20, 0x00,
    0x00, 0x00, 0x00, 0x2D, 0x00, 0x4D, 0x00, 0x00, 0x00, 0x00, 0x07, 0x22,
    0x12, 0x1A, 0x20, 0x00, 0x00, 0x00, 0x00, 0x66, 0x00, 0x4D, 0x00, 0x00,
    0x00, 0x00, 0x07, 0x22, 0x12, 0x1A, 0x20, 0x00, 0x00, 0x00, 0x00, 0x2D,
    0x00, 0x4E, 0x00, 0x00, 0x00, 0x00, 0x07, 0x23, 0x12, 0x1B, 0x20, 0x00,
    0x00, 0x00, 0x00, 0x45, 0x00, 0x4E, 0x00, 0x00, 0x00, 0x00, 0x07, 0x23,
    0x12, 0x1B, 0x20, 0x00, 0x00, 0x00, 0x00, 0x66, 0x00, 0x4E, 0x00, 0x00,
    0x00, 0x00, 0x07, 0x23, 0x12, 0x1B, 0x20, 0x00, 0x00, 0x00, 0x00, 0x01,
    0x00, 0x4F, 0x00, 0x00, 0x00, 0x00, 0x07, 0x24, 0x12, 0x1C, 0x20, 0x00,
    0x00, 0x00, 0x00, 0x02, 0x00, 0x4F, 0x00, 0x00, 0x00, 0x00, 0x07, 0x24,
    0x12, 0x1C, 0x20, 0x00, 0x00, 0x00, 0x00, 0x45, 0x00, 0x4F, 0x00, 0x00,
    0x00, 0x00, 0x07, 0x24, 0x12, 0x1C, 0x20, 0x00, 0x00, 0x00, 0x00, 0x2D,
    0x00, 0x4F, 0x00, 0x00, 0x00, 0x00, 0x07, 0x24, 0x12, 0x1C, 0x20, 0x00,
    0x00, 0x00, 0x00, 0x2D, 0x00, 0x4F, 0x00, 0x00, 0x00, 0x00, 0x07, 0x24,
    0x12, 0x1C, 0x20, 0x00, 0x00, 0x00, 0x00, 0x82, 0x00, 0x52, 0x00, 0x00,
    0x00, 0x00, 0x07, 0x25, 0x12, 0x1D, 0x20, 0x00, 0x00, 0x00, 0x00, 0x95,
    0x00, 0x52, 0x00, 0x00, 0x00, 0x00, 0x07, 0x25, 0x12, 0x1D, 0x20, 0x00,
    0x00, 0x00, 0x00, 0x03, 0x00, 0x59, 0x00, 0x00, 0x00, 0x00, 0x07, 0x26,
    0x12, 0x1E, 0x20, 0x00, 0x00, 0x00, 0x00, 0x97, 0x00, 0x59, 0x00, 0x00,
    0x00, 0x00, 0x07, 0x26, 0x12, 0x1E, 0x20, 0x00, 0x00, 0x00, 0x01, 0x43,
    0x00, 0x59, 0x00, 0x00, 0x00, 0x00, 0x07, 0x26, 0x12, 0x1E, 0x20, 0x00,
    0x00, 0x00, 0x01, 0x44, 0x00, 0x59, 0x00, 0x00, 0x00, 0x00, 0x07, 0x26,
    0x12, 0x1E, 0x20, 0x00, 0x00, 0x00, 0x01, 0x95, 0x00, 0x59, 0x00, 0x00,
    0x00, 0x00, 0x07, 0x26, 0x12, 0x1E, 0x20, 0x00, 0x00, 0x00, 0x01, 0x44,
    0x00, 0x5A, 0x00, 0x00, 0x00, 0x00, 0x07, 0x27, 0x12, 0x1F, 0x20, 0x00,
    0x00, 0x00, 0x01, 0x95, 0x00, 0x5A, 0x00, 0x00, 0x00, 0x00, 0x07, 0x27,
    0x12, 0x1F, 0x20, 0x00, 0x00, 0x00, 0x00, 0x96, 0x00, 0x5E, 0x00, 0x00,
    0x00, 0x00, 0x07, 0x28, 0x12, 0x20, 0x20, 0x00, 0x00, 0x00, 0x00, 0x97,
    0x00, 0x5E, 0x00, 0x00, 0x00, 0x00, 0x07, 0x28, 0x12, 0x20, 0x20, 0x00,
    0x00, 0x00, 0x00, 0x3C, 0x00, 0x5F, 0x00, 0x00, 0x00, 0x00, 0x07, 0x29,
    0x12, 0x21, 0x20, 0x00, 0x00, 0x00, 0x00, 0x3E, 0x00, 0x5F, 0x00, 0x00,
    0x00, 0x00, 0x07, 0x29, 0x12, 0x21, 0x20, 0x00, 0x00, 0x00, 0x00, 0x23,
    0x00, 0x76, 0x00, 0x00, 0x00, 0x00, 0x07, 0x2A, 0x12, 0x22, 0x20, 0x00,
    0x00, 0x00, 0x00, 0x24, 0x00, 0x76, 0x00, 0x00, 0x00, 0x00, 0x07, 0x2A,
    0x12, 0x22, 0x20, 0x00, 0x00, 0x00, 0x00, 0xAD, 0x00, 0x76, 0x00, 0x00,
    0x00, 0x00, 0x07, 0x2A, 0x12, 0x22, 0x20, 0x00, 0x00, 0x00, 0x00, 0x2A,
    0x00, 0x7A, 0x00, 0x00, 0x00, 0x00, 0x07, 0x2B, 0x12, 0x23, 0x20, 0x00,
    0x00, 0x00, 0x00, 0x5A, 0x00, 0x7A, 0x00, 0x00, 0x00, 0x00, 0x07, 0x2B,
    0x12, 0x23, 0x20, 0x00, 0x00, 0x00, 0x00, 0x5C, 0x00, 0x7A, 0x00, 0x00,
    0x00, 0x00, 0x07, 0x2B, 0x12, 0x23, 0x20, 0x00, 0x00, 0x00, 0x00, 0x5D,
    0x00, 0x7A, 0x00, 0x00, 0x00, 0x00, 0x07, 0x2B, 0x12, 0x23, 0x20, 0x00,
    0x00, 0x00, 0x00, 0x5E, 0x00, 0x7A, 0x00, 0x00, 0x00, 0x00, 0x07, 0x2B,
    0x12, 0x23, 0x20, 0x00, 0x00, 0x00, 0x00, 0x6C, 0x00, 0x7A, 0x00, 0x00,
    0x00, 0x00, 0x07, 0x2B, 0x12, 0x23, 0x20, 0x00, 0x00, 0x00, 0x00, 0xBA,
    0x00, 0x7A, 0x00, 0x00, 0x00, 0x00, 0x07, 0x2B, 0x12, 0x23, 0x20, 0x00,
    0x00, 0x00, 0x01, 0x3D, 0x00, 0x7A, 0x00, 0x00, 0x00, 0x00, 0x07, 0x2B,
    0x12, 0x23, 0x20, 0x00, 0x00, 0x00, 0x01, 0x79, 0x00, 0x7A, 0x00, 0x00,
    0x00, 0x00, 0x07, 0x2B, 0x12, 0x23, 0x20, 0x00, 0x00, 0x00, 0x01, 0x7B,
    0x00, 0x7A, 0x00, 0x00, 0x00, 0x00, 0x07, 0x2B, 0x12, 0x23, 0x20, 0x00,
    0x00, 0x00, 0x00, 0x7E, 0x00, 0x7E, 0x00, 0x00, 0x00, 0x00, 0x07, 0x2C,
    0x12, 0x24, 0x20, 0x00, 0x00, 0x00, 0x00, 0xF0, 0x00, 0x7E, 0x00, 0x00,
    0x00, 0x00, 0x07, 0x2C, 0x12, 0x24, 0x20, 0x00, 0x00, 0x00, 0x00, 0x4E,
    0x00, 0x7E, 0x00, 0x00, 0x00, 0x00, 0x07, 0x2C, 0x12, 0x24, 0x20, 0x00,
    0x00, 0x00, 0x00, 0x9B, 0x00, 0x7E, 0x00, 0x00, 0x00, 0x00, 0x07, 0x2C,
    0x12, 0x24, 0x20, 0x00, 0x00, 0x00, 0x00, 0x9C, 0x00, 0x7E, 0x00, 0x00,
    0x00, 0x00, 0x07, 0x2C, 0x12, 0x24, 0x20, 0x00, 0x00, 0x00, 0x00, 0x5B,
    0x00, 0x80, 0x00, 0x00, 0x00, 0x00, 0x07, 0x2D, 0x12, 0x25, 0x20, 0x00,
    0x00, 0x00, 0x01, 0x75, 0x00, 0x80, 0x00, 0x00, 0x00, 0x00, 0x07, 0x2D,
    0x12, 0x25, 0x20, 0x00, 0x00, 0x00, 0x00, 0x3E, 0x00, 0x91, 0x00, 0x00,
    0x00, 0x00, 0x07, 0x2E, 0x12, 0x26, 0x20, 0x00, 0x00, 0x00, 0x00, 0x78,
    0x00, 0x91, 0x00, 0x00, 0x00, 0x00, 0x07, 0x2E, 0x12, 0x26, 0x20, 0x00,
    0x00, 0x00, 0x00, 0x79, 0x00, 0x91, 0x00, 0x00, 0x00, 0x00, 0x07, 0x2E,
    0x12, 0x26, 0x20, 0x00, 0x00, 0x00, 0x00, 0xB3, 0x00, 0x94, 0x00, 0x00,
    0x00, 0x00, 0x07, 0x2F, 0x12, 0x27, 0x20, 0x00, 0x00, 0x00, 0x00, 0xB4,
    0x00, 0x94, 0x00, 0x00, 0x00, 0x00, 0x07, 0x2F, 0x12, 0x27, 0x20, 0x00,
    0x00, 0x00, 0x00, 0xB5, 0x00, 0x94, 0x00, 0x00, 0x00, 0x00, 0x07, 0x2F,
    0x12, 0x27, 0x20, 0x00, 0x00, 0x00, 0x00, 0x1D, 0x00, 0x9A, 0x00, 0x00,
    0x00, 0x00, 0x07, 0x30, 0x12, 0x28, 0x20, 0x00, 0x00, 0x00, 0x00, 0x37,
    0x00, 0x9A, 0x00, 0x00, 0x00, 0x00, 0x07, 0x30, 0x12, 0x28, 0x20, 0x00,
    0x00, 0x00, 0x00, 0xC7, 0x00, 0xAE, 0x00, 0x00, 0x00, 0x00, 0x07, 0x31,
    0x12, 0x29, 0x20, 0x00, 0x00, 0x00, 0x01, 0x93, 0x00, 0xAE, 0x00, 0x00,
    0x00, 0x00, 0x07, 0x31, 0x12, 0x29, 0x20, 0x00, 0x00, 0x00, 0x00, 0x80,
    0x00, 0xB8, 0x00, 0x00, 0x00, 0x00, 0x07, 0x32, 0x12, 0x2A, 0x20, 0x00,
    0x00, 0x00, 0x00, 0xD2, 0x00, 0xB8, 0x00, 0x00, 0x00, 0x00, 0x07, 0x32,
    0x12, 0x2A, 0x20, 0x00, 0x00, 0x00, 0x00, 0xAE, 0x00, 0xBA, 0x00, 0x00,
    0x00, 0x00, 0x07, 0x33, 0x12, 0x2B, 0x20, 0x00, 0x00, 0x00, 0x00, 0x7C,
    0x00, 0xBA, 0x00, 0x00, 0x00, 0x00, 0x07, 0x33, 0x12, 0x2B, 0x20, 0x00,
    0x00, 0x00, 0x00, 0xAC, 0x00, 0xBA, 0x00, 0x00, 0x00, 0x00, 0x07, 0x33,
    0x12, 0x2B, 0x20, 0x00, 0x00, 0x00, 0x01, 0x45, 0x00, 0xBA, 0x00, 0x00,
    0x00, 0x00, 0x07, 0x33, 0x12, 0x2B, 0x20, 0x00, 0x00, 0x00, 0x00, 0xAE,
    0x00, 0xC3, 0x00, 0x00, 0x00, 0x00, 0x07, 0x34, 0x12, 0x2C, 0x20, 0x00,
    0x00, 0x00, 0x00, 0x83, 0x00, 0xC3, 0x00, 0x00, 0x00, 0x00, 0x07, 0x34,
    0x12, 0x2C, 0x20, 0x00, 0x00, 0x00, 0x00, 0x27, 0x00, 0xCC, 0x00, 0x00,
    0x00, 0x00, 0x07, 0x35, 0x12, 0x2D, 0x20, 0x00, 0x00, 0x00, 0x00, 0x85,
    0x00, 0xCC, 0x00, 0x00, 0x00, 0x00, 0x07, 0x35, 0x12, 0x2D, 0x20, 0x00,
    0x00, 0x00, 0x00, 0xAC, 0x00, 0xCC, 0x00, 0x00, 0x00, 0x00, 0x07, 0x35,
    0x12, 0x2D, 0x20, 0x00, 0x00, 0x00, 0x00, 0xAF, 0x00, 0xCC, 0x00, 0x00,
    0x00, 0x00, 0x07, 0x35, 0x12, 0x2D, 0x20, 0x00, 0x00, 0x00, 0x00, 0xB0,
    0x00, 0xCC, 0x00, 0x00, 0x00, 0x00, 0x07, 0x35, 0x12, 0x2D, 0x20, 0x00,
    0x00, 0x00, 0x00, 0xD1, 0x00, 0xCC, 0x00, 0x00, 0x00, 0x00, 0x07, 0x35,
    0x12, 0x2D, 0x20, 0x00, 0x00, 0x00, 0x01, 0x55, 0x00, 0xCC, 0x00, 0x00,
    0x00, 0x00, 0x07, 0x35, 0x12, 0x2D, 0x20, 0x00, 0x00, 0x00, 0x01, 0x68,
    0x00, 0xCC, 0x00, 0x00, 0x00, 0x00, 0x07, 0x35, 0x12, 0x2D, 0x20, 0x00,
    0x00, 0x00, 0x00, 0x07, 0x00, 0xD5, 0x00, 0x00, 0x00, 0x00, 0x07, 0x36,
    0x12, 0x2E, 0x20, 0x00, 0x00, 0x00, 0x00, 0x83, 0x00, 0xD5, 0x00, 0x00,
    0x00, 0x00, 0x07, 0x36, 0x12, 0x2E, 0x20, 0x00, 0x00, 0x00, 0x00, 0x85,
    0x00, 0xD5, 0x00, 0x00, 0x00, 0x00, 0x07, 0x36, 0x12, 0x2E, 0x20, 0x00,
    0x00, 0x00, 0x00, 0x86, 0x00, 0xD5, 0x00, 0x00, 0x00, 0x00, 0x07, 0x36,
    0x12, 0x2E, 0x20, 0x00, 0x00, 0x00, 0x00, 0x88, 0x00, 0xD5, 0x00, 0x00,
    0x00, 0x00, 0x07, 0x36, 0x12, 0x2E, 0x20, 0x00, 0x00, 0x00, 0x00, 0xAC,
    0x00, 0xD5, 0x00, 0x00, 0x00, 0x00, 0x07, 0x36, 0x12, 0x2E, 0x20, 0x00,
    0x00, 0x00, 0x00, 0xAF, 0x00, 0xD5, 0x00, 0x00, 0x00, 0x00, 0x07, 0x36,
    0x12, 0x2E, 0x20, 0x00, 0x00, 0x00, 0x00, 0xB0, 0x00, 0xD5, 0x00, 0x00,
    0x00, 0x00, 0x07, 0x36, 0x12, 0x2E, 0x20, 0x00, 0x00, 0x00, 0x01, 0x34,
    0x00, 0xD5, 0x00, 0x00, 0x00, 0x00, 0x07, 0x36, 0x12, 0x2E, 0x20, 0x00,
    0x00, 0x00, 0x01, 0x45, 0x00, 0xD5, 0x00, 0x00, 0x00, 0x00, 0x07, 0x36,
    0x12, 0x2E, 0x20, 0x00, 0x00, 0x00, 0x01, 0x55, 0x00, 0xD5, 0x00, 0x00,
    0x00, 0x00, 0x07, 0x36, 0x12, 0x2E, 0x20, 0x00, 0x00, 0x00, 0x01, 0x81,
    0x00, 0xD5, 0x00, 0x00, 0x00, 0x00, 0x07, 0x36, 0x12, 0x2E, 0x20, 0x00,
    0x00, 0x00, 0x01, 0x9F, 0x00, 0xD5, 0x00, 0x00, 0x00, 0x00, 0x07, 0x36,
    0x12, 0x2E, 0x20, 0x00, 0x00, 0x00, 0x01, 0xA0, 0x00, 0xD5, 0x00, 0x00,
    0x00, 0x00, 0x07, 0x36, 0x12, 0x2E, 0x20, 0x00, 0x00, 0x00, 0x01, 0x9E,
    0x00, 0xD5, 0x00, 0x00, 0x00, 0x00, 0x07, 0x36, 0x12, 0x2E, 0x20, 0x00,
    0x00, 0x00, 0x00, 0x71, 0x00, 0xD9, 0x00, 0x00, 0x00, 0x00, 0x07, 0x37,
    0x12, 0x2F, 0x20, 0x00, 0x00, 0x00, 0x00, 0xD1, 0x00, 0xD9, 0x00, 0x00,
    0x00, 0x00, 0x07, 0x37, 0x12, 0x2F, 0x20, 0x00, 0x00, 0x00, 0x00, 0xF2,
    0x00, 0xD9, 0x00, 0x00, 0x00, 0x00, 0x07, 0x37, 0x12, 0x2F, 0x20, 0x00,
    0x00, 0x00, 0x00, 0x01, 0x00, 0xE6, 0x00, 0x00, 0x00, 0x00, 0x07, 0x38,
    0x12, 0x30, 0x20, 0x00, 0x00, 0x00, 0x00, 0x02, 0x00, 0xE6, 0x00, 0x00,
    0x00, 0x00, 0x07, 0x38, 0x12, 0x30, 0x20, 0x00, 0x00, 0x00, 0x00, 0x2D,
    0x00, 0xE6, 0x00, 0x00, 0x00, 0x00, 0x07, 0x38, 0x12, 0x30, 0x20, 0x00,
    0x00, 0x00, 0x00, 0x82, 0x00, 0xEF, 0x00, 0x00, 0x00, 0x00, 0x07, 0x39,
    0x12, 0x31, 0x20, 0x00, 0x00, 0x00, 0x00, 0x95, 0x00, 0xEF, 0x00, 0x00,
    0x00, 0x00, 0x07, 0x39, 0x12, 0x31, 0x20, 0x00, 0x00, 0x00, 0x00, 0x66,
    0x00, 0xFD, 0x00, 0x00, 0x00, 0x00, 0x07, 0x3A, 0x12, 0x32, 0x20, 0x00,
    0x00, 0x00, 0x01, 0x72, 0x00, 0xFD, 0x00, 0x00, 0x00, 0x00, 0x07, 0x3A,
    0x12, 0x32, 0x20, 0x00, 0x00, 0x00, 0x01, 0x61, 0x01, 0x0E, 0x00, 0x00,
    0x00, 0x00, 0x07, 0x3B, 0x12, 0x33, 0x20, 0x00, 0x00, 0x00, 0x01, 0x62,
    0x01, 0x0E, 0x00, 0x00, 0x00, 0x00, 0x07, 0x3B, 0x12, 0x33, 0x20, 0x00,
    0x00, 0x00, 0x00, 0x08, 0x01, 0x19, 0x00, 0x00, 0x00, 0x00, 0x07, 0x3C,
    0x12, 0x34, 0x20, 0x00, 0x00, 0x00, 0x00, 0x09, 0x01, 0x19, 0x00, 0x00,
    0x00, 0x00, 0x07, 0x3C, 0x12, 0x34, 0x20, 0x00, 0x00, 0x00, 0x00, 0xC7,
    0x01, 0x19, 0x00, 0x00, 0x00, 0x00, 0x07, 0x3C, 0x12, 0x34, 0x20, 0x00,
    0x00, 0x00, 0x01, 0x53, 0x01, 0x1C, 0x00, 0x00, 0x00, 0x00, 0x07, 0x3D,
    0x12, 0x35, 0x20, 0x00, 0x00, 0x00, 0x01, 0x54, 0x01, 0x1C, 0x00, 0x00,
    0x00, 0x00, 0x07, 0x3D, 0x12, 0x35, 0x20, 0x00, 0x00, 0x00, 0x00, 0x41,
    0x01, 0x1D, 0x00, 0x00, 0x00, 0x00, 0x07, 0x3E, 0x12, 0x36, 0x20, 0x00,
    0x00, 0x00, 0x00, 0x61, 0x01, 0x1D, 0x00, 0x00, 0x00, 0x00, 0x07, 0x3E,
    0x12, 0x36, 0x20, 0x00, 0x00, 0x00, 0x00, 0x41, 0x01, 0x21, 0x00, 0x00,
    0x00, 0x00, 0x07, 0x3F, 0x12, 0x37, 0x20, 0x00, 0x00, 0x00, 0x00, 0x61,
    0x01, 0x21, 0x00, 0x00, 0x00, 0x00, 0x07, 0x3F, 0x12, 0x37, 0x20, 0x00,
    0x00, 0x00, 0x00, 0xAC, 0x01, 0x2A, 0x00, 0x00, 0x00, 0x00, 0x07, 0x40,
    0x12, 0x38, 0x20, 0x00, 0x00, 0x00, 0x01, 0x34, 0x01, 0x2A, 0x00, 0x00,
    0x00, 0x00, 0x07, 0x40, 0x12, 0x38, 0x20, 0x00, 0x00, 0x00, 0x00, 0x78,
    0x01, 0x34, 0x00, 0x00, 0x00, 0x00, 0x07, 0x41, 0x12, 0x39, 0x20, 0x00,
    0x00, 0x00, 0x00, 0x79, 0x01, 0x34, 0x00, 0x00, 0x00, 0x00, 0x07, 0x41,
    0x12, 0x39, 0x20, 0x00, 0x00, 0x00, 0x01, 0x39, 0x01, 0x43, 0x00, 0x00,
    0x00, 0x00, 0x07, 0x42, 0x12, 0x3A, 0x20, 0x00, 0x00, 0x00, 0x01, 0x3A,
    0x01, 0x43, 0x00, 0x00, 0x00, 0x00, 0x07, 0x42, 0x12, 0x3A, 0x20, 0x00,
    0x00, 0x00, 0x00, 0x78, 0x01, 0x60, 0x00, 0x00, 0x00, 0x00, 0x07, 0x43,
    0x12, 0x3B, 0x20, 0x00, 0x00, 0x00, 0x00, 0x79, 0x01, 0x60, 0x00, 0x00,
    0x00, 0x00, 0x07, 0x43, 0x12, 0x3B, 0x20, 0x00, 0x00, 0x00, 0x00, 0x53,
    0x00, 0x1C, 0x00, 0x00, 0x00, 0x00, 0x07, 0x47, 0x12, 0x51, 0x20, 0x00,
    0x00, 0x00, 0x00, 0x88, 0x00, 0x1C, 0x00, 0x00, 0x00, 0x00, 0x07, 0x47,
    0x12, 0x51, 0x20, 0x00, 0x00, 0x00, 0x00, 0xC4, 0x00, 0x1C, 0x00, 0x00,
    0x00, 0x00, 0x07, 0x47, 0x12, 0x51, 0x20, 0x00, 0x00, 0x00, 0x00, 0xC5,
    0x00, 0x1C, 0x00, 0x00, 0x00, 0x00, 0x07, 0x47, 0x12, 0x51, 0x20, 0x00,
    0x00, 0x00, 0x00, 0xEA, 0x00, 0x1C, 0x00, 0x00, 0x00, 0x00, 0x07, 0x47,
    0x12, 0x51, 0x20, 0x00, 0x00, 0x00, 0x01, 0x1E, 0x00, 0x1C, 0x00, 0x00,
    0x00, 0x00, 0x07, 0x47, 0x12, 0x51, 0x20, 0x00, 0x00, 0x00, 0x01, 0x1F,
    0x00, 0x1C, 0x00, 0x00, 0x00, 0x00, 0x07, 0x47, 0x12, 0x51, 0x20, 0x00,
    0x00, 0x00, 0x01, 0x20, 0x00, 0x1C, 0x00, 0x00, 0x00, 0x00, 0x07, 0x47,
    0x12, 0x51, 0x20, 0x00, 0x00, 0x00, 0x01, 0x21, 0x00, 0x1C, 0x00, 0x00,
    0x00, 0x00, 0x07, 0x47, 0x12, 0x51, 0x20, 0x00, 0x00, 0x00, 0x01, 0x4C,
    0x00, 0x1C, 0x00, 0x00, 0x00, 0x00, 0x07, 0x47, 0x12, 0x51, 0x20, 0x00,
    0x00, 0x00, 0x01, 0x4D, 0x00, 0x1C, 0x00, 0x00, 0x00, 0x00, 0x07, 0x47,
    0x12, 0x51, 0x20, 0x00, 0x00, 0x00, 0x01, 0x58, 0x00, 0x1C, 0x00, 0x00,
    0x00, 0x00, 0x07, 0x47, 0x12, 0x51, 0x20, 0x00, 0x00, 0x00, 0x00, 0x85,
    0x00, 0x1C, 0x00, 0x00, 0x00, 0x00, 0x07, 0x48, 0x12, 0x52, 0x20, 0x00,
    0x00, 0x00, 0x00, 0x86, 0x00, 0x1C, 0x00, 0x00, 0x00, 0x00, 0x07, 0x48,
    0x12, 0x52, 0x20, 0x00, 0x00, 0x00, 0x00, 0x20, 0x00, 0x20, 0x00, 0x00,
    0x00, 0x00, 0x07, 0x49, 0x12, 0x53, 0x20, 0x00, 0x00, 0x00, 0x00, 0x21,
    0x00, 0x20, 0x00, 0x00, 0x00, 0x00, 0x07, 0x49, 0x12, 0x53, 0x20, 0x00,
    0x00, 0x00, 0x00, 0x56, 0x00, 0x20, 0x00, 0x00, 0x00, 0x00, 0x07, 0x49,
    0x12, 0x53, 0x20, 0x00, 0x00, 0x00, 0x00, 0x6F, 0x00, 0x20, 0x00, 0x00,
    0x00, 0x00, 0x07, 0x49, 0x12, 0x53, 0x20, 0x00, 0x00, 0x00, 0x00, 0x70,
    0x00, 0x20, 0x00, 0x00, 0x00, 0x00, 0x07, 0x49, 0x12, 0x53, 0x20, 0x00,
    0x00, 0x00, 0x00, 0x76, 0x00, 0x20, 0x00, 0x00, 0x00, 0x00, 0x07, 0x49,
    0x12, 0x53, 0x20, 0x00, 0x00, 0x00, 0x00, 0x77, 0x00, 0x20, 0x00, 0x00,
    0x00, 0x00, 0x07, 0x49, 0x12, 0x53, 0x20, 0x00, 0x00, 0x00, 0x00, 0x83,
    0x00, 0x20, 0x00, 0x00, 0x00, 0x00, 0x07, 0x4A, 0x12, 0x54, 0x20, 0x00,
    0x00, 0x00, 0x00, 0x27, 0x00, 0x2F, 0x00, 0x00, 0x00, 0x00, 0x07, 0x4B,
    0x12, 0x55, 0x20, 0x00, 0x00, 0x00, 0x00, 0x83, 0x00, 0x2F, 0x00, 0x00,
    0x00, 0x00, 0x07, 0x4B, 0x12, 0x55, 0x20, 0x00, 0x00, 0x00, 0x00, 0xBD,
    0x00, 0x96, 0x00, 0x00, 0x00, 0x00, 0x07, 0x4C, 0x12, 0x56, 0x20, 0x00,
    0x00, 0x00, 0x01, 0x39, 0x00, 0x96, 0x00, 0x00, 0x00, 0x00, 0x07, 0x4C,
    0x12, 0x56, 0x20, 0x00, 0x00, 0x00, 0x01, 0x5E, 0x00, 0x96, 0x00, 0x00,
    0x00, 0x00, 0x07, 0x4C, 0x12, 0x56, 0x20, 0x00, 0x00, 0x00, 0x01, 0x5F,
    0x00, 0x96, 0x00, 0x00, 0x00, 0x00, 0x07, 0x4C, 0x12, 0x56, 0x20, 0x00,
    0x00, 0x00, 0x01, 0x48, 0x00, 0x96, 0x00, 0x00, 0x00, 0x00, 0x07, 0x4D,
    0x12, 0x57, 0x20, 0x00, 0x00, 0x00, 0x00, 0x81, 0x00, 0x96, 0x00, 0x00,
    0x00, 0x00, 0x07, 0x4E, 0x12, 0x58, 0x20, 0x00, 0x00, 0x00, 0x00, 0x22,
    0x00, 0xE0, 0x00, 0x00, 0x00, 0x00, 0x07, 0x4F, 0x12, 0x59, 0x20, 0x00,
    0x00, 0x00, 0x00, 0x4E, 0x00, 0xE0, 0x00, 0x00, 0x00, 0x00, 0x07, 0x4F,
    0x12, 0x59, 0x20, 0x00, 0x00, 0x00, 0x00, 0x6F, 0x00, 0xE0, 0x00, 0x00,
    0x00, 0x00, 0x07, 0x4F, 0x12, 0x59, 0x20, 0x00, 0x00, 0x00, 0x00, 0x70,
    0x00, 0xE0, 0x00, 0x00, 0x00, 0x00, 0x07, 0x4F, 0x12, 0x59, 0x20, 0x00,
    0x00, 0x00, 0x00, 0xD6, 0x00, 0xE0, 0x00, 0x00, 0x00, 0x00, 0x07, 0x4F,
    0x12, 0x59, 0x20, 0x00, 0x00, 0x00, 0x00, 0x46, 0x01, 0x13, 0x00, 0x00,
    0x00, 0x00, 0x07, 0x50, 0x12, 0x5A, 0x20, 0x00, 0x00, 0x00, 0x00, 0x97,
    0x01, 0x13, 0x00, 0x00, 0x00, 0x00, 0x07, 0x50, 0x12, 0x5A, 0x20, 0x00,
    0x00, 0x00, 0x00, 0xBD, 0x01, 0x13, 0x00, 0x00, 0x00, 0x00, 0x07, 0x50,
    0x12, 0x5A, 0x20, 0x00, 0x00, 0x00, 0x00, 0xBF, 0x01, 0x13, 0x00, 0x00,
    0x00, 0x00, 0x07, 0x50, 0x12, 0x5A, 0x20, 0x00, 0x00, 0x00, 0x00, 0x8F,
    0x01, 0x19, 0x00, 0x00, 0x00, 0x00, 0x07, 0x51, 0x12, 0x5B, 0x20, 0x00,
    0x00, 0x00, 0x00, 0x5D, 0x01, 0x20, 0x00, 0x00, 0x00, 0x00, 0x07, 0x52,
    0x12, 0x5C, 0x20, 0x00, 0x00, 0x00, 0x01, 0x49, 0x00, 0x7F, 0x00, 0x00,
    0x00, 0x00, 0x07, 0x53, 0x12, 0x5D, 0x20, 0x00, 0x00, 0x00, 0x00, 0x00,
    0x00, 0x00, 0x00, 0x00, 0x00, 0x00, 0x00, 0x00, 0x00, 0x00, 0x00, 0x00,
    0x00, 0x00, 0x00, 0x00, 0x00, 0x00, 0x00, 0x00, 0x00, 0x00, 0x00, 0x00,
    0x00, 0x00, 0x00, 0x00, 0x00, 0x00, 0x00, 0xC1, 0x00, 0xE6, 0x00, 0x00,
    0x00, 0x00, 0x07, 0x07, 0x11, 0xFF, 0x20, 0x00, 0x00, 0x00, 0x01, 0x5C,
    0x00, 0xE6, 0x00, 0x00, 0x00, 0x00, 0x07, 0x07, 0x11, 0xFF, 0x20, 0x00,
    0x00, 0x00, 0x01, 0x5D, 0x00, 0xE6, 0x00, 0x00, 0x00, 0x00, 0x07, 0x07,
    0x11, 0xFF, 0x20, 0x00, 0x00, 0x00, 0x01, 0x5F, 0x00, 0xE6, 0x00, 0x00,
    0x00, 0x00, 0x07, 0x07, 0x11, 0xFF, 0x20, 0x00, 0x00, 0x00, 0x00, 0xC1,
    0x01, 0x0F, 0x00, 0x00, 0x00, 0x00, 0x07, 0x08, 0x12, 0x00, 0x20, 0x00,
    0x00, 0x00, 0x01, 0x5C, 0x01, 0x0F, 0x00, 0x00, 0x00, 0x00, 0x07, 0x08,
    0x12, 0x00, 0x20, 0x00, 0x00, 0x00, 0x01, 0x5D, 0x01, 0x0F, 0x00, 0x00,
    0x00, 0x00, 0x07, 0x08, 0x12, 0x00, 0x20, 0x00, 0x00, 0x00, 0x01, 0x5F,
    0x01, 0x0F, 0x00, 0x00, 0x00, 0x00, 0x07, 0x08, 0x12, 0x00, 0x20, 0x00,
    0x00, 0x00, 0x00, 0xC1, 0x01, 0x1D, 0x00, 0x00, 0x00, 0x00, 0x07, 0x09,
    0x12, 0x01, 0x20, 0x00, 0x00, 0x00, 0x01, 0x5C, 0x01, 0x1D, 0x00, 0x00,
    0x00, 0x00, 0x07, 0x09, 0x12, 0x01, 0x20, 0x00, 0x00, 0x00, 0x01, 0x5D,
    0x01, 0x1D, 0x00, 0x00, 0x00, 0x00, 0x07, 0x09, 0x12, 0x01, 0x20, 0x00,
    0x00, 0x00, 0x01, 0x5F, 0x01, 0x1D, 0x00, 0x00, 0x00, 0x00, 0x07, 0x09,
    0x12, 0x01, 0x20, 0x00, 0x00, 0x00, 0x00, 0x00, 0x00, 0x00, 0x00, 0x00,
    0x00, 0x00, 0x00, 0x00, 0x00, 0x00, 0x00, 0x00, 0x00, 0x00, 0x00, 0x00,
    0x00, 0x00, 0x00, 0x00, 0x00, 0x00, 0x00, 0x00, 0x00, 0x00, 0x00, 0x00,
    0x00, 0x00, 0x00, 0x7B, 0x00, 0x0E, 0x00, 0x00, 0x00, 0x00, 0x06, 0xA8,
    0x11, 0x9E, 0x20, 0x00, 0x00, 0x00, 0x00, 0xD1, 0x00, 0xD7, 0x00, 0x00,
    0x00, 0x00, 0x06, 0xD0, 0x11, 0xC6, 0x20, 0x00, 0x00, 0x00, 0x00, 0x61,
    0x00, 0x60, 0x00, 0x00, 0x00, 0x00, 0x06, 0xB8, 0x11, 0xAE, 0x20, 0x00,
    0x00, 0x00, 0x00, 0x19, 0x00, 0x75, 0x00, 0x00, 0x00, 0x00, 0x06, 0xB9,
    0x11, 0xAF, 0x20, 0x00, 0x00, 0x00, 0x01, 0x41, 0x00, 0xB6, 0x00, 0x00,
    0x00, 0x00, 0x06, 0xC9, 0x11, 0xBF, 0x20, 0x00, 0x00, 0x00, 0x01, 0x41,
    0x00, 0xCB, 0x00, 0x00, 0x00, 0x00, 0x06, 0xCC, 0x11, 0xC2, 0x20, 0x00,
    0x00, 0x00, 0x00, 0x61, 0x00, 0xF4, 0x00, 0x00, 0x00, 0x00, 0x06, 0xDB,
    0x11, 0xD1, 0x20, 0x00, 0x00, 0x00, 0x00, 0x19, 0x01, 0x0C, 0x00, 0x00,
    0x00, 0x00, 0x06, 0xDF, 0x11, 0xE8, 0x20, 0x00, 0x00, 0x00, 0x01, 0x41,
    0x01, 0x4E, 0x00, 0x00, 0x00, 0x00, 0x06, 0xEA, 0x11, 0xDF, 0x20, 0x00,
    0x00, 0x00, 0x00, 0x61, 0x01, 0x5B, 0x00, 0x00, 0x00, 0x00, 0x06, 0xEC,
    0x11, 0xE1, 0x20, 0x00, 0x00, 0x00, 0x00, 0x82, 0x01, 0x5D, 0x00, 0x00,
    0x00, 0x00, 0x06, 0xED, 0x11, 0xE2, 0x20, 0x00, 0x00, 0x00, 0x00, 0x01,
    0x00, 0x4C, 0x00, 0x00, 0x00, 0x00, 0x06, 0xFD, 0x11, 0xF5, 0x20, 0x00,
    0x00, 0x00, 0x00, 0x02, 0x00, 0x4C, 0x00, 0x00, 0x00, 0x00, 0x06, 0xFD,
    0x11, 0xF5, 0x20, 0x00, 0x00, 0x00, 0x00, 0x66, 0x00, 0x4C, 0x00, 0x00,
    0x00, 0x00, 0x06, 0xFD, 0x11, 0xF5, 0x20, 0x00, 0x00, 0x00, 0x00, 0x08,
    0x00, 0x6E, 0x00, 0x00, 0x00, 0x00, 0x06, 0xFE, 0x11, 0xF6, 0x20, 0x00,
    0x00, 0x00, 0x00, 0x07, 0x00, 0x6E, 0x00, 0x00, 0x00, 0x00, 0x06, 0xFE,
    0x11, 0xF6, 0x20, 0x00, 0x00, 0x00, 0x00, 0x09, 0x00, 0x6E, 0x00, 0x00,
    0x00, 0x00, 0x06, 0xFE, 0x11, 0xF6, 0x20, 0x00, 0x00, 0x00, 0x00, 0x5B,
    0x00, 0x6E, 0x00, 0x00, 0x00, 0x00, 0x06, 0xFE, 0x11, 0xF6, 0x20, 0x00,
    0x00, 0x00, 0x00, 0x07, 0x00, 0x82, 0x00, 0x00, 0x00, 0x00, 0x06, 0xFF,
    0x11, 0xF7, 0x20, 0x00, 0x00, 0x00, 0x00, 0x08, 0x00, 0x82, 0x00, 0x00,
    0x00, 0x00, 0x06, 0xFF, 0x11, 0xF7, 0x20, 0x00, 0x00, 0x00, 0x00, 0x09,
    0x00, 0x82, 0x00, 0x00, 0x00, 0x00, 0x06, 0xFF, 0x11, 0xF7, 0x20, 0x00,
    0x00, 0x00, 0x00, 0x71, 0x00, 0x87, 0x00, 0x00, 0x00, 0x00, 0x07, 0x00,
    0x11, 0xF8, 0x20, 0x00, 0x00, 0x00, 0x00, 0xF2, 0x00, 0x87, 0x00, 0x00,
    0x00, 0x00, 0x07, 0x00, 0x11, 0xF8, 0x20, 0x00, 0x00, 0x00, 0x00, 0x07,
    0x00, 0xB6, 0x00, 0x00, 0x00, 0x00, 0x07, 0x01, 0x11, 0xF9, 0x20, 0x00,
    0x00, 0x00, 0x00, 0x08, 0x00, 0xB6, 0x00, 0x00, 0x00, 0x00, 0x07, 0x01,
    0x11, 0xF9, 0x20, 0x00, 0x00, 0x00, 0x00, 0x09, 0x00, 0xB6, 0x00, 0x00,
    0x00, 0x00, 0x07, 0x01, 0x11, 0xF9, 0x20, 0x00, 0x00, 0x00, 0x00, 0x5B,
    0x00, 0xB6, 0x00, 0x00, 0x00, 0x00, 0x07, 0x01, 0x11, 0xF9, 0x20, 0x00,
    0x00, 0x00, 0x01, 0x55, 0x01, 0x00, 0x00, 0x00, 0x00, 0x00, 0x07, 0x02,
    0x11, 0xFA, 0x20, 0x00, 0x00, 0x00, 0x01, 0x6F, 0x01, 0x00, 0x00, 0x00,
    0x00, 0x00, 0x07, 0x02, 0x11, 0xFA, 0x20, 0x00, 0x00, 0x00, 0x01, 0x70,
    0x01, 0x00, 0x00, 0x00, 0x00, 0x00, 0x07, 0x02, 0x11, 0xFA, 0x20, 0x00,
    0x00, 0x00, 0x01, 0x84, 0x01, 0x00, 0x00, 0x00, 0x00, 0x00, 0x07, 0x02,
    0x11, 0xFA, 0x20, 0x00, 0x00, 0x00, 0x00, 0x23, 0x01, 0x0A, 0x00, 0x00,
    0x00, 0x00, 0x07, 0x03, 0x11, 0xFB, 0x20, 0x00, 0x00, 0x00, 0x00, 0x24,
    0x01, 0x0A, 0x00, 0x00, 0x00, 0x00, 0x07, 0x03, 0x11, 0xFB, 0x20, 0x00,
    0x00, 0x00, 0x00, 0xC1, 0x01, 0x0F, 0x00, 0x00, 0x00, 0x00, 0x07, 0x04,
    0x11, 0xFC, 0x20, 0x00, 0x00, 0x00, 0x01, 0x5C, 0x01, 0x0F, 0x00, 0x00,
    0x00, 0x00, 0x07, 0x04, 0x11, 0xFC, 0x20, 0x00, 0x00, 0x00, 0x01, 0x5D,
    0x01, 0x0F, 0x00, 0x00, 0x00, 0x00, 0x07, 0x04, 0x11, 0xFC, 0x20, 0x00,
    0x00, 0x00, 0x01, 0x5F, 0x01, 0x0F, 0x00, 0x00, 0x00, 0x00, 0x07, 0x04,
    0x11, 0xFC, 0x20, 0x00, 0x00, 0x00, 0x00, 0xC1, 0x01, 0x1D, 0x00, 0x00,
    0x00, 0x00, 0x07, 0x05, 0x11, 0xFD, 0x20, 0x00, 0x00, 0x00, 0x01, 0x5C,
    0x01, 0x1D, 0x00, 0x00, 0x00, 0x00, 0x07, 0x05, 0x11, 0xFD, 0x20, 0x00,
    0x00, 0x00, 0x01, 0x5D, 0x01, 0x1D, 0x00, 0x00, 0x00, 0x00, 0x07, 0x05,
    0x11, 0xFD, 0x20, 0x00, 0x00, 0x00, 0x01, 0x5F, 0x01, 0x1D, 0x00, 0x00,
    0x00, 0x00, 0x07, 0x05, 0x11, 0xFD, 0x20, 0x00, 0x00, 0x00, 0x00, 0x07,
    0x01, 0x2C, 0x00, 0x00, 0x00, 0x00, 0x07, 0x06, 0x11, 0xFE, 0x20, 0x00,
    0x00, 0x00, 0x01, 0x43, 0x01, 0x2C, 0x00, 0x00, 0x00, 0x00, 0x07, 0x06,
    0x11, 0xFE, 0x20, 0x00, 0x00, 0x00, 0x00, 0x54, 0x00, 0x13, 0x00, 0x00,
    0x00, 0x00, 0x07, 0x5B, 0x12, 0x68, 0x20, 0x00, 0x00, 0x00, 0x00, 0x55,
    0x00, 0x13, 0x00, 0x00, 0x00, 0x00, 0x07, 0x5B, 0x12, 0x68, 0x20, 0x00,
    0x00, 0x00, 0x00, 0xB0, 0x00, 0x13, 0x00, 0x00, 0x00, 0x00, 0x07, 0x5B,
    0x12, 0x68, 0x20, 0x00, 0x00, 0x00, 0x00, 0xB2, 0x00, 0x13, 0x00, 0x00,
    0x00, 0x00, 0x07, 0x5B, 0x12, 0x68, 0x20, 0x00, 0x00, 0x00, 0x00, 0xFA,
    0x00, 0x13, 0x00, 0x00, 0x00, 0x00, 0x07, 0x5B, 0x12, 0x68, 0x20, 0x00,
    0x00, 0x00, 0x01, 0x71, 0x00, 0x13, 0x00, 0x00, 0x00, 0x00, 0x07, 0x5B,
    0x12, 0x68, 0x20, 0x00, 0x00, 0x00, 0x01, 0x8D, 0x00, 0x13, 0x00, 0x00,
    0x00, 0x00, 0x07, 0x5B, 0x12, 0x68, 0x20, 0x00, 0x00, 0x00, 0x00, 0x00,
    0x00, 0x00, 0x00, 0x00, 0x00, 0x00, 0x00, 0x00, 0x00, 0x00, 0x00, 0x00,
    0x00, 0x00, 0x00, 0x00, 0x00, 0x00, 0x00, 0x00, 0x00, 0x00, 0x00, 0x00,
    0x00, 0x00, 0x00, 0x00, 0x00, 0x00, 0x00, 0x00, 0x00, 0x00, 0x00, 0x00,
    0x00, 0x00, 0x00, 0x00, 0x00, 0x00, 0x00, 0x00, 0x00, 0x00, 0x00, 0x00,
    0x00, 0x00, 0x00, 0x00, 0x00, 0x00, 0x00, 0x00, 0x00, 0x00, 0x00, 0x00,
    0x01, 0x00, 0x00, 0x7B, 0x00, 0xD2, 0x00, 0x00, 0x00, 0x00, 0x06, 0xEF,
    0x11, 0xE4, 0x20, 0x00, 0x02, 0x00, 0x00, 0x7B, 0x00, 0xD2, 0x00, 0x00,
    0x00, 0x00, 0x06, 0xF0, 0x11, 0xE5, 0x20, 0x00, 0x03, 0x00, 0x00, 0x7B,
    0x00, 0xD2, 0x00, 0x00, 0x00, 0x00, 0x06, 0xF1, 0x11, 0xE6, 0x20, 0x00,
    0x04, 0x00, 0x00, 0x7B, 0x00, 0xD2, 0x00, 0x00, 0x00, 0x00, 0x06, 0xF2,
    0x11, 0xE7, 0x20, 0x00, 0x01, 0x00, 0x01, 0x55, 0x01, 0x00, 0x00, 0x00,
    0x00, 0x00, 0x07, 0x0A, 0x12, 0x02, 0x20, 0x00, 0x01, 0x00, 0x01, 0x6F,
    0x01, 0x00, 0x00, 0x00, 0x00, 0x00, 0x07, 0x0A, 0x12, 0x02, 0x20, 0x00,
    0x01, 0x00, 0x01, 0x70, 0x01, 0x00, 0x00, 0x00, 0x00, 0x00, 0x07, 0x0A,
    0x12, 0x02, 0x20, 0x00, 0x01, 0x00, 0x01, 0x84, 0x01, 0x00, 0x00, 0x00,
    0x00, 0x00, 0x07, 0x0A, 0x12, 0x02, 0x20, 0x00, 0x01, 0x00, 0x01, 0x44,
    0x00, 0xDE, 0x00, 0x00, 0x00, 0x00, 0x07, 0x0D, 0x12, 0x04, 0x20, 0x00,
    0x01, 0x00, 0x01, 0x95, 0x00, 0xDE, 0x00, 0x00, 0x00, 0x00, 0x07, 0x0D,
    0x12, 0x04, 0x20, 0x00, 0x02, 0x00, 0x01, 0x44, 0x00, 0xDE, 0x00, 0x00,
    0x00, 0x00, 0x07, 0x0E, 0x12, 0x05, 0x20, 0x00, 0x02, 0x00, 0x01, 0x95,
    0x00, 0xDE, 0x00, 0x00, 0x00, 0x00, 0x07, 0x0E, 0x12, 0x05, 0x20, 0x00,
    0x00, 0x00, 0x00, 0x00, 0x00, 0x00, 0x00, 0x00, 0x00, 0x00, 0x00, 0x00,
    0x00, 0x00, 0x00, 0x00,
};

u8 lbl_80374E40[224] = {
    0x00, 0x00, 0x01, 0xF8, 0x04, 0x94, 0x1E, 0x00, 0x00, 0x00, 0x01, 0xF9,
    0x04, 0x95, 0x1E, 0x00, 0x00, 0x00, 0x01, 0xFA, 0x04, 0x96, 0x1E, 0x00,
    0x00, 0x00, 0x01, 0xFB, 0x04, 0x97, 0x1E, 0x00, 0x00, 0x00, 0x01, 0xFC,
    0x04, 0x98, 0x1E, 0x00, 0x00, 0x00, 0x01, 0xFD, 0x04, 0x99, 0x1E, 0x00,
    0x00, 0x00, 0x01, 0xFE, 0x04, 0x9A, 0x1E, 0x00, 0x00, 0x00, 0x01, 0xFF,
    0x04, 0x9B, 0x1E, 0x00, 0x00, 0x00, 0x02, 0x00, 0x04, 0x9C, 0x1E, 0x00,
    0x00, 0x00, 0x02, 0x01, 0x04, 0x9D, 0x1E, 0x00, 0x00, 0x00, 0x02, 0x02,
    0x04, 0x9E, 0x1E, 0x00, 0x00, 0x00, 0x02, 0x03, 0x04, 0x9F, 0x1E, 0x00,
    0x00, 0x00, 0x02, 0x04, 0x04, 0xD4, 0x1E, 0x00, 0x00, 0x00, 0x02, 0x05,
    0x04, 0xA0, 0x1E, 0x00, 0x00, 0x00, 0x02, 0x06, 0x04, 0xA1, 0x1E, 0x00,
    0x00, 0x00, 0x02, 0x07, 0x04, 0xA2, 0x1E, 0x00, 0x00, 0x00, 0x02, 0x08,
    0x04, 0xA3, 0x1E, 0x00, 0x00, 0x00, 0x02, 0x09, 0x04, 0xA4, 0x1E, 0x00,
    0x00, 0x00, 0x02, 0x0A, 0x04, 0xA5, 0x1E, 0x00, 0x00, 0x00, 0x02, 0x0B,
    0x04, 0xA6, 0x1E, 0x00, 0x00, 0x00, 0x02, 0x0C, 0x04, 0xA7, 0x1E, 0x00,
    0x00, 0x00, 0x02, 0x0D, 0x04, 0xA8, 0x1E, 0x00, 0x00, 0x00, 0x02, 0x0E,
    0x04, 0xA9, 0x1E, 0x00, 0x00, 0x00, 0x02, 0x0F, 0x04, 0xAA, 0x1E, 0x00,
    0x00, 0x00, 0x02, 0x10, 0x04, 0xAB, 0x1E, 0x00, 0x00, 0x00, 0x02, 0x11,
    0x04, 0xD5, 0x1E, 0x00, 0x00, 0x00, 0x03, 0x5E, 0x06, 0x20, 0x1E, 0x00,
    0x00, 0x00, 0x03, 0x5F, 0x06, 0x21, 0x1E, 0x00,
};

u8 lbl_80374F20[424] = {
    0x00, 0x03, 0x00, 0x00, 0x00, 0x00, 0x07, 0x5C, 0x12, 0x69, 0x1E, 0x00,
    0x00, 0x06, 0x00, 0x00, 0x00, 0x00, 0x07, 0x5D, 0x12, 0x6A, 0x1E, 0x00,
    0x00, 0x09, 0x00, 0x00, 0x00, 0x00, 0x07, 0x5E, 0x12, 0x6B, 0x1E, 0x00,
    0x00, 0x82, 0x00, 0x00, 0x00, 0x00, 0x07, 0x5F, 0x12, 0x6C, 0x1E, 0x00,
    0x00, 0x90, 0x00, 0x00, 0x00, 0x00, 0x07, 0x60, 0x12, 0x6D, 0x1E, 0x00,
    0x00, 0x91, 0x00, 0x00, 0x00, 0x00, 0x07, 0x61, 0x12, 0x6E, 0x1E, 0x00,
    0x00, 0x92, 0x00, 0x00, 0x00, 0x00, 0x07, 0x62, 0x12, 0x6F, 0x1E, 0x00,
    0x00, 0x96, 0x00, 0x00, 0x00, 0x00, 0x07, 0x63, 0x12, 0x71, 0x1E, 0x00,
    0x00, 0x97, 0x00, 0x00, 0x00, 0x00, 0x07, 0x64, 0x12, 0x70, 0x1E, 0x00,
    0x00, 0x9A, 0x00, 0x00, 0x00, 0x00, 0x07, 0x65, 0x12, 0x72, 0x1E, 0x00,
    0x00, 0x9D, 0x00, 0x00, 0x00, 0x00, 0x07, 0x66, 0x12, 0x73, 0x1E, 0x00,
    0x00, 0xA0, 0x00, 0x00, 0x00, 0x00, 0x07, 0x67, 0x12, 0x74, 0x1E, 0x00,
    0x00, 0xA4, 0x00, 0x00, 0x00, 0x00, 0x07, 0x68, 0x12, 0x75, 0x1E, 0x00,
    0x00, 0xF3, 0x00, 0x00, 0x00, 0x00, 0x07, 0x69, 0x12, 0x76, 0x1E, 0x00,
    0x00, 0xF4, 0x00, 0x00, 0x00, 0x00, 0x07, 0x6A, 0x12, 0x77, 0x1E, 0x00,
    0x00, 0xF5, 0x00, 0x00, 0x00, 0x00, 0x07, 0x6B, 0x12, 0x78, 0x1E, 0x00,
    0x00, 0xF9, 0x00, 0x00, 0x00, 0x00, 0x07, 0x6C, 0x12, 0x79, 0x1E, 0x00,
    0x00, 0xFA, 0x00, 0x00, 0x00, 0x00, 0x07, 0x6D, 0x12, 0x7A, 0x1E, 0x00,
    0x00, 0xFB, 0x00, 0x00, 0x00, 0x00, 0x07, 0x6E, 0x12, 0x7B, 0x1E, 0x00,
    0x01, 0x15, 0x00, 0x00, 0x00, 0x00, 0x07, 0x6F, 0x12, 0x7C, 0x1E, 0x00,
    0x01, 0x16, 0x00, 0x00, 0x00, 0x00, 0x07, 0x70, 0x12, 0x7D, 0x1E, 0x00,
    0x01, 0x17, 0x00, 0x00, 0x00, 0x00, 0x07, 0x71, 0x12, 0x7E, 0x1E, 0x00,
    0x01, 0x18, 0x00, 0x00, 0x00, 0x00, 0x07, 0x72, 0x12, 0x7F, 0x1E, 0x00,
    0x01, 0x19, 0x00, 0x00, 0x00, 0x00, 0x07, 0x73, 0x12, 0x80, 0x1E, 0x00,
    0x01, 0x1A, 0x00, 0x00, 0x00, 0x00, 0x07, 0x74, 0x12, 0x81, 0x1E, 0x00,
    0x01, 0x1B, 0x00, 0x00, 0x00, 0x00, 0x07, 0x75, 0x12, 0x82, 0x1E, 0x00,
    0x01, 0x1C, 0x00, 0x00, 0x00, 0x00, 0x07, 0x76, 0x12, 0x83, 0x1E, 0x00,
    0x01, 0x1D, 0x00, 0x00, 0x00, 0x00, 0x07, 0x77, 0x12, 0x84, 0x1E, 0x00,
    0x01, 0x94, 0x00, 0x00, 0x00, 0x00, 0x07, 0x78, 0x12, 0x85, 0x1E, 0x00,
    0x01, 0x95, 0x00, 0x00, 0x00, 0x00, 0x07, 0x79, 0x12, 0x86, 0x1E, 0x00,
    0x01, 0x96, 0x00, 0x00, 0x00, 0x00, 0x07, 0x7A, 0x12, 0x87, 0x1E, 0x00,
    0x01, 0x97, 0x00, 0x00, 0x00, 0x00, 0x07, 0x7B, 0x12, 0x88, 0x1E, 0x00,
    0x01, 0x98, 0x00, 0x00, 0x00, 0x00, 0x07, 0x7C, 0x12, 0x89, 0x1E, 0x00,
    0x01, 0x99, 0x00, 0x00, 0x00, 0x00, 0x07, 0x7D, 0x12, 0x8A, 0x1E, 0x00,
    0x01, 0x9A, 0x00, 0x00, 0x00, 0x00, 0x07, 0x7E, 0x12, 0x8B, 0x1E, 0x00,
    0x00, 0x00, 0x00, 0x00,
};

u8 lbl_803750C8[56] = {
    0xC1, 0xA0, 0x00, 0x00, 0x41, 0x20, 0x00, 0x00, 0x41, 0x08, 0x00, 0x00,
    0xC1, 0x70, 0x00, 0x00, 0x00, 0x00, 0x00, 0x00, 0xC1, 0x41, 0x99, 0x9A,
    0xC1, 0x70, 0x00, 0x00, 0x00, 0x00, 0x00, 0x00, 0xC2, 0x04, 0x66, 0x66,
    0x00, 0x00, 0x00, 0x01, 0x00, 0x02, 0x00, 0x03, 0x00, 0x04, 0x00, 0x05,
    0x00, 0x06, 0x00, 0x07, 0x00, 0x08, 0x00, 0x00,
};

void* jumptable_80375100[8] = {
    (void*)((u8*)fn_801DF474 + 0x140),
    (void*)((u8*)fn_801DF474 + 0x240),
    (void*)((u8*)fn_801DF474 + 0x25C),
    (void*)((u8*)fn_801DF474 + 0x2C4),
    (void*)((u8*)fn_801DF474 + 0x2E0),
    (void*)((u8*)fn_801DF474 + 0x300),
    (void*)((u8*)fn_801DF474 + 0x300),
    (void*)((u8*)fn_801DF474 + 0x2FC),
};

void* jumptable_80375120[16] = {
    (void*)((u8*)fn_801DF790 + 0x40),
    (void*)((u8*)fn_801DF790 + 0x5C),
    (void*)((u8*)fn_801DF790 + 0x78),
    (void*)((u8*)fn_801DF790 + 0x94),
    (void*)((u8*)fn_801DF790 + 0xBC),
    (void*)((u8*)fn_801DF790 + 0x130),
    (void*)((u8*)fn_801DF790 + 0x1A0),
    (void*)((u8*)fn_801DF790 + 0x1BC),
    (void*)((u8*)fn_801DF790 + 0x244),
    (void*)((u8*)fn_801DF790 + 0x2B0),
    (void*)((u8*)fn_801DF790 + 0x2CC),
    (void*)((u8*)fn_801DF790 + 0x2E4),
    (void*)((u8*)fn_801DF790 + 0x3E0),
    (void*)((u8*)fn_801DF790 + 0x3FC),
    (void*)((u8*)fn_801DF790 + 0x42C),
    (void*)((u8*)fn_801DF790 + 0x480),
};

void* jumptable_80375160[22] = {
    (void*)((u8*)fn_801DFC30 + 0x60),
    (void*)((u8*)fn_801DFC30 + 0x80),
    (void*)((u8*)fn_801DFC30 + 0xB0),
    (void*)((u8*)fn_801DFC30 + 0x120),
    (void*)((u8*)fn_801DFC30 + 0x13C),
    (void*)((u8*)fn_801DFC30 + 0x158),
    (void*)((u8*)fn_801DFC30 + 0x174),
    (void*)((u8*)fn_801DFC30 + 0x19C),
    (void*)((u8*)fn_801DFC30 + 0x2E4),
    (void*)((u8*)fn_801DFC30 + 0x300),
    (void*)((u8*)fn_801DFC30 + 0x31C),
    (void*)((u8*)fn_801DFC30 + 0x358),
    (void*)((u8*)fn_801DFC30 + 0x3B8),
    (void*)((u8*)fn_801DFC30 + 0x3E8),
    (void*)((u8*)fn_801DFC30 + 0x438),
    (void*)((u8*)fn_801DFC30 + 0x454),
    (void*)((u8*)fn_801DFC30 + 0x518),
    (void*)((u8*)fn_801DFC30 + 0x630),
    (void*)((u8*)fn_801DFC30 + 0x648),
    (void*)((u8*)fn_801DFC30 + 0x664),
    (void*)((u8*)fn_801DFC30 + 0x680),
    (void*)((u8*)fn_801DFC30 + 0x754),
};

void* jumptable_803751B8[13] = {
    (void*)((u8*)fn_801E03D4 + 0x40),
    (void*)((u8*)fn_801E03D4 + 0x70),
    (void*)((u8*)fn_801E03D4 + 0x8C),
    (void*)((u8*)fn_801E03D4 + 0xC8),
    (void*)((u8*)fn_801E03D4 + 0x104),
    (void*)((u8*)fn_801E03D4 + 0x178),
    (void*)((u8*)fn_801E03D4 + 0x1B8),
    (void*)((u8*)fn_801E03D4 + 0x20C),
    (void*)((u8*)fn_801E03D4 + 0x244),
    (void*)((u8*)fn_801E03D4 + 0x284),
    (void*)((u8*)fn_801E03D4 + 0x2D8),
    (void*)((u8*)fn_801E03D4 + 0x318),
    (void*)((u8*)fn_801E03D4 + 0x358),
};

