#include "dolphin/types.h"

extern u8 fn_8012795C[];
extern u8 fn_80197C70[];
extern u8 fn_80218018[];
extern u8 lbl_80311D38[];
extern u8 lbl_80311DB8[];
extern u8 lbl_80311E54[];
extern u8 lbl_80311EE4[];
extern u8 lbl_80311F6C[];
extern u8 lbl_80311FEC[];
extern u8 lbl_803381EA[];
extern u8 lbl_803D80C6[];
extern u8 lbl_803F803B[];

/* Auto-carved .rodata unit 0x8026860C..0x8026F610 (60 objects). Non-relocated data emitted byte-exact as const u8[]; pointer/jump tables as const void*[] for R_PPC_ADDR32 relocations. */

const u8 lbl_8026860C[64] = {
    0x0E, 0x86, 0x00, 0x00, 0x00, 0x00, 0x00, 0x04, 0x0E, 0x87, 0x00, 0x00, 0x00, 0x00, 0x00, 0x07,
    0x0E, 0x88, 0x00, 0x00, 0x00, 0x00, 0x00, 0x04, 0x0E, 0x89, 0x00, 0x00, 0x00, 0x00, 0x00, 0x04,
    0x0E, 0x8A, 0x00, 0x00, 0x00, 0x00, 0x00, 0x07, 0x0E, 0x8B, 0x00, 0x00, 0x00, 0x00, 0x00, 0x07,
    0x0E, 0x8C, 0x00, 0x00, 0x00, 0x00, 0x00, 0x04, 0x0E, 0x8D, 0x00, 0x00, 0x00, 0x00, 0x00, 0x04,
};

const u8 lbl_8026864C[40] = {
    0x08, 0xFB, 0x00, 0x00, 0x00, 0x00, 0x3C, 0x62, 0x08, 0xFC, 0x00, 0x00, 0x00, 0x00, 0x3D, 0x69,
    0x08, 0xFD, 0x00, 0x00, 0x00, 0x00, 0x3D, 0x6A, 0x08, 0xFE, 0x00, 0x00, 0x00, 0x00, 0x3D, 0x6B,
    0x08, 0xFF, 0x00, 0x00, 0x00, 0x00, 0x3D, 0x6C,
};

const u8 lbl_80268674[12] = {
    0xFF, 0xFF, 0xFF, 0xFF, 0x21, 0x3A, 0x44, 0xF2, 0x11, 0x27, 0x2B, 0xF2,
};

const u8 lbl_80268680[80] = {
    0x6D, 0x65, 0x6E, 0x75, 0x43, 0x42, 0x5F, 0x48, 0x6F, 0x6F, 0x6B, 0x2E, 0x63, 0x00, 0x00, 0x00,
    0x30, 0x20, 0x3C, 0x3D, 0x20, 0x70, 0x72, 0x75, 0x6C, 0x65, 0x2D, 0x3E, 0x6D, 0x5F, 0x6E, 0x42,
    0x61, 0x74, 0x74, 0x6C, 0x65, 0x54, 0x69, 0x6D, 0x65, 0x4C, 0x69, 0x6D, 0x69, 0x74, 0x00, 0x00,
    0x30, 0x20, 0x3C, 0x3D, 0x20, 0x70, 0x72, 0x75, 0x6C, 0x65, 0x2D, 0x3E, 0x6D, 0x5F, 0x6E, 0x43,
    0x6F, 0x6D, 0x6D, 0x61, 0x6E, 0x64, 0x54, 0x69, 0x6D, 0x65, 0x4C, 0x69, 0x6D, 0x69, 0x74, 0x00,
};

const u8 lbl_802686D0[56] = {
    0x49, 0x44, 0x3A, 0x25, 0x31, 0x64, 0x25, 0x31, 0x64, 0x25, 0x31, 0x64, 0x25, 0x31, 0x64, 0x25,
    0x31, 0x64, 0x00, 0x00, 0x5F, 0x4C, 0x45, 0x4E, 0x47, 0x54, 0x48, 0x28, 0x5F, 0x43, 0x42, 0x2E,
    0x6D, 0x5F, 0x61, 0x54, 0x72, 0x61, 0x69, 0x6E, 0x65, 0x72, 0x4F, 0x72, 0x67, 0x29, 0x3E, 0x6A,
    0x00, 0x00, 0x00, 0x00, 0x00, 0x00, 0x00, 0x00,
};

const u8 lbl_80268708[16] = {
    0x6D, 0x65, 0x6E, 0x75, 0x43, 0x42, 0x5F, 0x43, 0x6F, 0x6D, 0x6D, 0x6F, 0x6E, 0x2E, 0x63, 0x00,
};

const u8 lbl_80268718[55] = {
    0x30, 0x20, 0x3C, 0x20, 0x5F, 0x43, 0x42, 0x43, 0x2E, 0x6D, 0x5F, 0x6E, 0x4D, 0x65, 0x6E, 0x75,
    0x53, 0x74, 0x61, 0x63, 0x6B, 0x44, 0x65, 0x70, 0x74, 0x68, 0x20, 0x26, 0x26, 0x22, 0x5F, 0x6D,
    0x65, 0x6E, 0x75, 0x50, 0x6F, 0x70, 0x28, 0x29, 0x3A, 0x73, 0x74, 0x61, 0x63, 0x6B, 0x20, 0x75,
    0x6E, 0x64, 0x65, 0x72, 0x2E, 0x22, 0x00,
};

const u8 gap_04_8026874F_rodata[1] = {
    0x00,
};

const u8 lbl_80268750[41] = {
    0x30, 0x20, 0x26, 0x26, 0x22, 0x5F, 0x6D, 0x65, 0x6E, 0x75, 0x50, 0x75, 0x73, 0x68, 0x28, 0x69,
    0x6E, 0x74, 0x20, 0x65, 0x4D, 0x65, 0x6E, 0x75, 0x49, 0x44, 0x29, 0x3A, 0x73, 0x74, 0x61, 0x63,
    0x6B, 0x20, 0x6F, 0x76, 0x65, 0x72, 0x2E, 0x22, 0x00,
};

const u8 gap_04_80268779_rodata[7] = {
    0x00, 0x00, 0x00, 0x00, 0x00, 0x00, 0x00,
};

const u8 lbl_80268780[376] = {
    0x70, 0x6B, 0x6A, 0x62, 0x5F, 0x75, 0x70, 0x6C, 0x6F, 0x61, 0x64, 0x65, 0x72, 0x2E, 0x63, 0x00,
    0x50, 0x4B, 0x4A, 0x42, 0x5F, 0x50, 0x72, 0x65, 0x70, 0x61, 0x72, 0x65, 0x3A, 0x20, 0x6E, 0x6F,
    0x74, 0x20, 0x66, 0x6F, 0x75, 0x6E, 0x64, 0x00, 0x50, 0x4B, 0x4A, 0x42, 0x5F, 0x50, 0x72, 0x65,
    0x70, 0x61, 0x72, 0x65, 0x3A, 0x20, 0x65, 0x6D, 0x70, 0x74, 0x79, 0x20, 0x6F, 0x72, 0x20, 0x74,
    0x6F, 0x6F, 0x20, 0x62, 0x69, 0x67, 0x20, 0x73, 0x69, 0x7A, 0x65, 0x00, 0x50, 0x4B, 0x4A, 0x42,
    0x5F, 0x50, 0x72, 0x65, 0x70, 0x61, 0x72, 0x65, 0x3A, 0x20, 0x72, 0x65, 0x61, 0x64, 0x20, 0x65,
    0x72, 0x72, 0x6F, 0x72, 0x00, 0x00, 0x00, 0x00, 0x5F, 0x50, 0x4B, 0x4A, 0x42, 0x55, 0x70, 0x56,
    0x61, 0x6C, 0x69, 0x64, 0x61, 0x74, 0x65, 0x4B, 0x65, 0x79, 0x42, 0x3A, 0x20, 0x69, 0x6E, 0x76,
    0x61, 0x6C, 0x69, 0x64, 0x20, 0x6B, 0x65, 0x79, 0x20, 0x28, 0x64, 0x37, 0x2D, 0x64, 0x30, 0x29,
    0x3A, 0x20, 0x30, 0x78, 0x25, 0x78, 0x0A, 0x00, 0x5F, 0x50, 0x4B, 0x4A, 0x42, 0x55, 0x70, 0x56,
    0x61, 0x6C, 0x69, 0x64, 0x61, 0x74, 0x65, 0x4B, 0x65, 0x79, 0x42, 0x3A, 0x20, 0x69, 0x6E, 0x76,
    0x61, 0x6C, 0x69, 0x64, 0x20, 0x6B, 0x65, 0x79, 0x20, 0x28, 0x64, 0x33, 0x31, 0x2D, 0x64, 0x38,
    0x29, 0x3A, 0x20, 0x30, 0x78, 0x25, 0x78, 0x0A, 0x00, 0x00, 0x00, 0x00, 0x66, 0x72, 0x6F, 0x6D,
    0x20, 0x47, 0x42, 0x41, 0x20, 0x72, 0x65, 0x63, 0x76, 0x44, 0x61, 0x74, 0x61, 0x20, 0x3D, 0x20,
    0x30, 0x78, 0x25, 0x30, 0x38, 0x78, 0x2C, 0x20, 0x47, 0x43, 0x20, 0x72, 0x65, 0x73, 0x75, 0x6C,
    0x74, 0x43, 0x72, 0x63, 0x20, 0x3D, 0x20, 0x30, 0x78, 0x25, 0x30, 0x38, 0x78, 0x0A, 0x00, 0x00,
    0x4B, 0x65, 0x79, 0x43, 0x20, 0x66, 0x6F, 0x75, 0x6E, 0x64, 0x21, 0x20, 0x30, 0x78, 0x25, 0x30,
    0x38, 0x78, 0x2C, 0x20, 0x72, 0x65, 0x74, 0x75, 0x72, 0x6E, 0x20, 0x62, 0x6F, 0x6F, 0x74, 0x4B,
    0x65, 0x79, 0x20, 0x3D, 0x20, 0x30, 0x78, 0x25, 0x30, 0x38, 0x78, 0x0A, 0x00, 0x00, 0x00, 0x00,
    0x2A, 0x2A, 0x2A, 0x2A, 0x2A, 0x2A, 0x2A, 0x2A, 0x2A, 0x2A, 0x2A, 0x2A, 0x2A, 0x2A, 0x2A, 0x20,
    0x45, 0x52, 0x52, 0x4F, 0x52, 0x3A, 0x20, 0x4B, 0x65, 0x79, 0x43, 0x20, 0x4E, 0x4F, 0x54, 0x20,
    0x46, 0x4F, 0x55, 0x4E, 0x44, 0x20, 0x30, 0x78, 0x25, 0x30, 0x38, 0x78, 0x2C, 0x20, 0x30, 0x78,
    0x25, 0x30, 0x38, 0x78, 0x20, 0x2A, 0x2A, 0x2A, 0x2A, 0x2A, 0x2A, 0x2A, 0x2A, 0x2A, 0x2A, 0x2A,
    0x2A, 0x2A, 0x2A, 0x2A, 0x0A, 0x00, 0x00, 0x00,
};

const u8 lbl_802688F8[17] = {
    0x6D, 0x65, 0x6E, 0x75, 0x54, 0x6F, 0x6F, 0x6C, 0x42, 0x61, 0x74, 0x74, 0x6C, 0x65, 0x2E, 0x63,
    0x00,
};

const u8 gap_04_80268909_rodata[3] = {
    0x00, 0x00, 0x00,
};

const u8 lbl_8026890C[46] = {
    0x42, 0x41, 0x54, 0x54, 0x4C, 0x45, 0x4D, 0x4F, 0x44, 0x45, 0x5F, 0x42, 0x41, 0x54, 0x54, 0x4C,
    0x45, 0x59, 0x41, 0x4D, 0x41, 0x31, 0x30, 0x30, 0x20, 0x3D, 0x3D, 0x20, 0x5F, 0x43, 0x42, 0x2E,
    0x6D, 0x5F, 0x65, 0x42, 0x61, 0x74, 0x74, 0x6C, 0x65, 0x4D, 0x6F, 0x64, 0x65, 0x00,
};

const u8 gap_04_8026893A_rodata[6] = {
    0x00, 0x00, 0x00, 0x00, 0x00, 0x00,
};

const u8 lbl_80268940[264] = {
    0x00, 0x01, 0x00, 0x64, 0x02, 0x58, 0x00, 0x01, 0x00, 0x00, 0x00, 0x00, 0x01, 0x01, 0x00, 0x00,
    0x01, 0x01, 0x00, 0x01, 0xFF, 0xC4, 0xFF, 0xEC, 0x00, 0x00, 0x00, 0x00, 0x00, 0x00, 0x00, 0x00,
    0x00, 0x00, 0x00, 0x00, 0x00, 0x00, 0x00, 0x00, 0x00, 0x00, 0x00, 0x00, 0x00, 0x00, 0x00, 0x00,
    0x00, 0x00, 0x00, 0x00, 0x00, 0x00, 0x00, 0x00, 0x00, 0x00, 0x00, 0x00, 0x00, 0x00, 0x00, 0x00,
    0x00, 0x00, 0x00, 0x00, 0x00, 0x00, 0x00, 0x00, 0x00, 0x00, 0x00, 0x00, 0x00, 0x00, 0x00, 0x00,
    0x00, 0x00, 0x00, 0x00, 0x00, 0x01, 0x00, 0x32, 0x01, 0x2C, 0x00, 0x06, 0x00, 0x00, 0x00, 0x00,
    0x00, 0x00, 0x00, 0x00, 0x01, 0x01, 0x00, 0x01, 0xFF, 0xC4, 0xFF, 0xEC, 0x00, 0x00, 0x00, 0x00,
    0x00, 0x00, 0x00, 0x00, 0x00, 0x00, 0x00, 0x00, 0x00, 0x00, 0x00, 0x00, 0x00, 0x00, 0x00, 0x00,
    0x00, 0x00, 0x00, 0x00, 0x00, 0x00, 0x00, 0x00, 0x00, 0x00, 0x00, 0x00, 0x00, 0x00, 0x00, 0x00,
    0x00, 0x00, 0x00, 0x00, 0x00, 0x00, 0x00, 0x00, 0x00, 0x00, 0x00, 0x00, 0x00, 0x00, 0x00, 0x00,
    0x00, 0x00, 0x00, 0x00, 0x00, 0x00, 0x00, 0x00, 0x00, 0x01, 0x00, 0x64, 0x02, 0x58, 0x00, 0x06,
    0x00, 0x00, 0x00, 0x00, 0x00, 0x00, 0x00, 0x00, 0x01, 0x01, 0x00, 0x01, 0xFF, 0xC4, 0xFF, 0xEC,
    0x00, 0x00, 0x00, 0x00, 0x00, 0x00, 0x00, 0x00, 0x00, 0x00, 0x00, 0x00, 0x00, 0x00, 0x00, 0x00,
    0x00, 0x00, 0x00, 0x00, 0x00, 0x00, 0x00, 0x00, 0x00, 0x00, 0x00, 0x00, 0x00, 0x00, 0x00, 0x00,
    0x00, 0x00, 0x00, 0x00, 0x00, 0x00, 0x00, 0x00, 0x00, 0x00, 0x00, 0x00, 0x00, 0x00, 0x00, 0x00,
    0x00, 0x00, 0x00, 0x00, 0x00, 0x00, 0x00, 0x00, 0x00, 0x00, 0x00, 0x00, 0x44, 0x25, 0x44, 0x27,
    0x44, 0x28, 0x44, 0x29, 0x44, 0x2A, 0x44, 0xBF,
};

const u8 lbl_80268A48[14] = {
    0x6D, 0x65, 0x6E, 0x75, 0x43, 0x42, 0x5F, 0x52, 0x75, 0x6C, 0x65, 0x2E, 0x63, 0x00,
};

const u8 gap_04_80268A56_rodata[2] = {
    0x00, 0x00,
};

const u8 lbl_80268A58[80] = {
    0x30, 0x20, 0x26, 0x26, 0x22, 0x73, 0x70, 0x65, 0x63, 0x69, 0x66, 0x69, 0x65, 0x64, 0x20, 0x69,
    0x6E, 0x76, 0x61, 0x6C, 0x69, 0x64, 0x20, 0x61, 0x72, 0x67, 0x2E, 0x22, 0x00, 0x00, 0x00, 0x00,
    0x30, 0x20, 0x26, 0x26, 0x22, 0x69, 0x6E, 0x76, 0x61, 0x6C, 0x69, 0x64, 0x20, 0x61, 0x72, 0x67,
    0x2E, 0x22, 0x00, 0x00, 0x50, 0x4F, 0x4B, 0x45, 0x4D, 0x4F, 0x4E, 0x5F, 0x44, 0x41, 0x54, 0x41,
    0x5F, 0x6E, 0x75, 0x6C, 0x6C, 0x20, 0x21, 0x3D, 0x20, 0x64, 0x61, 0x74, 0x61, 0x49, 0x44, 0x00,
};

const u8 lbl_80268AA8[16] = {
    0x00, 0x00, 0x00, 0x00, 0x00, 0x00, 0x00, 0x00, 0x00, 0x00, 0x00, 0x00, 0x00, 0x00, 0x00, 0x00,
};

const u8 lbl_80268AB8[19] = {
    0x6D, 0x65, 0x6E, 0x75, 0x45, 0x78, 0x44, 0x69, 0x73, 0x63, 0x53, 0x68, 0x72, 0x69, 0x6E, 0x65,
    0x2E, 0x63, 0x00,
};

const u8 gap_04_80268ACB_rodata[5] = {
    0x00, 0x00, 0x00, 0x00, 0x00,
};

const u8 lbl_80268AD0[16] = {
    0x00, 0x00, 0x00, 0x00, 0x00, 0x00, 0x00, 0x00, 0x00, 0x00, 0x00, 0x00, 0x00, 0x00, 0x00, 0x00,
};

const u8 lbl_80268AE0[19] = {
    0x6D, 0x65, 0x6E, 0x75, 0x45, 0x78, 0x44, 0x69, 0x73, 0x63, 0x43, 0x6F, 0x75, 0x70, 0x6F, 0x6E,
    0x2E, 0x63, 0x00,
};

const u8 gap_04_80268AF3_rodata[5] = {
    0x00, 0x00, 0x00, 0x00, 0x00,
};

const u8 lbl_80268AF8[17] = {
    0x62, 0x67, 0x30, 0x74, 0x68, 0x75, 0x6D, 0x62, 0x63, 0x6F, 0x64, 0x65, 0x2E, 0x62, 0x69, 0x6E,
    0x00,
};

const u8 gap_04_80268B09_rodata[3] = {
    0x00, 0x00, 0x00,
};

const u8 lbl_80268B0C[17] = {
    0x62, 0x67, 0x31, 0x74, 0x68, 0x75, 0x6D, 0x62, 0x63, 0x6F, 0x64, 0x65, 0x2E, 0x62, 0x69, 0x6E,
    0x00,
};

const u8 gap_04_80268B1D_rodata[3] = {
    0x00, 0x00, 0x00,
};

const u8 lbl_80268B20[17] = {
    0x62, 0x67, 0x32, 0x74, 0x68, 0x75, 0x6D, 0x62, 0x63, 0x6F, 0x64, 0x65, 0x2E, 0x62, 0x69, 0x6E,
    0x00,
};

const u8 gap_04_80268B31_rodata[7] = {
    0x00, 0x00, 0x00, 0x00, 0x00, 0x00, 0x00,
};

const u8 lbl_80268B38[17] = {
    0x6D, 0x65, 0x6E, 0x75, 0x50, 0x6F, 0x6B, 0x65, 0x43, 0x6F, 0x75, 0x70, 0x6F, 0x6E, 0x2E, 0x63,
    0x00,
};

const u8 gap_04_80268B49_rodata[3] = {
    0x00, 0x00, 0x00,
};

const u8 lbl_80268B4C[56] = {
    0x50, 0x4F, 0x4B, 0x45, 0x43, 0x4F, 0x55, 0x50, 0x4F, 0x4E, 0x52, 0x45, 0x46, 0x45, 0x52, 0x5F,
    0x49, 0x4E, 0x56, 0x41, 0x4C, 0x49, 0x44, 0x20, 0x21, 0x3D, 0x20, 0x5F, 0x6D, 0x65, 0x6E, 0x75,
    0x50, 0x6F, 0x6B, 0x65, 0x43, 0x6F, 0x75, 0x70, 0x6F, 0x6E, 0x57, 0x6F, 0x72, 0x6B, 0x2E, 0x6D,
    0x5F, 0x65, 0x52, 0x65, 0x66, 0x65, 0x72, 0x00,
};

const u8 gap_04_80268B84_rodata[4] = {
    0x00, 0x00, 0x00, 0x00,
};

const u8 lbl_80268B88[496] = {
    0x07, 0xA0, 0x07, 0xA1, 0x07, 0xA2, 0x07, 0xA3, 0x10, 0x2E, 0x10, 0x2F, 0x10, 0x30, 0x10, 0x31,
    0x10, 0x32, 0x10, 0x33, 0x10, 0x34, 0x10, 0x35, 0x10, 0x36, 0x10, 0x37, 0x10, 0x38, 0x10, 0x39,
    0x10, 0x3A, 0x10, 0x3B, 0x10, 0x3C, 0x10, 0x3D, 0x10, 0x3E, 0x10, 0x3F, 0x10, 0x40, 0x10, 0x41,
    0x10, 0x42, 0x10, 0x43, 0x10, 0x44, 0x10, 0x45, 0x10, 0x46, 0x10, 0x47, 0x10, 0x48, 0x10, 0x49,
    0x10, 0x4A, 0x10, 0x4B, 0x10, 0x4C, 0x10, 0x4D, 0x11, 0x27, 0x11, 0x28, 0x11, 0x29, 0x11, 0x2A,
    0x11, 0x2B, 0x11, 0x2C, 0x11, 0x2D, 0x11, 0x2E, 0x11, 0x2F, 0x11, 0x30, 0x11, 0x31, 0x11, 0x32,
    0x11, 0x33, 0x11, 0x34, 0x11, 0x35, 0x11, 0x36, 0x11, 0x37, 0x11, 0x38, 0x11, 0x39, 0x11, 0x3A,
    0x11, 0x3B, 0x11, 0x3C, 0x11, 0x3D, 0x11, 0x3E, 0x11, 0x3F, 0x11, 0x40, 0x11, 0x41, 0x11, 0x42,
    0x11, 0x43, 0x11, 0x44, 0x11, 0x45, 0x11, 0x46, 0x11, 0x47, 0x11, 0x48, 0x11, 0x49, 0x11, 0x4A,
    0x10, 0x4E, 0x10, 0x4F, 0x10, 0x50, 0x10, 0x51, 0x10, 0x52, 0x10, 0x53, 0x10, 0x54, 0x10, 0x55,
    0x10, 0x56, 0x10, 0x57, 0x10, 0x58, 0x10, 0x59, 0x10, 0x5A, 0x10, 0x5B, 0x10, 0x5C, 0x10, 0x5D,
    0x10, 0x5E, 0x10, 0x5F, 0x10, 0x60, 0x10, 0x61, 0x10, 0x62, 0x10, 0x63, 0x10, 0x64, 0x10, 0x65,
    0x10, 0x66, 0x10, 0x67, 0x10, 0x68, 0x10, 0x69, 0x10, 0x6A, 0x10, 0x6B, 0x10, 0x6C, 0x10, 0x6D,
    0x10, 0x6E, 0x10, 0x6F, 0x10, 0x70, 0x10, 0x71, 0x11, 0x4B, 0x11, 0x4C, 0x11, 0x4D, 0x11, 0x4E,
    0x11, 0x4F, 0x11, 0x50, 0x11, 0x51, 0x11, 0x52, 0x11, 0x53, 0x11, 0x54, 0x11, 0x55, 0x11, 0x56,
    0x11, 0x57, 0x11, 0x58, 0x11, 0x59, 0x11, 0x5A, 0x11, 0x5B, 0x11, 0x5C, 0x11, 0x5D, 0x11, 0x5E,
    0x11, 0x5F, 0x11, 0x60, 0x11, 0x61, 0x11, 0x62, 0x11, 0x63, 0x11, 0x64, 0x11, 0x65, 0x11, 0x66,
    0x11, 0x67, 0x11, 0x68, 0x11, 0x69, 0x11, 0x6A, 0x11, 0x6B, 0x11, 0x6C, 0x11, 0x6D, 0x11, 0x6E,
    0x10, 0x72, 0x10, 0x73, 0x10, 0x74, 0x10, 0x75, 0x10, 0x76, 0x10, 0x77, 0x10, 0x78, 0x10, 0x79,
    0x10, 0x7A, 0x10, 0x7B, 0x10, 0x7C, 0x10, 0x7D, 0x10, 0x7E, 0x10, 0x7F, 0x10, 0x80, 0x10, 0x81,
    0x10, 0x82, 0x10, 0x83, 0x10, 0x84, 0x10, 0x85, 0x10, 0x86, 0x10, 0x87, 0x10, 0x88, 0x10, 0x89,
    0x10, 0x8A, 0x10, 0x8B, 0x10, 0x8C, 0x10, 0x8D, 0x10, 0x8E, 0x10, 0x8F, 0x10, 0x90, 0x10, 0x91,
    0x10, 0x92, 0x10, 0x93, 0x10, 0x94, 0x10, 0x95, 0x11, 0x6F, 0x11, 0x70, 0x11, 0x71, 0x11, 0x72,
    0x11, 0x73, 0x11, 0x74, 0x11, 0x75, 0x11, 0x76, 0x11, 0x77, 0x11, 0x78, 0x11, 0x79, 0x11, 0x7A,
    0x11, 0x7B, 0x11, 0x7C, 0x11, 0x7D, 0x11, 0x7E, 0x11, 0x7F, 0x11, 0x80, 0x11, 0x81, 0x11, 0x82,
    0x11, 0x83, 0x11, 0x84, 0x11, 0x85, 0x11, 0x86, 0x11, 0x87, 0x11, 0x88, 0x11, 0x89, 0x11, 0x8A,
    0x11, 0x8B, 0x11, 0x8C, 0x11, 0x8D, 0x11, 0x8E, 0x11, 0x8F, 0x11, 0x90, 0x11, 0x91, 0x11, 0x92,
    0x00, 0x00, 0x02, 0x0A, 0x00, 0x00, 0x02, 0x0C, 0x00, 0x00, 0x02, 0x0E, 0x00, 0x00, 0x02, 0x10,
    0x00, 0x00, 0x02, 0x12, 0x00, 0x00, 0x02, 0x14, 0x00, 0x00, 0x02, 0x16, 0x00, 0x00, 0x02, 0x18,
    0x00, 0x00, 0x02, 0x0B, 0x00, 0x00, 0x02, 0x0D, 0x00, 0x00, 0x02, 0x0F, 0x00, 0x00, 0x02, 0x11,
    0x00, 0x00, 0x02, 0x13, 0x00, 0x00, 0x02, 0x15, 0x00, 0x00, 0x02, 0x17, 0x00, 0x00, 0x02, 0x19,
};

const u8 lbl_80268D78[19] = {
    0x6D, 0x65, 0x6E, 0x75, 0x43, 0x61, 0x72, 0x64, 0x45, 0x5F, 0x4D, 0x61, 0x74, 0x72, 0x69, 0x78,
    0x2E, 0x63, 0x00,
};

const u8 gap_04_80268D8B_rodata[1] = {
    0x00,
};

const u8 lbl_80268D8C[19] = {
    0x69, 0x20, 0x3C, 0x20, 0x63, 0x65, 0x6D, 0x2D, 0x3E, 0x6D, 0x5F, 0x73, 0x65, 0x72, 0x69, 0x65,
    0x73, 0x4E, 0x00,
};

const u8 gap_04_80268D9F_rodata[1] = {
    0x00,
};

const u8 lbl_80268DA0[20] = {
    0x21, 0x63, 0x65, 0x6D, 0x2D, 0x3E, 0x6D, 0x5F, 0x69, 0x73, 0x41, 0x6E, 0x69, 0x6D, 0x61, 0x74,
    0x69, 0x6E, 0x67, 0x00,
};

const u8 lbl_80268DB4[12] = {
    0x73, 0x5B, 0x41, 0x4E, 0x49, 0x4D, 0x5F, 0x63, 0x75, 0x72, 0x5D, 0x00,
};

const u8 lbl_80268DC0[3496] = {
    0x00, 0x00, 0x00, 0x00, 0x00, 0x00, 0x00, 0x04, 0x00, 0x00, 0x00, 0x01, 0x00, 0x00, 0x00, 0x01,
    0x00, 0x00, 0x00, 0x03, 0x00, 0x00, 0x00, 0x01, 0x00, 0x00, 0x00, 0x02, 0x00, 0x00, 0x00, 0x02,
    0x00, 0x00, 0x00, 0x01, 0x00, 0x00, 0x00, 0x03, 0x00, 0x00, 0x00, 0x04, 0x00, 0x00, 0x00, 0x01,
    0x00, 0x00, 0x00, 0x04, 0x00, 0x00, 0x00, 0x04, 0x00, 0x00, 0x00, 0x01, 0x00, 0x00, 0x00, 0x05,
    0x00, 0x00, 0x00, 0x08, 0x00, 0x00, 0x00, 0x01, 0x00, 0x00, 0x00, 0x06, 0x00, 0x00, 0x00, 0xC0,
    0x00, 0x00, 0x00, 0x01, 0x00, 0x00, 0x00, 0x07, 0x00, 0x00, 0x00, 0x03, 0x00, 0x00, 0x00, 0x01,
    0x00, 0x00, 0x00, 0x08, 0x00, 0x00, 0x00, 0x03, 0x00, 0x00, 0x00, 0x01, 0x00, 0x00, 0x00, 0x09,
    0x00, 0x00, 0x00, 0x03, 0x00, 0x00, 0x00, 0x01, 0x00, 0x00, 0x00, 0x0A, 0x00, 0x00, 0x00, 0x70,
    0x00, 0x00, 0x00, 0x01, 0x00, 0x00, 0x00, 0x0B, 0x00, 0x00, 0x00, 0x70, 0x00, 0x00, 0x00, 0x01,
    0x00, 0x00, 0x00, 0x0C, 0x00, 0x00, 0x00, 0x70, 0x00, 0x00, 0x00, 0x01, 0x00, 0x00, 0x00, 0x0D,
    0x00, 0x00, 0x00, 0x02, 0x00, 0x00, 0x00, 0x01, 0x00, 0x00, 0x00, 0x0E, 0x00, 0x00, 0x00, 0x03,
    0x00, 0x00, 0x00, 0x01, 0x00, 0x00, 0x00, 0x0F, 0x00, 0x00, 0x00, 0x03, 0x00, 0x00, 0x00, 0x01,
    0x00, 0x00, 0x00, 0x10, 0x00, 0x00, 0x00, 0x04, 0x00, 0x00, 0x00, 0x01, 0x00, 0x00, 0x00, 0x11,
    0x00, 0x00, 0x00, 0x04, 0x00, 0x00, 0x00, 0x01, 0x00, 0x00, 0x00, 0x12, 0x00, 0x00, 0x00, 0x04,
    0x00, 0x00, 0x00, 0x01, 0x00, 0x00, 0x00, 0x13, 0x00, 0x00, 0x00, 0x04, 0x00, 0x00, 0x00, 0x01,
    0x00, 0x00, 0x00, 0x14, 0x00, 0x00, 0x00, 0x04, 0x00, 0x00, 0x00, 0x01, 0x00, 0x00, 0x00, 0x15,
    0x00, 0x00, 0x00, 0x04, 0x00, 0x00, 0x00, 0x01, 0x00, 0x00, 0x00, 0x16, 0x00, 0x00, 0x00, 0x04,
    0x00, 0x00, 0x00, 0x01, 0x00, 0x00, 0x00, 0x17, 0x00, 0x00, 0x00, 0x04, 0x00, 0x00, 0x00, 0x01,
    0x00, 0x00, 0x00, 0x18, 0x00, 0x00, 0x00, 0x04, 0x00, 0x00, 0x00, 0x01, 0x00, 0x00, 0x00, 0x19,
    0x00, 0x00, 0x00, 0x0A, 0x00, 0x00, 0x00, 0x01, 0x00, 0x00, 0x00, 0x1A, 0x00, 0x00, 0x00, 0x0A,
    0x00, 0x00, 0x00, 0x01, 0x00, 0x00, 0x00, 0x1B, 0x00, 0x00, 0x00, 0x0A, 0x00, 0x00, 0x00, 0x01,
    0x00, 0x00, 0x00, 0x1C, 0x00, 0x00, 0x00, 0x07, 0x00, 0x00, 0x00, 0x01, 0x00, 0x00, 0x00, 0x1D,
    0x00, 0x00, 0x00, 0x07, 0x00, 0x00, 0x00, 0x01, 0x00, 0x00, 0x00, 0x1E, 0x00, 0x00, 0x00, 0x07,
    0x00, 0x00, 0x00, 0x01, 0x00, 0x00, 0x00, 0x1F, 0x00, 0x00, 0x02, 0xD0, 0x00, 0x00, 0x00, 0x01,
    0x00, 0x00, 0x00, 0x20, 0x00, 0x00, 0x02, 0xD0, 0x00, 0x00, 0x00, 0x01, 0x00, 0x00, 0x00, 0x21,
    0x00, 0x00, 0x02, 0xD0, 0x00, 0x00, 0x00, 0x01, 0x00, 0x00, 0x00, 0x22, 0x00, 0x00, 0x02, 0xD0,
    0x00, 0x00, 0x00, 0x01, 0x00, 0x00, 0x00, 0x23, 0x00, 0x00, 0x02, 0xD0, 0x00, 0x00, 0x00, 0x01,
    0x00, 0x00, 0x00, 0x24, 0x00, 0x00, 0x02, 0xD0, 0x00, 0x00, 0x00, 0x01, 0x00, 0x00, 0x00, 0x25,
    0x00, 0x00, 0x02, 0xD0, 0x00, 0x00, 0x00, 0x01, 0x00, 0x00, 0x00, 0x26, 0x00, 0x00, 0x02, 0xD0,
    0x00, 0x00, 0x00, 0x01, 0x00, 0x00, 0x00, 0x27, 0x00, 0x00, 0x02, 0xD0, 0x00, 0x00, 0x00, 0x01,
    0x00, 0x00, 0x00, 0x28, 0x00, 0x00, 0x00, 0x50, 0x00, 0x00, 0x00, 0x01, 0x00, 0x00, 0x00, 0x29,
    0x00, 0x00, 0x00, 0x01, 0x00, 0x00, 0x00, 0x01, 0x00, 0x00, 0x00, 0x2A, 0x00, 0x00, 0x00, 0x06,
    0x00, 0x00, 0x00, 0x04, 0x00, 0x00, 0x00, 0x2B, 0x00, 0x00, 0x00, 0x0A, 0x00, 0x00, 0x00, 0x04,
    0x00, 0x00, 0x00, 0x2C, 0x00, 0x00, 0x00, 0x01, 0x00, 0x00, 0x00, 0x01, 0x00, 0x00, 0x00, 0x2D,
    0x00, 0x00, 0x00, 0x0E, 0x00, 0x00, 0x00, 0x01, 0x00, 0x00, 0x00, 0x2E, 0x00, 0x00, 0x00, 0x0A,
    0x00, 0x00, 0x00, 0x01, 0x00, 0x00, 0x00, 0x2F, 0x00, 0x00, 0x00, 0x07, 0x00, 0x00, 0x00, 0x01,
    0x00, 0x00, 0x00, 0x30, 0x00, 0x00, 0x00, 0x09, 0x00, 0x00, 0x00, 0x01, 0x00, 0x00, 0x00, 0x31,
    0x00, 0x00, 0x00, 0x07, 0x00, 0x00, 0x00, 0x01, 0x00, 0x00, 0x00, 0x32, 0x00, 0x00, 0x00, 0x07,
    0x00, 0x00, 0x00, 0x01, 0x00, 0x00, 0x00, 0x33, 0x00, 0x00, 0x00, 0x0A, 0x00, 0x00, 0x00, 0x04,
    0x00, 0x00, 0x00, 0x34, 0x00, 0x00, 0x00, 0x0B, 0x00, 0x00, 0x00, 0x01, 0x00, 0x00, 0x00, 0x35,
    0x00, 0x00, 0x00, 0x02, 0x00, 0x00, 0x00, 0x01, 0x00, 0x00, 0x00, 0x36, 0x00, 0x00, 0x00, 0x06,
    0x00, 0x00, 0x00, 0x01, 0x00, 0x00, 0x00, 0x37, 0x00, 0x00, 0x00, 0x06, 0x00, 0x00, 0x00, 0x01,
    0x00, 0x00, 0x00, 0x38, 0x00, 0x00, 0x00, 0x06, 0x00, 0x00, 0x00, 0x01, 0x00, 0x00, 0x00, 0x39,
    0x00, 0x00, 0x00, 0x06, 0x00, 0x00, 0x00, 0x01, 0x00, 0x00, 0x00, 0x3A, 0x00, 0x00, 0x00, 0x06,
    0x00, 0x00, 0x00, 0x01, 0x00, 0x00, 0x00, 0x3B, 0x00, 0x00, 0x00, 0x06, 0x00, 0x00, 0x00, 0x01,
    0x00, 0x00, 0x00, 0x3C, 0x00, 0x00, 0x00, 0x09, 0x00, 0x00, 0x00, 0x01, 0x00, 0x00, 0x00, 0x3D,
    0x00, 0x00, 0x00, 0x09, 0x00, 0x00, 0x00, 0x01, 0x00, 0x00, 0x00, 0x3E, 0x00, 0x00, 0x00, 0x09,
    0x00, 0x00, 0x00, 0x01, 0x00, 0x00, 0x00, 0x3F, 0x00, 0x00, 0x00, 0x09, 0x00, 0x00, 0x00, 0x01,
    0x00, 0x00, 0x00, 0x40, 0x00, 0x00, 0x00, 0x09, 0x00, 0x00, 0x00, 0x01, 0x00, 0x00, 0x00, 0x41,
    0x00, 0x00, 0x00, 0x09, 0x00, 0x00, 0x00, 0x01, 0x00, 0x00, 0x00, 0x42, 0x00, 0x00, 0x00, 0x09,
    0x00, 0x00, 0x00, 0x01, 0x00, 0x00, 0x00, 0x43, 0x00, 0x00, 0x00, 0x02, 0x00, 0x00, 0x00, 0x01,
    0x00, 0x00, 0x00, 0x44, 0x00, 0x00, 0x00, 0x06, 0x00, 0x00, 0x00, 0x01, 0x00, 0x00, 0x00, 0x45,
    0x00, 0x00, 0x00, 0x03, 0x00, 0x00, 0x00, 0x01, 0x00, 0x00, 0x00, 0x46, 0x00, 0x00, 0x00, 0x06,
    0x00, 0x00, 0x00, 0x01, 0x00, 0x00, 0x00, 0x47, 0x00, 0x00, 0x00, 0x08, 0x00, 0x00, 0x00, 0x01,
    0x00, 0x00, 0x00, 0x48, 0x00, 0x00, 0x00, 0x04, 0x00, 0x00, 0x00, 0x01, 0x00, 0x00, 0x00, 0x49,
    0x00, 0x00, 0x00, 0x06, 0x00, 0x00, 0x00, 0x01, 0x00, 0x00, 0x00, 0x4A, 0x00, 0x00, 0x00, 0xF0,
    0x00, 0x00, 0x00, 0x01, 0x00, 0x00, 0x00, 0x01, 0x00, 0x02, 0x00, 0x03, 0x00, 0x04, 0x00, 0x05,
    0x00, 0x06, 0x00, 0x07, 0x00, 0x08, 0x00, 0x09, 0x00, 0x0A, 0x00, 0x0B, 0x00, 0x0C, 0x00, 0x0D,
    0x00, 0x0E, 0x00, 0x0F, 0x00, 0x10, 0x00, 0x11, 0x00, 0x12, 0x00, 0x13, 0x00, 0x14, 0x00, 0x15,
    0x00, 0x16, 0x00, 0x17, 0x00, 0x18, 0x00, 0x19, 0x00, 0x1A, 0x00, 0x1B, 0x00, 0x1C, 0x00, 0x1D,
    0x00, 0x1E, 0x00, 0x1F, 0x00, 0x20, 0x00, 0x21, 0x00, 0x22, 0x00, 0x23, 0x00, 0x24, 0x00, 0x25,
    0x00, 0x26, 0x00, 0x27, 0x00, 0x28, 0x00, 0x29, 0x00, 0x2A, 0x00, 0x2B, 0x00, 0x2C, 0x00, 0x2D,
    0x00, 0x2E, 0x00, 0x2F, 0x00, 0x30, 0x00, 0x31, 0x00, 0x32, 0x00, 0x33, 0x00, 0x3F, 0x00, 0x40,
    0x00, 0x41, 0x00, 0x42, 0x00, 0x43, 0x00, 0x44, 0x00, 0x45, 0x00, 0x46, 0x00, 0x47, 0x00, 0x49,
    0x00, 0x4A, 0x00, 0x4B, 0x00, 0x4C, 0x00, 0x4D, 0x00, 0x4E, 0x00, 0x4F, 0x00, 0x50, 0x00, 0x51,
    0x00, 0x53, 0x00, 0x54, 0x00, 0x55, 0x00, 0x56, 0x00, 0x5D, 0x00, 0x5E, 0x00, 0x5F, 0x00, 0x60,
    0x00, 0x61, 0x00, 0x62, 0x00, 0x67, 0x00, 0x68, 0x00, 0x6A, 0x00, 0x6B, 0x00, 0x6C, 0x00, 0x6D,
    0x00, 0x6E, 0x00, 0x6F, 0x00, 0x79, 0x00, 0x7A, 0x00, 0x7B, 0x00, 0x7C, 0x00, 0x7D, 0x00, 0x7E,
    0x00, 0x7F, 0x00, 0x80, 0x00, 0x81, 0x00, 0x82, 0x00, 0x83, 0x00, 0x84, 0x00, 0x85, 0x00, 0x86,
    0x00, 0x87, 0x00, 0x88, 0x00, 0x89, 0x00, 0x8A, 0x00, 0x8B, 0x00, 0x8C, 0x00, 0x8D, 0x00, 0x8E,
    0x00, 0x8F, 0x00, 0x90, 0x00, 0x91, 0x00, 0x92, 0x00, 0x93, 0x00, 0x94, 0x00, 0x95, 0x00, 0x96,
    0x00, 0x97, 0x00, 0x98, 0x00, 0x99, 0x00, 0x9A, 0x00, 0x9B, 0x00, 0x9C, 0x00, 0x9D, 0x00, 0x9E,
    0x00, 0x9F, 0x00, 0xA0, 0x00, 0xA1, 0x00, 0xA2, 0x00, 0xA3, 0x00, 0xA4, 0x00, 0xA5, 0x00, 0xA6,
    0x00, 0xA7, 0x00, 0xA8, 0x00, 0xA9, 0x00, 0xAA, 0x00, 0xAB, 0x00, 0xAC, 0x00, 0xAD, 0x00, 0xAE,
    0x00, 0xAF, 0x00, 0xB3, 0x00, 0xB4, 0x00, 0xB5, 0x00, 0xB6, 0x00, 0xB7, 0x00, 0xB8, 0x00, 0xB9,
    0x00, 0xBA, 0x00, 0xBB, 0x00, 0xBC, 0x00, 0xBD, 0x00, 0xBE, 0x00, 0xBF, 0x00, 0xC0, 0x00, 0xC1,
    0x00, 0xC2, 0x00, 0xC3, 0x00, 0xC4, 0x00, 0xC5, 0x00, 0xC6, 0x00, 0xC7, 0x00, 0xC8, 0x00, 0xC9,
    0x00, 0xCA, 0x00, 0xCB, 0x00, 0xCC, 0x00, 0xCD, 0x00, 0xCE, 0x00, 0xCF, 0x00, 0xD0, 0x00, 0xD1,
    0x00, 0xD2, 0x00, 0xD3, 0x00, 0xD4, 0x00, 0xD5, 0x00, 0xD6, 0x00, 0xD7, 0x00, 0xD8, 0x00, 0xD9,
    0x00, 0xDA, 0x00, 0xDB, 0x00, 0xDC, 0x00, 0xDD, 0x00, 0xDE, 0x00, 0xDF, 0x00, 0xE0, 0x00, 0xE1,
    0x00, 0xFE, 0x00, 0xFF, 0x01, 0x00, 0x01, 0x01, 0x01, 0x02, 0x01, 0x03, 0x01, 0x04, 0x01, 0x05,
    0x01, 0x06, 0x01, 0x07, 0x01, 0x08, 0x01, 0x09, 0x01, 0x0A, 0x01, 0x0C, 0x01, 0x0D, 0x01, 0x0E,
    0x01, 0x0F, 0x01, 0x10, 0x01, 0x11, 0x01, 0x12, 0x01, 0x13, 0x01, 0x14, 0x01, 0x15, 0x01, 0x16,
    0x01, 0x17, 0x01, 0x18, 0x01, 0x19, 0x01, 0x1A, 0x01, 0x1B, 0x01, 0x1C, 0x01, 0x1D, 0x01, 0x1E,
    0x01, 0x1F, 0x01, 0x20, 0x01, 0x21, 0x01, 0x22, 0x01, 0x23, 0x01, 0x24, 0x01, 0x25, 0x01, 0x26,
    0x01, 0x27, 0x01, 0x28, 0x01, 0x29, 0x01, 0x2A, 0x01, 0x2B, 0x01, 0x2C, 0x01, 0x2D, 0x01, 0x2E,
    0x01, 0x2F, 0x01, 0x30, 0x01, 0x31, 0x01, 0x32, 0x01, 0x33, 0x01, 0x34, 0x01, 0x35, 0x01, 0x36,
    0x01, 0x37, 0x01, 0x38, 0x01, 0x39, 0x01, 0x3A, 0x01, 0x3B, 0x01, 0x3C, 0x01, 0x3D, 0x01, 0x3E,
    0x01, 0x3F, 0x01, 0x40, 0x01, 0x41, 0x01, 0x42, 0x01, 0x43, 0x01, 0x44, 0x01, 0x45, 0x01, 0x46,
    0x01, 0x47, 0x01, 0x48, 0x01, 0x49, 0x01, 0x4A, 0x01, 0x4B, 0x01, 0x4C, 0x01, 0x4D, 0x01, 0x4E,
    0x01, 0x4F, 0x01, 0x50, 0x01, 0x51, 0x01, 0x52, 0x01, 0x53, 0x01, 0x54, 0x01, 0x55, 0x01, 0x56,
    0x01, 0x57, 0x01, 0x58, 0x01, 0x59, 0x01, 0x5A, 0x01, 0x5D, 0x01, 0x5E, 0x01, 0x5F, 0x01, 0x60,
    0x01, 0x61, 0x01, 0x62, 0x01, 0x63, 0x01, 0x64, 0x01, 0x65, 0x01, 0x66, 0x01, 0x67, 0x01, 0x68,
    0x01, 0x69, 0x01, 0x6A, 0x01, 0x6B, 0x01, 0x6C, 0x01, 0x6D, 0x01, 0x6E, 0x01, 0x6F, 0x01, 0x70,
    0x01, 0x71, 0x01, 0x72, 0x01, 0x73, 0x01, 0x74, 0x01, 0x75, 0x01, 0x76, 0x01, 0x77, 0x01, 0x78,
    0x01, 0x79, 0x01, 0x7A, 0x01, 0x7B, 0x01, 0x7C, 0x01, 0x7D, 0x01, 0x7E, 0x01, 0x7F, 0x01, 0x80,
    0x01, 0x81, 0x01, 0x82, 0x01, 0x83, 0x01, 0x84, 0x01, 0x85, 0x01, 0x86, 0x01, 0x87, 0x01, 0x88,
    0x01, 0x89, 0x01, 0x8A, 0x00, 0x00, 0x00, 0x00, 0x00, 0x00, 0x00, 0x06, 0x00, 0x07, 0x00, 0x08,
    0x00, 0x09, 0x00, 0x0A, 0x00, 0x0B, 0x00, 0x0C, 0x00, 0x0D, 0x00, 0x0E, 0x00, 0x0F, 0x00, 0x10,
    0x00, 0x11, 0x00, 0x12, 0x00, 0x13, 0x00, 0x14, 0x00, 0x15, 0x00, 0x16, 0x00, 0x17, 0x00, 0x18,
    0x00, 0x19, 0x00, 0x1A, 0x00, 0x1B, 0x00, 0x1C, 0x00, 0x1D, 0x00, 0x1E, 0x00, 0x1F, 0x00, 0x20,
    0x00, 0x21, 0x00, 0x22, 0x00, 0x23, 0x00, 0x24, 0x00, 0x25, 0x00, 0x26, 0x00, 0x27, 0x00, 0x28,
    0x00, 0x29, 0x00, 0x2A, 0x00, 0x2B, 0x00, 0x2C, 0x00, 0x2D, 0x00, 0x2E, 0x00, 0x2F, 0x00, 0x30,
    0x00, 0x31, 0x00, 0x32, 0x00, 0x33, 0x00, 0x34, 0x00, 0x35, 0x00, 0x36, 0x00, 0x37, 0x00, 0x38,
    0x00, 0x39, 0x00, 0x3A, 0x00, 0x3B, 0x00, 0x3C, 0x00, 0x3D, 0x00, 0x3E, 0x00, 0x3F, 0x00, 0x40,
    0x00, 0x41, 0x00, 0x42, 0x00, 0x43, 0x00, 0x44, 0x00, 0x45, 0x00, 0x46, 0x00, 0x47, 0x00, 0x48,
    0x00, 0x49, 0x00, 0x4A, 0x00, 0x4B, 0x00, 0x4C, 0x00, 0x4D, 0x00, 0x4E, 0x00, 0x4F, 0x00, 0x50,
    0x00, 0x04, 0x00, 0x05, 0x00, 0x0C, 0x00, 0x12, 0x00, 0x13, 0x00, 0x16, 0x00, 0x17, 0x00, 0x18,
    0x00, 0x1B, 0x00, 0x1D, 0x00, 0x1E, 0x00, 0x1F, 0x00, 0x20, 0x00, 0x21, 0x00, 0x22, 0x00, 0x23,
    0x00, 0x24, 0x00, 0x25, 0x00, 0x27, 0x00, 0x28, 0x00, 0x2A, 0x00, 0x2B, 0x00, 0x2C, 0x00, 0x2E,
    0x00, 0x2F, 0x00, 0x30, 0x00, 0x31, 0x00, 0x35, 0x00, 0x36, 0x00, 0x38, 0x00, 0x39, 0x00, 0x3A,
    0x00, 0x00, 0x00, 0x01, 0x00, 0x02, 0x00, 0x03, 0x00, 0x04, 0x00, 0x05, 0x00, 0x06, 0x00, 0x07,
    0x00, 0x08, 0x00, 0x09, 0x00, 0x0A, 0x00, 0x0B, 0x00, 0x0C, 0x00, 0x0D, 0x00, 0x0E, 0x00, 0x0F,
    0x00, 0x10, 0x00, 0x11, 0x00, 0x12, 0x00, 0x13, 0x00, 0x14, 0x00, 0x15, 0x00, 0x16, 0x00, 0x17,
    0x00, 0x18, 0x00, 0x19, 0x00, 0x1A, 0x00, 0x1B, 0x00, 0x1C, 0x00, 0x1D, 0x00, 0x1E, 0x00, 0x1F,
    0x00, 0x20, 0x00, 0x21, 0x00, 0x22, 0x00, 0x23, 0x00, 0x24, 0x00, 0x25, 0x00, 0x26, 0x00, 0x27,
    0x00, 0x28, 0x00, 0x29, 0x00, 0x2A, 0x00, 0x2B, 0x00, 0x2C, 0x00, 0x2D, 0x00, 0x2E, 0x00, 0x2F,
    0x00, 0x30, 0x00, 0x31, 0x00, 0x32, 0x00, 0x33, 0x00, 0x34, 0x00, 0x35, 0x00, 0x36, 0x00, 0x37,
    0x00, 0x38, 0x00, 0x39, 0x00, 0x3A, 0x00, 0x3B, 0x00, 0x3C, 0x00, 0x3D, 0x00, 0x3E, 0x00, 0x3F,
    0x00, 0x40, 0x00, 0x41, 0x00, 0x42, 0x00, 0x43, 0x00, 0x44, 0x00, 0x45, 0x00, 0x46, 0x00, 0x47,
    0x00, 0x48, 0x00, 0x49, 0x00, 0x4A, 0x00, 0x4B, 0x00, 0x4C, 0x00, 0x4D, 0x00, 0x4E, 0x00, 0x4F,
    0x00, 0x50, 0x00, 0x51, 0x00, 0x52, 0x00, 0x53, 0x00, 0x54, 0x00, 0x55, 0x00, 0x56, 0x00, 0x57,
    0x00, 0x58, 0x00, 0x59, 0x00, 0x5A, 0x00, 0x5B, 0x00, 0x5C, 0x00, 0x5D, 0x00, 0x5E, 0x00, 0x5F,
    0x00, 0x60, 0x00, 0x61, 0x00, 0x62, 0x00, 0x63, 0x00, 0x64, 0x00, 0x65, 0x00, 0x66, 0x00, 0x67,
    0x00, 0x68, 0x00, 0x69, 0x00, 0x6A, 0x00, 0x6B, 0x00, 0x6C, 0x00, 0x6D, 0x00, 0x6E, 0x00, 0x6F,
    0x00, 0x70, 0x00, 0x71, 0x00, 0x72, 0x00, 0x73, 0x00, 0x74, 0x00, 0x75, 0x00, 0x76, 0x00, 0x77,
    0x00, 0x78, 0x00, 0x79, 0x00, 0x7A, 0x00, 0x7B, 0x00, 0x7C, 0x00, 0x7D, 0x00, 0x7E, 0x00, 0x7F,
    0x00, 0x80, 0x00, 0x81, 0x00, 0x82, 0x00, 0x83, 0x00, 0x84, 0x00, 0x85, 0x00, 0x86, 0x00, 0x87,
    0x00, 0x88, 0x00, 0x89, 0x00, 0x8A, 0x00, 0x8B, 0x00, 0x8C, 0x00, 0x8D, 0x00, 0x8E, 0x00, 0x8F,
    0x00, 0x90, 0x00, 0x91, 0x00, 0x92, 0x00, 0x93, 0x00, 0x94, 0x00, 0x95, 0x00, 0x96, 0x00, 0x97,
    0x00, 0x98, 0x00, 0x99, 0x00, 0x9A, 0x00, 0x9B, 0x00, 0x9C, 0x00, 0x9D, 0x00, 0x9E, 0x00, 0x9F,
    0x00, 0xA0, 0x00, 0xA1, 0x00, 0xA2, 0x00, 0xA3, 0x00, 0xA4, 0x00, 0xA5, 0x00, 0xA6, 0x00, 0xA7,
    0x00, 0xA8, 0x00, 0xA9, 0x00, 0xAA, 0x00, 0xAB, 0x00, 0xAC, 0x00, 0xAD, 0x00, 0xAE, 0x00, 0xAF,
    0x00, 0xB0, 0x00, 0xB1, 0x00, 0xB2, 0x00, 0xB3, 0x00, 0xB4, 0x00, 0xB5, 0x00, 0xB6, 0x00, 0xB7,
    0x00, 0xB8, 0x00, 0xB9, 0x00, 0xBA, 0x00, 0xBB, 0x00, 0xBC, 0x00, 0xBD, 0x00, 0xBE, 0x00, 0xBF,
    0x00, 0xC0, 0x00, 0xC1, 0x00, 0xC2, 0x00, 0xC3, 0x00, 0xC4, 0x00, 0xC5, 0x00, 0xC6, 0x00, 0xC7,
    0x00, 0xC8, 0x00, 0xC9, 0x00, 0xCA, 0x00, 0xCB, 0x00, 0xCC, 0x00, 0xCD, 0x00, 0xCE, 0x00, 0xCF,
    0x00, 0xD0, 0x00, 0xD1, 0x00, 0xD2, 0x00, 0xD3, 0x00, 0xD4, 0x00, 0xD5, 0x00, 0xD6, 0x00, 0xD7,
    0x00, 0xD8, 0x00, 0xD9, 0x00, 0xDA, 0x00, 0xDB, 0x00, 0xDC, 0x00, 0xDD, 0x00, 0xDE, 0x00, 0xDF,
    0x00, 0xE0, 0x00, 0xE1, 0x00, 0xE2, 0x00, 0xE3, 0x00, 0xE4, 0x00, 0xE5, 0x00, 0xE6, 0x00, 0xE7,
    0x00, 0xE8, 0x00, 0xE9, 0x00, 0xEA, 0x00, 0xEB, 0x00, 0xEC, 0x00, 0xED, 0x00, 0xEE, 0x00, 0xEF,
    0x00, 0xF0, 0x00, 0xF1, 0x00, 0xF2, 0x00, 0xF3, 0x00, 0xF4, 0x00, 0xF5, 0x00, 0xF6, 0x00, 0xF7,
    0x00, 0xF8, 0x00, 0xF9, 0x00, 0xFA, 0x00, 0xFB, 0x01, 0x15, 0x01, 0x16, 0x01, 0x17, 0x01, 0x18,
    0x01, 0x19, 0x01, 0x1A, 0x01, 0x1B, 0x01, 0x1C, 0x01, 0x1D, 0x01, 0x1E, 0x01, 0x1F, 0x01, 0x20,
    0x01, 0x21, 0x01, 0x22, 0x01, 0x23, 0x01, 0x24, 0x01, 0x25, 0x01, 0x26, 0x01, 0x27, 0x01, 0x28,
    0x01, 0x29, 0x01, 0x2A, 0x01, 0x2B, 0x01, 0x2C, 0x01, 0x2D, 0x01, 0x2E, 0x01, 0x2F, 0x01, 0x30,
    0x01, 0x31, 0x01, 0x32, 0x01, 0x33, 0x01, 0x34, 0x01, 0x35, 0x01, 0x36, 0x01, 0x37, 0x01, 0x38,
    0x01, 0x39, 0x01, 0x3A, 0x01, 0x3B, 0x01, 0x3C, 0x01, 0x3D, 0x01, 0x3E, 0x01, 0x3F, 0x01, 0x40,
    0x01, 0x41, 0x01, 0x42, 0x01, 0x43, 0x01, 0x44, 0x01, 0x45, 0x01, 0x46, 0x01, 0x47, 0x01, 0x48,
    0x01, 0x49, 0x01, 0x4A, 0x01, 0x4B, 0x01, 0x4C, 0x01, 0x4D, 0x01, 0x4E, 0x01, 0x4F, 0x01, 0x50,
    0x01, 0x51, 0x01, 0x52, 0x01, 0x53, 0x01, 0x54, 0x01, 0x55, 0x01, 0x56, 0x01, 0x57, 0x01, 0x58,
    0x01, 0x59, 0x01, 0x5A, 0x01, 0x5B, 0x01, 0x5C, 0x01, 0x5D, 0x01, 0x5E, 0x01, 0x5F, 0x01, 0x60,
    0x01, 0x61, 0x01, 0x62, 0x01, 0x63, 0x01, 0x64, 0x01, 0x65, 0x01, 0x66, 0x01, 0x67, 0x01, 0x68,
    0x01, 0x69, 0x01, 0x6A, 0x01, 0x6B, 0x01, 0x6C, 0x01, 0x6D, 0x01, 0x6E, 0x01, 0x6F, 0x01, 0x70,
    0x01, 0x71, 0x01, 0x72, 0x01, 0x73, 0x01, 0x74, 0x01, 0x75, 0x01, 0x76, 0x01, 0x77, 0x01, 0x78,
    0x01, 0x79, 0x01, 0x7A, 0x01, 0x7B, 0x01, 0x7C, 0x01, 0x7D, 0x01, 0x7E, 0x01, 0x7F, 0x01, 0x80,
    0x01, 0x81, 0x01, 0x82, 0x01, 0x83, 0x01, 0x84, 0x01, 0x85, 0x01, 0x86, 0x01, 0x87, 0x01, 0x88,
    0x01, 0x89, 0x01, 0x8A, 0x01, 0x8B, 0x01, 0x8C, 0x01, 0x8D, 0x01, 0x8E, 0x01, 0x8F, 0x01, 0x90,
    0x01, 0x91, 0x01, 0x92, 0x01, 0x93, 0x01, 0x94, 0x01, 0x95, 0x01, 0x96, 0x01, 0x97, 0x01, 0x98,
    0x01, 0x99, 0x01, 0x9A, 0x01, 0x9B, 0x00, 0x00, 0x00, 0x44, 0x45, 0x46, 0x47, 0x48, 0x49, 0x4A,
    0x4B, 0x4C, 0x4D, 0x4E, 0x4F, 0x50, 0x51, 0x52, 0x53, 0x54, 0x55, 0x56, 0x57, 0x58, 0x59, 0x5A,
    0x5B, 0x5C, 0x5D, 0x5E, 0x5F, 0x60, 0x00, 0x00, 0x00, 0x00, 0x00, 0x01, 0x00, 0x02, 0x00, 0x03,
    0x00, 0x04, 0x00, 0x05, 0x00, 0x06, 0x00, 0x07, 0x00, 0x08, 0x00, 0x09, 0x00, 0x0A, 0x00, 0x0B,
    0x00, 0x0C, 0x00, 0x0D, 0x00, 0x0E, 0x00, 0x0F, 0x00, 0x10, 0x00, 0x11, 0x00, 0x12, 0x00, 0x13,
    0x00, 0x14, 0x00, 0x15, 0x00, 0x16, 0x00, 0x17, 0x00, 0x18, 0x00, 0x19, 0x00, 0x1A, 0x00, 0x1B,
    0x00, 0x1C, 0x00, 0x1D, 0x00, 0x1E, 0x00, 0x1F, 0x00, 0x20, 0x00, 0x21, 0x00, 0x22, 0x00, 0x23,
    0x00, 0x24, 0x00, 0x25, 0x00, 0x26, 0x00, 0x27, 0x00, 0x28, 0x00, 0x29, 0x00, 0x2A, 0x00, 0x2B,
    0x00, 0x2C, 0x00, 0x2D, 0x00, 0x2E, 0x00, 0x2F, 0x00, 0x30, 0x00, 0x31, 0x00, 0x32, 0x00, 0x33,
    0x00, 0x34, 0x00, 0x35, 0x00, 0x36, 0x00, 0x37, 0x00, 0x38, 0x00, 0x39, 0x00, 0x3A, 0x00, 0x3B,
    0x00, 0x3C, 0x00, 0x3D, 0x00, 0x3E, 0x00, 0x3F, 0x00, 0x40, 0x00, 0x41, 0x00, 0x42, 0x00, 0x43,
    0x00, 0x44, 0x00, 0x45, 0x00, 0x46, 0x00, 0x47, 0x00, 0x48, 0x00, 0x49, 0x00, 0x4A, 0x00, 0x4B,
    0x00, 0x4C, 0x00, 0x4D, 0x00, 0x4E, 0x00, 0x4F, 0x00, 0x50, 0x00, 0x51, 0x00, 0x52, 0x00, 0x53,
    0x00, 0x54, 0x00, 0x55, 0x00, 0x56, 0x00, 0x57, 0x00, 0x58, 0x00, 0x59, 0x00, 0x5A, 0x00, 0x5B,
    0x00, 0x5C, 0x00, 0x5D, 0x00, 0x5E, 0x00, 0x5F, 0x00, 0x60, 0x00, 0x61, 0x00, 0x62, 0x00, 0x63,
    0x00, 0x64, 0x00, 0x65, 0x00, 0x66, 0x00, 0x67, 0x00, 0x68, 0x00, 0x69, 0x00, 0x6A, 0x00, 0x6B,
    0x00, 0x6C, 0x00, 0x6D, 0x00, 0x6E, 0x00, 0x6F, 0x00, 0x70, 0x00, 0x71, 0x00, 0x72, 0x00, 0x73,
    0x00, 0x74, 0x00, 0x75, 0x00, 0x76, 0x00, 0x77, 0x00, 0x78, 0x00, 0x79, 0x00, 0x7A, 0x00, 0x7B,
    0x00, 0x7C, 0x00, 0x7D, 0x00, 0x7E, 0x00, 0x7F, 0x00, 0x80, 0x00, 0x81, 0x00, 0x82, 0x00, 0x83,
    0x00, 0x84, 0x00, 0x85, 0x00, 0x86, 0x00, 0x87, 0x00, 0x88, 0x00, 0x89, 0x00, 0x8A, 0x00, 0x8B,
    0x00, 0x8C, 0x00, 0x8D, 0x00, 0x8E, 0x00, 0x8F, 0x00, 0x90, 0x00, 0x91, 0x00, 0x92, 0x00, 0x93,
    0x00, 0x94, 0x00, 0x95, 0x00, 0x96, 0x00, 0x97, 0x00, 0x98, 0x00, 0x99, 0x00, 0x9A, 0x00, 0x9B,
    0x00, 0x9C, 0x00, 0x9D, 0x00, 0x9E, 0x00, 0x9F, 0x00, 0xA0, 0x00, 0xA1, 0x00, 0xA2, 0x00, 0xA3,
    0x00, 0xA4, 0x00, 0xA5, 0x00, 0xA6, 0x00, 0xA7, 0x00, 0xA8, 0x00, 0xA9, 0x00, 0xAA, 0x00, 0xAB,
    0x00, 0xAC, 0x00, 0xAD, 0x00, 0xAE, 0x00, 0xAF, 0x00, 0xB0, 0x00, 0xB1, 0x00, 0xB2, 0x00, 0xB3,
    0x00, 0xB4, 0x00, 0xB5, 0x00, 0xB6, 0x00, 0xB7, 0x00, 0xB8, 0x00, 0xB9, 0x00, 0xBA, 0x00, 0xBB,
    0x00, 0xBC, 0x00, 0xBD, 0x00, 0xBE, 0x00, 0xBF, 0x00, 0xC0, 0x00, 0xC1, 0x00, 0xC2, 0x00, 0xC3,
    0x00, 0xC4, 0x00, 0xC5, 0x00, 0xC6, 0x00, 0xC7, 0x00, 0xC8, 0x00, 0xC9, 0x00, 0xCA, 0x00, 0xCB,
    0x00, 0xCC, 0x00, 0xCD, 0x00, 0xCE, 0x00, 0xCF, 0x00, 0xD0, 0x00, 0xD1, 0x00, 0xD2, 0x00, 0xD3,
    0x00, 0xD4, 0x00, 0xD5, 0x00, 0xD6, 0x00, 0xD7, 0x00, 0xD8, 0x00, 0xD9, 0x00, 0xDA, 0x00, 0xDB,
    0x00, 0xDC, 0x00, 0xDD, 0x00, 0xDE, 0x00, 0xDF, 0x00, 0xE0, 0x00, 0xE1, 0x00, 0xE2, 0x00, 0xE3,
    0x00, 0xE4, 0x00, 0xE5, 0x00, 0xE6, 0x00, 0xE7, 0x00, 0xE8, 0x00, 0xE9, 0x00, 0xEA, 0x00, 0xEB,
    0x00, 0xEC, 0x00, 0xED, 0x00, 0xEE, 0x00, 0xEF, 0x00, 0xF0, 0x00, 0xF1, 0x00, 0xF2, 0x00, 0xF3,
    0x00, 0xF4, 0x00, 0xF5, 0x00, 0xF6, 0x00, 0xF7, 0x00, 0xF8, 0x00, 0xF9, 0x00, 0xFA, 0x00, 0xFB,
    0x00, 0xFC, 0x00, 0xFD, 0x00, 0xFE, 0x00, 0xFF, 0x01, 0x00, 0x01, 0x01, 0x01, 0x02, 0x01, 0x03,
    0x01, 0x04, 0x01, 0x05, 0x01, 0x06, 0x01, 0x07, 0x01, 0x08, 0x01, 0x09, 0x01, 0x0A, 0x01, 0x0B,
    0x01, 0x0C, 0x01, 0x0D, 0x01, 0x0E, 0x01, 0x0F, 0x01, 0x10, 0x01, 0x11, 0x01, 0x12, 0x01, 0x13,
    0x01, 0x14, 0x01, 0x15, 0x01, 0x16, 0x01, 0x17, 0x01, 0x18, 0x01, 0x19, 0x01, 0x1A, 0x01, 0x1B,
    0x01, 0x1C, 0x01, 0x1D, 0x01, 0x1E, 0x01, 0x1F, 0x01, 0x20, 0x01, 0x21, 0x01, 0x22, 0x01, 0x23,
    0x01, 0x24, 0x01, 0x25, 0x01, 0x26, 0x01, 0x27, 0x01, 0x28, 0x01, 0x29, 0x01, 0x2A, 0x01, 0x2B,
    0x01, 0x2C, 0x01, 0x2D, 0x01, 0x2E, 0x01, 0x2F, 0x01, 0x30, 0x01, 0x31, 0x01, 0x32, 0x01, 0x33,
    0x01, 0x34, 0x01, 0x35, 0x01, 0x36, 0x01, 0x37, 0x01, 0x38, 0x01, 0x39, 0x01, 0x3A, 0x01, 0x3B,
    0x01, 0x3C, 0x01, 0x3D, 0x01, 0x3E, 0x01, 0x3F, 0x01, 0x40, 0x01, 0x41, 0x01, 0x42, 0x01, 0x43,
    0x01, 0x44, 0x01, 0x45, 0x01, 0x46, 0x01, 0x47, 0x01, 0x48, 0x01, 0x49, 0x01, 0x4A, 0x01, 0x4B,
    0x01, 0x4C, 0x01, 0x4D, 0x01, 0x4E, 0x01, 0x4F, 0x01, 0x50, 0x01, 0x51, 0x01, 0x52, 0x01, 0x53,
    0x01, 0x54, 0x01, 0x55, 0x01, 0x56, 0x01, 0x57, 0x01, 0x58, 0x01, 0x59, 0x01, 0x5A, 0x01, 0x5B,
    0x01, 0x5C, 0x01, 0x5D, 0x01, 0x5E, 0x01, 0x5F, 0x01, 0x60, 0x01, 0x61, 0x01, 0x62, 0x00, 0x00,
    0x00, 0x01, 0x02, 0x03, 0x04, 0x05, 0x06, 0x07, 0x08, 0x09, 0x0A, 0x0B, 0x0C, 0x0D, 0x0E, 0x0F,
    0x10, 0x11, 0x12, 0x13, 0x14, 0x15, 0x16, 0x17, 0x18, 0xFF, 0x00, 0x00, 0x00, 0x00, 0x00, 0x05,
    0x00, 0x00, 0x00, 0x07, 0x00, 0x00, 0x00, 0x08, 0x00, 0x00, 0x00, 0x09, 0x00, 0x00, 0x00, 0x0A,
    0x00, 0x00, 0x00, 0x0B, 0x00, 0x00, 0x00, 0x0C, 0x00, 0x00, 0x00, 0x0D, 0x00, 0x00, 0x00, 0x0E,
    0x00, 0x00, 0x00, 0x0F, 0x00, 0x00, 0x00, 0x10, 0x00, 0x00, 0x00, 0x11, 0x00, 0x00, 0x00, 0x12,
    0x00, 0x00, 0x00, 0x13, 0x00, 0x00, 0x00, 0x14, 0x00, 0x00, 0x00, 0x15, 0x00, 0x00, 0x00, 0x16,
    0x00, 0x00, 0x00, 0x17, 0x00, 0x00, 0x00, 0x18, 0x00, 0x00, 0x00, 0x19, 0x00, 0x00, 0x00, 0x1A,
    0x00, 0x00, 0x00, 0x1B, 0x00, 0x00, 0x00, 0x1C, 0x00, 0x00, 0x00, 0x1D, 0x00, 0x00, 0x00, 0x1E,
    0x00, 0x00, 0x00, 0x20, 0x00, 0x00, 0x00, 0x21, 0x00, 0x00, 0x00, 0x22, 0x00, 0x00, 0x00, 0x23,
    0x00, 0x00, 0x00, 0x24, 0x00, 0x00, 0x00, 0x25, 0x00, 0x00, 0x00, 0x26, 0x00, 0x00, 0x00, 0x27,
    0x00, 0x00, 0x00, 0x28, 0x00, 0x00, 0x00, 0x29, 0x00, 0x00, 0x00, 0x2A, 0x00, 0x00, 0x00, 0x2B,
    0x00, 0x00, 0x00, 0x2C, 0x00, 0x00, 0x00, 0x2D, 0x00, 0x00, 0x00, 0x2E, 0x00, 0x00, 0x00, 0x2F,
    0x00, 0x00, 0x00, 0x30, 0x00, 0x00, 0x00, 0x31,
};

const void* lbl_80269B68[2852] = {
    (void*)0x30003001,
    (void*)0x3002FF0C,
    (void*)0xFF0E30FB,
    (void*)0xFF1AFF1B,
    (void*)0xFF1FFF01,
    (void*)0x309B309C,
    (void*)0x00B4FF40,
    (void*)0x00A8FF3E,
    (void*)0xFFE3FF3F,
    (void*)0x30FD30FE,
    (void*)0x309D309E,
    (void*)0x30034EDD,
    (void*)0x30053006,
    (void*)0x300730FC,
    (void*)0x20152010,
    (void*)0xFF0FFF3C,
    (void*)0xFF5E2225,
    (void*)0xFF5C2026,
    (void*)0x20252018,
    (void*)0x2019201C,
    (void*)0x201DFF08,
    (void*)0xFF093014,
    (void*)0x3015FF3B,
    (void*)0xFF3DFF5B,
    (void*)0xFF5D3008,
    (void*)0x3009300A,
    (void*)0x300B300C,
    (void*)0x300D300E,
    (void*)0x300F3010,
    (void*)0x3011FF0B,
    (void*)0xFF0D00B1,
    (void*)0x00D730FB,
    (void*)0x00F7FF1D,
    (void*)0x2260FF1C,
    (void*)0xFF1E2266,
    (void*)0x2267221E,
    (void*)0x22342642,
    (void*)0x264000B0,
    (void*)0x20322033,
    (void*)0x2103FFE5,
    (void*)0xFF04FFE0,
    (void*)0xFFE1FF05,
    (void*)0xFF03FF06,
    (void*)0xFF0AFF20,
    (void*)0x00A72606,
    (void*)0x260525CB,
    (void*)0x25CF25CE,
    (void*)0x25C725C6,
    (void*)0x25A125A0,
    (void*)0x25B325B2,
    (void*)0x25BD25BC,
    (void*)0x203B3012,
    (void*)0x21922190,
    (void*)0x21912193,
    (void*)0x301330FB,
    (void*)0x30FB30FB,
    (void*)0x30FB30FB,
    (void*)0x30FB30FB,
    (void*)0x30FB30FB,
    (void*)0x30FB30FB,
    (void*)0x2208220B,
    (void*)0x22862287,
    (void*)0x22822283,
    (void*)0x222A2229,
    (void*)0x30FB30FB,
    (void*)0x30FB30FB,
    (void*)0x30FB30FB,
    (void*)0x30FB30FB,
    (void*)0x22272228,
    (void*)0xFFE221D2,
    (void*)0x21D42200,
    (void*)0x220330FB,
    (void*)0x30FB30FB,
    (void*)0x30FB30FB,
    (void*)0x30FB30FB,
    (void*)0x30FB30FB,
    (void*)0x30FB30FB,
    (void*)0x222022A5,
    (void*)0x23122202,
    (void*)0x22072261,
    (void*)0x2252226A,
    (void*)0x226B221A,
    (void*)0x223D221D,
    (void*)0x2235222B,
    (void*)0x222C30FB,
    (void*)0x30FB30FB,
    (void*)0x30FB30FB,
    (void*)0x30FB30FB,
    (void*)0x212B2030,
    (void*)0x266F266D,
    (void*)0x266A2020,
    (void*)0x202100B6,
    (void*)0x30FB30FB,
    (void*)0x30FB30FB,
    (void*)0x30FB30FB,
    (void*)0x30FB30FB,
    (void*)0x30FB30FB,
    (void*)0x30FB30FB,
    (void*)0x30FB30FB,
    (void*)0x30FBFF10,
    (void*)0xFF11FF12,
    (void*)0xFF13FF14,
    (void*)0xFF15FF16,
    (void*)0xFF17FF18,
    (void*)0xFF1930FB,
    (void*)0x30FB30FB,
    (void*)0x30FB30FB,
    (void*)0x30FB30FB,
    (void*)0xFF21FF22,
    (void*)0xFF23FF24,
    (void*)0xFF25FF26,
    (void*)0xFF27FF28,
    (void*)0xFF29FF2A,
    (void*)0xFF2BFF2C,
    (void*)0xFF2DFF2E,
    (void*)0xFF2FFF30,
    (void*)0xFF31FF32,
    (void*)0xFF33FF34,
    (void*)0xFF35FF36,
    (void*)0xFF37FF38,
    (void*)0xFF39FF3A,
    (void*)0x30FB30FB,
    (void*)0x30FB30FB,
    (void*)0x30FB30FB,
    (void*)0x30FBFF41,
    (void*)0xFF42FF43,
    (void*)0xFF44FF45,
    (void*)0xFF46FF47,
    (void*)0xFF48FF49,
    (void*)0xFF4AFF4B,
    (void*)0xFF4CFF4D,
    (void*)0xFF4EFF4F,
    (void*)0xFF50FF51,
    (void*)0xFF52FF53,
    (void*)0xFF54FF55,
    (void*)0xFF56FF57,
    (void*)0xFF58FF59,
    (void*)0xFF5A30FB,
    (void*)0x30FB30FB,
    (void*)0x30FB3041,
    (void*)0x30423043,
    (void*)0x30443045,
    (void*)0x30463047,
    (void*)0x30483049,
    (void*)0x304A304B,
    (void*)0x304C304D,
    (void*)0x304E304F,
    (void*)0x30503051,
    (void*)0x30523053,
    (void*)0x30543055,
    (void*)0x30563057,
    (void*)0x30583059,
    (void*)0x305A305B,
    (void*)0x305C305D,
    (void*)0x305E305F,
    (void*)0x30603061,
    (void*)0x30623063,
    (void*)0x30643065,
    (void*)0x30663067,
    (void*)0x30683069,
    (void*)0x306A306B,
    (void*)0x306C306D,
    (void*)0x306E306F,
    (void*)0x30703071,
    (void*)0x30723073,
    (void*)0x30743075,
    (void*)0x30763077,
    (void*)0x30783079,
    (void*)0x307A307B,
    (void*)0x307C307D,
    (void*)0x307E307F,
    (void*)0x30803081,
    (void*)0x30823083,
    (void*)0x30843085,
    (void*)0x30863087,
    (void*)0x30883089,
    (void*)0x308A308B,
    (void*)0x308C308D,
    (void*)0x308E308F,
    (void*)0x30903091,
    (void*)0x30923093,
    (void*)0x30FB30FB,
    (void*)0x30FB30FB,
    (void*)0x30FB30FB,
    (void*)0x30A130A2,
    (void*)0x30A330A4,
    (void*)0x30A530A6,
    (void*)0x30A730A8,
    (void*)0x30A930AA,
    (void*)0x30AB30AC,
    (void*)0x30AD30AE,
    (void*)0x30AF30B0,
    (void*)0x30B130B2,
    (void*)0x30B330B4,
    (void*)0x30B530B6,
    (void*)0x30B730B8,
    (void*)0x30B930BA,
    (void*)0x30BB30BC,
    (void*)0x30BD30BE,
    (void*)0x30BF30C0,
    (void*)0x30C130C2,
    (void*)0x30C330C4,
    (void*)0x30C530C6,
    (void*)0x30C730C8,
    (void*)0x30C930CA,
    (void*)0x30CB30CC,
    (void*)0x30CD30CE,
    (void*)0x30CF30D0,
    (void*)0x30D130D2,
    (void*)0x30D330D4,
    (void*)0x30D530D6,
    (void*)0x30D730D8,
    (void*)0x30D930DA,
    (void*)0x30DB30DC,
    (void*)0x30DD30DE,
    (void*)0x30DF30FB,
    (void*)0x30E030E1,
    (void*)0x30E230E3,
    (void*)0x30E430E5,
    (void*)0x30E630E7,
    (void*)0x30E830E9,
    (void*)0x30EA30EB,
    (void*)0x30EC30ED,
    (void*)0x30EE30EF,
    (void*)0x30F030F1,
    (void*)0x30F230F3,
    (void*)0x30F430F5,
    (void*)0x30F630FB,
    (void*)0x30FB30FB,
    (void*)0x30FB30FB,
    (void*)0x30FB30FB,
    (void*)0x30FB0391,
    (void*)0x03920393,
    (void*)0x03940395,
    (void*)0x03960397,
    (void*)0x03980399,
    (void*)0x039A039B,
    (void*)0x039C039D,
    (void*)0x039E039F,
    (void*)0x03A003A1,
    (void*)0x03A303A4,
    (void*)0x03A503A6,
    (void*)0x03A703A8,
    (void*)0x03A930FB,
    (void*)0x30FB30FB,
    (void*)0x30FB30FB,
    (void*)0x30FB30FB,
    (void*)0x30FB03B1,
    (void*)0x03B203B3,
    (void*)0x03B403B5,
    (void*)0x03B603B7,
    (void*)0x03B803B9,
    (void*)0x03BA03BB,
    (void*)0x03BC03BD,
    (void*)0x03BE03BF,
    (void*)0x03C003C1,
    (void*)0x03C303C4,
    (void*)0x03C503C6,
    (void*)0x03C703C8,
    (void*)0x03C930FB,
    (void*)0x30FB30FB,
    (void*)0x30FB30FB,
    (void*)0x30FB30FB,
    (void*)0x30FB30FB,
    (void*)0x30FB30FB,
    (void*)0x30FB30FB,
    (void*)0x30FB30FB,
    (void*)0x30FB30FB,
    (void*)0x30FB30FB,
    (void*)0x30FB30FB,
    (void*)0x30FB30FB,
    (void*)0x30FB30FB,
    (void*)0x30FB30FB,
    (void*)0x30FB30FB,
    (void*)0x30FB30FB,
    (void*)0x30FB30FB,
    (void*)0x04100411,
    (void*)0x04120413,
    (void*)0x04140415,
    (void*)0x04010416,
    (void*)0x04170418,
    (void*)0x0419041A,
    (void*)0x041B041C,
    (void*)0x041D041E,
    (void*)0x041F0420,
    (void*)0x04210422,
    (void*)0x04230424,
    (void*)0x04250426,
    (void*)0x04270428,
    (void*)0x0429042A,
    (void*)0x042B042C,
    (void*)0x042D042E,
    (void*)0x042F30FB,
    (void*)0x30FB30FB,
    (void*)0x30FB30FB,
    (void*)0x30FB30FB,
    (void*)0x30FB30FB,
    (void*)0x30FB30FB,
    (void*)0x30FB30FB,
    (void*)0x30FB30FB,
    (void*)0x04300431,
    (void*)0x04320433,
    (void*)0x04340435,
    (void*)0x04510436,
    (void*)0x04370438,
    (void*)0x0439043A,
    (void*)0x043B043C,
    (void*)0x043D30FB,
    (void*)0x043E043F,
    (void*)0x04400441,
    (void*)0x04420443,
    (void*)0x04440445,
    (void*)0x04460447,
    (void*)0x04480449,
    (void*)0x044A044B,
    (void*)0x044C044D,
    (void*)0x044E044F,
    (void*)0x30FB30FB,
    (void*)0x30FB30FB,
    (void*)0x30FB30FB,
    (void*)0x30FB30FB,
    (void*)0x30FB30FB,
    (void*)0x30FB30FB,
    (void*)0x30FB2500,
    (void*)0x2502250C,
    (void*)0x25102518,
    (void*)0x2514251C,
    (void*)0x252C2524,
    (void*)0x2534253C,
    (void*)0x25012503,
    (void*)0x250F2513,
    (void*)0x251B2517,
    (void*)0x25232533,
    (void*)0x252B253B,
    (void*)0x254B2520,
    (void*)0x252F2528,
    (void*)0x2537253F,
    (void*)0x251D2530,
    (void*)0x25252538,
    (void*)0x254230FB,
    (void*)0x30FB30FB,
    (void*)0x30FB30FB,
    (void*)0x30FB30FB,
    (void*)0x30FB30FB,
    (void*)0x30FB30FB,
    (void*)0x30FB30FB,
    (void*)0x30FB30FB,
    (void*)0x30FB30FB,
    (void*)0x30FB30FB,
    (void*)0x30FB30FB,
    (void*)0x30FB30FB,
    (void*)0x30FB30FB,
    (void*)0x30FB30FB,
    (void*)0x30FB30FB,
    (void*)0x30FB30FB,
    (void*)0x30FB30FB,
    (void*)0x30FB30FB,
    (void*)0x30FB30FB,
    (void*)0x30FB30FB,
    (void*)0x30FB30FB,
    (void*)0x30FB30FB,
    (void*)0x30FB30FB,
    (void*)0x30FB30FB,
    (void*)0x30FB30FB,
    (void*)0x30FB30FB,
    (void*)0x30FB30FB,
    (void*)0x30FB30FB,
    (void*)0x30FB30FB,
    (void*)0x30FB30FB,
    (void*)0x30FB30FB,
    (void*)0x30FB30FB,
    (void*)0x30FB30FB,
    (void*)0x30FB30FB,
    (void*)0x30FB30FB,
    (void*)0x30FB30FB,
    (void*)0x30FB30FB,
    (void*)0x30FB30FB,
    (void*)0x30FB30FB,
    (void*)0x30FB30FB,
    (void*)0x30FB30FB,
    (void*)0x30FB30FB,
    (void*)0x30FB30FB,
    (void*)0x30FB30FB,
    (void*)0x30FB30FB,
    (void*)0x30FB30FB,
    (void*)0x30FB30FB,
    (void*)0x30FB30FB,
    (void*)0x30FB30FB,
    (void*)0x30FB30FB,
    (void*)0x30FB30FB,
    (void*)0x30FB30FB,
    (void*)0x30FB30FB,
    (void*)0x30FB30FB,
    (void*)0x30FB30FB,
    (void*)0x30FB30FB,
    (void*)0x30FB30FB,
    (void*)0x30FB30FB,
    (void*)0x30FB30FB,
    (void*)0x30FB30FB,
    (void*)0x30FB30FB,
    (void*)0x30FB30FB,
    (void*)0x30FB30FB,
    (void*)0x30FB30FB,
    (void*)0x30FB30FB,
    (void*)0x30FB30FB,
    (void*)0x30FB30FB,
    (void*)0x30FB30FB,
    (void*)0x30FB30FB,
    (void*)0x30FB30FB,
    (void*)0x30FB30FB,
    (void*)0x30FB30FB,
    (void*)0x30FB30FB,
    (void*)0x30FB30FB,
    (void*)0x30FB30FB,
    (void*)0x30FB30FB,
    (void*)0x30FB30FB,
    (void*)0x30FB30FB,
    (void*)0x30FB30FB,
    (void*)0x30FB30FB,
    (void*)0x30FB30FB,
    (void*)0x30FB30FB,
    (void*)0x30FB30FB,
    (void*)0x30FB30FB,
    (void*)0x30FB30FB,
    (void*)0x30FB30FB,
    (void*)0x30FB30FB,
    (void*)0x30FB30FB,
    (void*)0x30FB30FB,
    (void*)0x30FB30FB,
    (void*)0x30FB30FB,
    (void*)0x30FB30FB,
    (void*)0x30FB30FB,
    (void*)0x30FB30FB,
    (void*)0x30FB30FB,
    (void*)0x30FB30FB,
    (void*)0x30FB30FB,
    (void*)0x30FB30FB,
    (void*)0x30FB30FB,
    (void*)0x30FB30FB,
    (void*)0x30FB30FB,
    (void*)0x30FB30FB,
    (void*)0x30FB30FB,
    (void*)0x30FB30FB,
    (void*)0x30FB30FB,
    (void*)0x30FB30FB,
    (void*)0x30FB30FB,
    (void*)0x30FB30FB,
    (void*)0x30FB30FB,
    (void*)0x30FB30FB,
    (void*)0x30FB30FB,
    (void*)0x30FB30FB,
    (void*)0x30FB30FB,
    (void*)0x30FB30FB,
    (void*)0x30FB30FB,
    (void*)0x30FB30FB,
    (void*)0x30FB30FB,
    (void*)0x30FB30FB,
    (void*)0x30FB30FB,
    (void*)0x30FB30FB,
    (void*)0x30FB30FB,
    (void*)0x30FB30FB,
    (void*)0x30FB30FB,
    (void*)0x30FB30FB,
    (void*)0x30FB30FB,
    (void*)0x30FB30FB,
    (void*)0x30FB30FB,
    (void*)0x30FB30FB,
    (void*)0x30FB30FB,
    (void*)0x30FB30FB,
    (void*)0x30FB30FB,
    (void*)0x30FB30FB,
    (void*)0x30FB30FB,
    (void*)0x30FB30FB,
    (void*)0x30FB30FB,
    (void*)0x30FB30FB,
    (void*)0x30FB30FB,
    (void*)0x30FB30FB,
    (void*)0x30FB30FB,
    (void*)0x30FB30FB,
    (void*)0x30FB30FB,
    (void*)0x30FB30FB,
    (void*)0x30FB30FB,
    (void*)0x30FB30FB,
    (void*)0x30FB30FB,
    (void*)0x30FB30FB,
    (void*)0x30FB30FB,
    (void*)0x30FB30FB,
    (void*)0x30FB30FB,
    (void*)0x30FB30FB,
    (void*)0x30FB30FB,
    (void*)0x30FB30FB,
    (void*)0x30FB30FB,
    (void*)0x30FB30FB,
    (void*)0x30FB30FB,
    (void*)0x30FB30FB,
    (void*)0x30FB30FB,
    (void*)0x30FB30FB,
    (void*)0x30FB30FB,
    (void*)0x30FB30FB,
    (void*)0x30FB30FB,
    (void*)0x30FB30FB,
    (void*)0x30FB30FB,
    (void*)0x30FB30FB,
    (void*)0x30FB30FB,
    (void*)0x30FB30FB,
    (void*)0x30FB30FB,
    (void*)0x30FB30FB,
    (void*)0x30FB30FB,
    (void*)0x30FB30FB,
    (void*)0x30FB30FB,
    (void*)0x30FB30FB,
    (void*)0x30FB30FB,
    (void*)0x30FB30FB,
    (void*)0x30FB30FB,
    (void*)0x30FB30FB,
    (void*)0x30FB30FB,
    (void*)0x30FB30FB,
    (void*)0x30FB30FB,
    (void*)0x30FB30FB,
    (void*)0x30FB30FB,
    (void*)0x30FB30FB,
    (void*)0x30FB30FB,
    (void*)0x30FB30FB,
    (void*)0x30FB30FB,
    (void*)0x30FB30FB,
    (void*)0x30FB30FB,
    (void*)0x30FB30FB,
    (void*)0x30FB30FB,
    (void*)0x30FB30FB,
    (void*)0x30FB30FB,
    (void*)0x30FB30FB,
    (void*)0x30FB30FB,
    (void*)0x30FB30FB,
    (void*)0x30FB30FB,
    (void*)0x30FB30FB,
    (void*)0x30FB30FB,
    (void*)0x30FB30FB,
    (void*)0x30FB30FB,
    (void*)0x30FB30FB,
    (void*)0x30FB30FB,
    (void*)0x30FB30FB,
    (void*)0x30FB30FB,
    (void*)0x30FB30FB,
    (void*)0x30FB30FB,
    (void*)0x30FB30FB,
    (void*)0x30FB30FB,
    (void*)0x30FB30FB,
    (void*)0x30FB30FB,
    (void*)0x30FB30FB,
    (void*)0x30FB30FB,
    (void*)0x30FB30FB,
    (void*)0x30FB30FB,
    (void*)0x24602461,
    (void*)0x24622463,
    (void*)0x24642465,
    (void*)0x24662467,
    (void*)0x24682469,
    (void*)0x246A246B,
    (void*)0x246C246D,
    (void*)0x246E246F,
    (void*)0x24702471,
    (void*)0x24722473,
    (void*)0x21602161,
    (void*)0x21622163,
    (void*)0x21642165,
    (void*)0x21662167,
    (void*)0x21682169,
    (void*)0x30FB3349,
    (void*)0x33143322,
    (void*)0x334D3318,
    (void*)0x33273303,
    (void*)0x33363351,
    (void*)0x3357330D,
    (void*)0x33263323,
    (void*)0x332B334A,
    (void*)0x333B339C,
    (void*)0x339D339E,
    (void*)0x338E338F,
    (void*)0x33C433A1,
    (void*)0x30FB30FB,
    (void*)0x30FB30FB,
    (void*)0x30FB30FB,
    (void*)0x30FB30FB,
    (void*)0x337B30FB,
    (void*)0x301D301F,
    (void*)0x211633CD,
    (void*)0x212132A4,
    (void*)0x32A532A6,
    (void*)0x32A732A8,
    (void*)0x32313232,
    (void*)0x3239337E,
    (void*)0x337D337C,
    (void*)0x22522261,
    (void*)0x222B222E,
    (void*)0x2211221A,
    (void*)0x22A52220,
    (void*)0x221F22BF,
    (void*)0x22352229,
    (void*)0x222A30FB,
    (void*)0x30FB30FB,
    (void*)0x30FB30FB,
    (void*)0x30FB30FB,
    (void*)0x30FB30FB,
    (void*)0x30FB30FB,
    (void*)0x30FB30FB,
    (void*)0x30FB30FB,
    (void*)0x30FB30FB,
    (void*)0x30FB30FB,
    (void*)0x30FB30FB,
    (void*)0x30FB30FB,
    (void*)0x30FB30FB,
    (void*)0x30FB30FB,
    (void*)0x30FB30FB,
    (void*)0x30FB30FB,
    (void*)0x30FB30FB,
    (void*)0x30FB30FB,
    (void*)0x30FB30FB,
    (void*)0x30FB30FB,
    (void*)0x30FB30FB,
    (void*)0x30FB30FB,
    (void*)0x30FB30FB,
    (void*)0x30FB30FB,
    (void*)0x30FB30FB,
    (void*)0x30FB30FB,
    (void*)0x30FB30FB,
    (void*)0x30FB30FB,
    (void*)0x30FB30FB,
    (void*)0x30FB30FB,
    (void*)0x30FB30FB,
    (void*)0x30FB30FB,
    (void*)0x30FB30FB,
    (void*)0x30FB30FB,
    (void*)0x30FB30FB,
    (void*)0x30FB30FB,
    (void*)0x30FB30FB,
    (void*)0x30FB30FB,
    (void*)0x30FB30FB,
    (void*)0x30FB30FB,
    (void*)0x30FB30FB,
    (void*)0x30FB30FB,
    (void*)0x30FB30FB,
    (void*)0x30FB30FB,
    (void*)0x30FB30FB,
    (void*)0x30FB30FB,
    (void*)0x30FB30FB,
    (void*)0x30FB30FB,
    (void*)0x30FB30FB,
    (void*)0x30FB30FB,
    (void*)0x30FB30FB,
    (void*)0x30FB30FB,
    (void*)0x30FB30FB,
    (void*)0x30FB30FB,
    (void*)0x30FB30FB,
    (void*)0x30FB30FB,
    (void*)0x30FB30FB,
    (void*)0x30FB30FB,
    (void*)0x30FB30FB,
    (void*)0x30FB30FB,
    (void*)0x30FB30FB,
    (void*)0x30FB30FB,
    (void*)0x30FB30FB,
    (void*)0x30FB30FB,
    (void*)0x30FB30FB,
    (void*)0x30FB30FB,
    (void*)0x30FB30FB,
    (void*)0x30FB30FB,
    (void*)0x30FB30FB,
    (void*)0x30FB30FB,
    (void*)0x30FB30FB,
    (void*)0x30FB30FB,
    (void*)0x30FB30FB,
    (void*)0x30FB30FB,
    (void*)0x30FB30FB,
    (void*)0x30FB30FB,
    (void*)0x30FB30FB,
    (void*)0x30FB30FB,
    (void*)0x30FB30FB,
    (void*)0x30FB30FB,
    (void*)0x30FB30FB,
    (void*)0x30FB30FB,
    (void*)0x30FB30FB,
    (void*)0x30FB30FB,
    (void*)0x30FB30FB,
    (void*)0x30FB30FB,
    (void*)0x30FB30FB,
    (void*)0x30FB30FB,
    (void*)0x30FB30FB,
    (void*)0x30FB30FB,
    (void*)0x30FB30FB,
    (void*)0x30FB30FB,
    (void*)0x30FB30FB,
    (void*)0x30FB4E9C,
    (void*)0x55165A03,
    (void*)0x963F54C0,
    (void*)0x611B6328,
    (void*)0x59F69022,
    (void*)0x8475831C,
    (void*)0x7A5060AA,
    (void*)0x63E16E25,
    (void*)0x65ED8466,
    (void*)0x82A69BF5,
    (void*)0x68935727,
    (void*)0x65A16271,
    (void*)0x5B9B59D0,
    (void*)0x867B98F4,
    (void*)0x7D627DBE,
    (void*)0x9B8E6216,
    (void*)0x7C9F88B7,
    (void*)0x5B895EB5,
    (void*)0x63096697,
    (void*)0x684895C7,
    (void*)0x978D674F,
    (void*)0x4EE54F0A,
    (void*)0x4F4D4F9D,
    (void*)0x504956F2,
    (void*)0x593759D4,
    (void*)0x5A015C09,
    (void*)0x60DF610F,
    (void*)0x61706613,
    (void*)0x690570BA,
    (void*)0x754F7570,
    (void*)0x79FB7DAD,
    (void*)0x7DEF80C3,
    (void*)0x840E8863,
    (void*)0x8B029055,
    (void*)0x907A533B,
    (void*)0x4E954EA5,
    (void*)0x57DF80B2,
    (void*)0x90C178EF,
    (void*)0x4E0058F1,
    (void*)0x6EA29038,
    (void*)0x7A328328,
    (void*)0x828B9C2F,
    (void*)0x51415370,
    (void*)0x54BD54E1,
    (void*)0x56E059FB,
    (void*)0x96629670,
    (void*)0x96A097FB,
    (void*)0x540B53F3,
    (void*)0x5B8770CF,
    (void*)0x7FBD8FC2,
    (void*)0x96E8536F,
    (void*)0x9D5C7ABA,
    (void*)0x4E117893,
    (void*)0x81FC6E26,
    (void*)0x56185504,
    (void*)0x6B1D851A,
    (void*)0x9C3B59E5,
    (void*)0x53A96D66,
    (void*)0x74DC958F,
    (void*)0x56424E91,
    (void*)0x904B96F2,
    (void*)0x834F990C,
    (void*)0x53E155B6,
    (void*)0x5B305F71,
    (void*)0x662066F3,
    (void*)0x68046C38,
    (void*)0x6CF36D29,
    (void*)0x745B76C8,
    (void*)0x7A4E9834,
    (void*)0x82F1885B,
    (void*)0x8A6092ED,
    (void*)0x6DB275AB,
    (void*)0x76CA99C5,
    (void*)0x60A68B01,
    (void*)0x8D8A95B2,
    (void*)0x698E53AD,
    (void*)0x518630FB,
    (void*)0x57125830,
    (void*)0x59445BB4,
    (void*)0x5EF66028,
    (void*)0x63A963F4,
    (void*)0x6CBF6F14,
    (void*)0x708E7114,
    (void*)0x715971D5,
    (void*)0x733F7E01,
    (void*)0x827682D1,
    (void*)0x85979060,
    (void*)0x925B9D1B,
    (void*)0x586965BC,
    (void*)0x6C5A7525,
    (void*)0x51F9592E,
    (void*)0x59655F80,
    (void*)0x5FDC62BC,
    (void*)0x65FA6A2A,
    (void*)0x6B276BB4,
    (void*)0x738B7FC1,
    (void*)0x89569D2C,
    (void*)0x9D0E9EC4,
    (void*)0x5CA16C96,
    (void*)0x837B5104,
    (void*)0x5C4B61B6,
    (void*)0x81C66876,
    (void*)0x72614E59,
    (void*)0x4FFA5378,
    (void*)0x60696E29,
    (void*)0x7A4F97F3,
    (void*)0x4E0B5316,
    (void*)0x4EEE4F55,
    (void*)0x4F3D4FA1,
    (void*)0x4F7352A0,
    (void*)0x53EF5609,
    (void*)0x590F5AC1,
    (void*)0x5BB65BE1,
    (void*)0x79D16687,
    (void*)0x679C67B6,
    (void*)0x6B4C6CB3,
    (void*)0x706B73C2,
    (void*)0x798D79BE,
    (void*)0x7A3C7B87,
    (void*)0x82B182DB,
    (void*)0x83048377,
    (void*)0x83EF83D3,
    (void*)0x87668AB2,
    (void*)0x56298CA8,
    (void*)0x8FE6904E,
    (void*)0x971E868A,
    (void*)0x4FC45CE8,
    (void*)0x62117259,
    (void*)0x753B81E5,
    (void*)0x82BD86FE,
    (void*)0x8CC096C5,
    (void*)0x991399D5,
    (void*)0x4ECB4F1A,
    (void*)0x89E356DE,
    (void*)0x584A58CA,
    (void*)0x5EFB5FEB,
    (void*)0x602A6094,
    (void*)0x9B416666,
    (void*)0x68B06D77,
    (void*)0x7070754C,
    (void*)0x76867D75,
    (void*)0x82A587F9,
    (void*)0x958B968E,
    (void*)0x8C9D51F1,
    (void*)0x52BE5916,
    (void*)0x54B35BB3,
    (void*)0x5D166168,
    (void*)0x69826DAF,
    (void*)0x788D84CB,
    (void*)0x88578A72,
    (void*)0x93A79AB8,
    (void*)0x6D6C99A8,
    (void*)0x86D957A3,
    (void*)0x67FF86CE,
    (void*)0x920E5283,
    (void*)0x56875404,
    (void*)0x5ED362E1,
    (void*)0x64B9683C,
    (void*)0x68386BBB,
    (void*)0x737278BA,
    (void*)0x7A6B899A,
    (void*)0x89D28D6B,
    (void*)0x8F0390ED,
    (void*)0x95A39694,
    (void*)0x97695B66,
    (void*)0x5CB3697D,
    (void*)0x984D984E,
    (void*)0x639B7B20,
    (void*)0x6A2B30FB,
    (void*)0x6A7F68B6,
    (void*)0x9C0D6F5F,
    (void*)0x5272559D,
    (void*)0x607062EC,
    (void*)0x6D3B6E07,
    (void*)0x6ED1845B,
    (void*)0x89108F44,
    (void*)0x4E149C39,
    (void*)0x53F6691B,
    (void*)0x6A3A9784,
    (void*)0x682A515C,
    (void*)0x7AC384B2,
    (void*)0x91DC938C,
    (void*)0x565B9D28,
    (void*)0x68228305,
    (void*)0x84317CA5,
    (void*)0x520882C5,
    (void*)0x74E64E7E,
    (void*)0x4F8351A0,
    (void*)0x5BD2520A,
    (void*)0x52D852E7,
    (void*)0x5DFB559A,
    (void*)0x582A59E6,
    (void*)0x5B8C5B98,
    (void*)0x5BDB5E72,
    (void*)0x5E7960A3,
    (void*)0x611F6163,
    (void*)0x61BE63DB,
    (void*)0x656267D1,
    (void*)0x685368FA,
    (void*)0x6B3E6B53,
    (void*)0x6C576F22,
    (void*)0x6F976F45,
    (void*)0x74B07518,
    (void*)0x76E3770B,
    (void*)0x7AFF7BA1,
    (void*)0x7C217DE9,
    (void*)0x7F367FF0,
    (void*)0x809D8266,
    (void*)0x839E89B3,
    (void*)0x8ACC8CAB,
    (void*)0x90849451,
    (void*)0x95939591,
    (void*)0x95A29665,
    (void*)0x97D39928,
    (void*)0x82184E38,
    (void*)0x542B5CB8,
    (void*)0x5DCC73A9,
    (void*)0x764C773C,
    (void*)0x5CA97FEB,
    (void*)0x8D0B96C1,
    (void*)0x98119854,
    (void*)0x98584F01,
    (void*)0x4F0E5371,
    (void*)0x559C5668,
    (void*)0x57FA5947,
    (void*)0x5B095BC4,
    (void*)0x5C905E0C,
    (void*)0x5E7E5FCC,
    (void*)0x63EE673A,
    (void*)0x6A5F5E30,
    (void*)0x6BC56C17,
    (void*)0x6C7D757F,
    (void*)0x79485B63,
    (void*)0x7A007D00,
    (void*)0x5FBD898F,
    (void*)0x8A188CB4,
    (void*)0x8D778ECC,
    (void*)0x8F1D98E2,
    (void*)0x9A0E9B3C,
    (void*)0x4E80507D,
    (void*)0x51005993,
    (void*)0x5B9C622F,
    (void*)0x628064EC,
    (void*)0x6B3A72A0,
    (void*)0x75917947,
    (void*)0x7FA987FB,
    (void*)0x8ABC8B70,
    (void*)0x63AC83CA,
    (void*)0x97A05409,
    (void*)0x540355AB,
    (void*)0x68546A58,
    (void*)0x8A707827,
    (void*)0x67759ECD,
    (void*)0x53745BA2,
    (void*)0x811A8650,
    (void*)0x90064E18,
    (void*)0x4E454EC7,
    (void*)0x4F1153CA,
    (void*)0x54385BAE,
    (void*)0x5F136025,
    (void*)0x655130FB,
    (void*)0x673D6C42,
    (void*)0x6C726CE3,
    (void*)0x70787403,
    (void*)0x7A767AAE,
    (void*)0x7B087D1A,
    (void*)0x7CFE7D66,
    (void*)0x65E7725B,
    (void*)0x53BB5C45,
    (void*)0x5DE862D2,
    (void*)0x62E06319,
    (void*)0x6E20865A,
    (void*)0x8A318DDD,
    (void*)0x92F86F01,
    (void*)0x79A69B5A,
    (void*)0x4EA84EAB,
    (void*)0x4EAC4F9B,
    (void*)0x4FA050D1,
    (void*)0x51477AF6,
    (void*)0x517151F6,
    (void*)0x53545321,
    (void*)0x537F53EB,
    (void*)0x55AC5883,
    (void*)0x5CE15F37,
    (void*)0x5F4A602F,
    (void*)0x6050606D,
    (void*)0x631F6559,
    (void*)0x6A4B6CC1,
    (void*)0x72C272ED,
    (void*)0x77EF80F8,
    (void*)0x81058208,
    (void*)0x854E90F7,
    (void*)0x93E197FF,
    (void*)0x99579A5A,
    (void*)0x4EF051DD,
    (void*)0x5C2D6681,
    (void*)0x696D5C40,
    (void*)0x66F26975,
    (void*)0x73896850,
    (void*)0x7C8150C5,
    (void*)0x52E45747,
    (void*)0x5DFE9326,
    (void*)0x65A46B23,
    (void*)0x6B3D7434,
    (void*)0x798179BD,
    (void*)0x7B4B7DCA,
    (void*)0x82B983CC,
    (void*)0x887F895F,
    (void*)0x8B398FD1,
    (void*)0x91D1541F,
    (void*)0x92804E5D,
    (void*)0x503653E5,
    (void*)0x533A72D7,
    (void*)0x739677E9,
    (void*)0x82E68EAF,
    (void*)0x99C699C8,
    (void*)0x99D25177,
    (void*)0x611A865E,
    (void*)0x55B07A7A,
    (void*)0x50765BD3,
    (void*)0x90479685,
    (void*)0x63987A9F,
    (void*)0x6C939774,
    (void*)0x8F617AAA,
    (void*)0x718A9688,
    (void*)0x7C826817,
    (void*)0x7E706851,
    (void*)0x936C52F2,
    (void*)0x541B85AB,
    (void*)0x8A137FA4,
    (void*)0x8ECD90E1,
    (void*)0x53668888,
    (void*)0x79414FC2,
    (void*)0x50BE5211,
    (void*)0x51445553,
    (void*)0x572D73EA,
    (void*)0x578B5951,
    (void*)0x5F625F84,
    (void*)0x60756176,
    (void*)0x616761A9,
    (void*)0x63B2643A,
    (void*)0x656C666F,
    (void*)0x68426E13,
    (void*)0x75667A3D,
    (void*)0x7CFB7D4C,
    (void*)0x7D997E4B,
    (void*)0x7F6B830E,
    (void*)0x834A86CD,
    (void*)0x8A088A63,
    (void*)0x8B668EFD,
    (void*)0x981A9D8F,
    (void*)0x82B88FCE,
    (void*)0x9BE830FB,
    (void*)0x5287621F,
    (void*)0x64836FC0,
    (void*)0x96996841,
    (void*)0x50916B20,
    (void*)0x6C7A6F54,
    (void*)0x7A747D50,
    (void*)0x88408A23,
    (void*)0x67084EF6,
    (void*)0x50395026,
    (void*)0x5065517C,
    (void*)0x52385263,
    (void*)0x55A7570F,
    (void*)0x58055ACC,
    (void*)0x5EFA61B2,
    (void*)0x61F862F3,
    (void*)0x6372691C,
    (void*)0x6A29727D,
    (void*)0x72AC732E,
    (void*)0x7814786F,
    (void*)0x7D79770C,
    (void*)0x80A9898B,
    (void*)0x8B198CE2,
    (void*)0x8ED29063,
    (void*)0x9375967A,
    (void*)0x98559A13,
    (void*)0x9E785143,
    (void*)0x539F53B3,
    (void*)0x5E7B5F26,
    (void*)0x6E1B6E90,
    (void*)0x738473FE,
    (void*)0x7D438237,
    (void*)0x8A008AFA,
    (void*)0x96504E4E,
    (void*)0x500B53E4,
    (void*)0x547C56FA,
    (void*)0x59D15B64,
    (void*)0x5DF15EAB,
    (void*)0x5F276238,
    (void*)0x654567AF,
    (void*)0x6E5672D0,
    (void*)0x7CCA88B4,
    (void*)0x80A180E1,
    (void*)0x83F0864E,
    (void*)0x8A878DE8,
    (void*)0x923796C7,
    (void*)0x98679F13,
    (void*)0x4E944E92,
    (void*)0x4F0D5348,
    (void*)0x5449543E,
    (void*)0x5A2F5F8C,
    (void*)0x5FA1609F,
    (void*)0x68A76A8E,
    (void*)0x745A7881,
    (void*)0x8A9E8AA4,
    (void*)0x8B779190,
    (void*)0x4E5E9BC9,
    (void*)0x4EA44F7C,
    (void*)0x4FAF5019,
    (void*)0x50165149,
    (void*)0x516C529F,
    (void*)0x540E5589,
    (void*)0x575157A2,
    (void*)0x597D5B54,
    (void*)0x5B5D5B8F,
    (void*)0x5DE55DE7,
    (void*)0x5DF75E78,
    (void*)0x5E835E9A,
    (void*)0x5EB75F18,
    (void*)0x6052614C,
    (void*)0x629762D8,
    (void*)0x63A7653B,
    (void*)0x66026643,
    (void*)0x66F4676D,
    (void*)0x68216897,
    (void*)0x69CB6C5F,
    (void*)0x6D2A6D69,
    (void*)0x6E2F6E9D,
    (void*)0x75327687,
    (void*)0x786C7A3F,
    (void*)0x7CE07D05,
    (void*)0x7D187D5E,
    (void*)0x7DB18015,
    (void*)0x800380AF,
    (void*)0x80B18154,
    (void*)0x818F822A,
    (void*)0x8352884C,
    (void*)0x88618B1B,
    (void*)0x8CA28CFC,
    (void*)0x90CA9175,
    (void*)0x9271783F,
    (void*)0x92FC95A4,
    (void*)0x964D30FB,
    (void*)0x98059999,
    (void*)0x9AD89D3B,
    (void*)0x525B52AB,
    (void*)0x53F75408,
    (void*)0x58D562F7,
    (void*)0x6FE08C6A,
    (void*)0x8F5F9EB9,
    (void*)0x514B523B,
    (void*)0x544A56FD,
    (void*)0x7A409177,
    (void*)0x9D609ED2,
    (void*)0x73446F09,
    (void*)0x81707511,
    (void*)0x5FFD60DA,
    (void*)0x9AA872DB,
    (void*)0x8FBC6B64,
    (void*)0x98034ECA,
    (void*)0x56F05764,
    (void*)0x58BE5A5A,
    (void*)0x606861C7,
    (void*)0x660F6606,
    (void*)0x683968B1,
    (void*)0x6DF775D5,
    (void*)0x7D3A826E,
    (void*)0x9B424E9B,
    (void*)0x4F5053C9,
    (void*)0x55065D6F,
    (void*)0x5DE65DEE,
    (void*)0x67FB6C99,
    (void*)0x74737802,
    (void*)0x8A509396,
    (void*)0x88DF5750,
    (void*)0x5EA7632B,
    (void*)0x50B550AC,
    (void*)0x518D6700,
    (void*)0x54C9585E,
    (void*)0x59BB5BB0,
    (void*)0x5F69624D,
    (void*)0x63A1683D,
    (void*)0x6B736E08,
    (void*)0x707D91C7,
    (void*)0x72807815,
    (void*)0x7826796D,
    (void*)0x658E7D30,
    (void*)0x83DC88C1,
    (void*)0x8F09969B,
    (void*)0x52645728,
    (void*)0x67507F6A,
    (void*)0x8CA151B4,
    (void*)0x5742962A,
    (void*)0x583A698A,
    (void*)0x80B454B2,
    (void*)0x5D0E57FC,
    (void*)0x78959DFA,
    (void*)0x4F5C524A,
    (void*)0x548B643E,
    (void*)0x66286714,
    (void*)0x67F57A84,
    (void*)0x7B567D22,
    (void*)0x932F685C,
    (void*)0x5BDF62F6,
    (void*)0x64AE64E6,
    (void*)0x672D6BBA,
    (void*)0x85A996D1,
    (void*)0x76909BD6,
    (void*)0x634C9306,
    (void*)0x9BAB76BF,
    (void*)0x66524E09,
    (void*)0x509853C2,
    (void*)0x5C7160E8,
    (void*)0x64926563,
    (void*)0x685F71E6,
    (void*)0x73CA7523,
    (void*)0x7B977E82,
    (void*)0x86958B83,
    (void*)0x8CDB9178,
    (void*)0x991065AC,
    (void*)0x66AB6B8B,
    (void*)0x4ED54ED4,
    (void*)0x4F3A4F7F,
    (void*)0x523A53F8,
    (void*)0x53F255E3,
    (void*)0x56DB58EB,
    (void*)0x59CB59C9,
    (void*)0x59FF5B50,
    (void*)0x5C4D5E02,
    (void*)0x5E2B5FD7,
    (void*)0x601D6307,
    (void*)0x652F5B5C,
    (void*)0x65AF65BD,
    (void*)0x65E8679D,
    (void*)0x6B6230FB,
    (void*)0x6B7B6C0F,
    (void*)0x73457949,
    (void*)0x79C17CF8,
    (void*)0x7D197D2B,
    (void*)0x80A28102,
    (void*)0x81F38996,
    (void*)0x8A5E8A69,
    (void*)0x8A668A8C,
    (void*)0x8AEE8CC7,
    (void*)0x8CDC96CC,
    (void*)0x98FC6B6F,
    (void*)0x4E8B4F3C,
    (void*)0x4F8D5150,
    (void*)0x5B575BFA,
    (void*)0x61486301,
    (void*)0x66426B21,
    (void*)0x6ECB6CBB,
    (void*)0x723E74BD,
    (void*)0x75D478C1,
    (void*)0x793A800C,
    (void*)lbl_803381EA,
    (void*)0x84948F9E,
    (void*)0x6C509E7F,
    (void*)0x5F0F8B58,
    (void*)0x9D2B7AFA,
    (void*)0x8EF85B8D,
    (void*)0x96EB4E03,
    (void*)0x53F157F7,
    (void*)0x59315AC9,
    (void*)0x5BA46089,
    (void*)0x6E7F6F06,
    (void*)0x75BE8CEA,
    (void*)0x5B9F8500,
    (void*)0x7BE05072,
    (void*)0x67F4829D,
    (void*)0x5C61854A,
    (void*)0x7E1E820E,
    (void*)0x51995C04,
    (void*)0x63688D66,
    (void*)0x659C716E,
    (void*)0x793E7D17,
    (void*)0x80058B1D,
    (void*)0x8ECA906E,
    (void*)0x86C790AA,
    (void*)0x501F52FA,
    (void*)0x5C3A6753,
    (void*)0x707C7235,
    (void*)0x914C91C8,
    (void*)0x932B82E5,
    (void*)0x5BC25F31,
    (void*)0x60F94E3B,
    (void*)0x53D65B88,
    (void*)0x624B6731,
    (void*)0x6B8A72E9,
    (void*)0x73E07A2E,
    (void*)0x816B8DA3,
    (void*)0x91529996,
    (void*)0x511253D7,
    (void*)0x546A5BFF,
    (void*)0x63886A39,
    (void*)0x5B975C31,
    (void*)0x5DDE4FEE,
    (void*)0x610162FE,
    (void*)0x6D3279C0,
    (void*)0x79CB7D42,
    (void*)0x7E4D7FD2,
    (void*)0x81ED821F,
    (void*)0x84908846,
    (void*)0x89728B90,
    (void*)0x8E748F2F,
    (void*)0x9031914B,
    (void*)0x916C96C6,
    (void*)0x919C4EC0,
    (void*)0x4F4F5145,
    (void*)0x53415F93,
    (void*)0x620E67D4,
    (void*)0x6C416E0B,
    (void*)0x73637E26,
    (void*)0x91CD9283,
    (void*)0x53D45919,
    (void*)0x5BBF6DD1,
    (void*)0x795D7E2E,
    (void*)0x7C9B587E,
    (void*)0x719F51FA,
    (void*)0x88538FF0,
    (void*)0x4FCA5CFB,
    (void*)0x662577AC,
    (void*)0x7AE3821C,
    (void*)0x99FF51C6,
    (void*)0x5FAA65EC,
    (void*)0x696F6B89,
    (void*)0x6DF330FB,
    (void*)0x6E966F64,
    (void*)0x76FE7D14,
    (void*)0x5DE19075,
    (void*)0x91879806,
    (void*)0x51E6521D,
    (void*)0x62406691,
    (void*)0x66D96E1A,
    (void*)0x5EB67DD2,
    (void*)0x7F7266F8,
    (void*)0x85AF85F7,
    (void*)0x8AF852A9,
    (void*)0x53D95973,
    (void*)0x5E8F5F90,
    (void*)0x605592E4,
    (void*)0x966450B7,
    (void*)0x511F52DD,
    (void*)0x53205347,
    (void*)0x53EC54E8,
    (void*)0x55465531,
    (void*)0x56175968,
    (void*)0x59BE5A3C,
    (void*)0x5BB55C06,
    (void*)0x5C0F5C11,
    (void*)0x5C1A5E84,
    (void*)0x5E8A5EE0,
    (void*)0x5F70627F,
    (void*)0x628462DB,
    (void*)0x638C6377,
    (void*)0x6607660C,
    (void*)0x662D6676,
    (void*)0x677E68A2,
    (void*)0x6A1F6A35,
    (void*)0x6CBC6D88,
    (void*)0x6E096E58,
    (void*)0x713C7126,
    (void*)0x716775C7,
    (void*)0x7701785D,
    (void*)0x79017965,
    (void*)0x79F07AE0,
    (void*)0x7B117CA7,
    (void*)0x7D398096,
    (void*)0x83D6848B,
    (void*)0x8549885D,
    (void*)0x88F38A1F,
    (void*)0x8A3C8A54,
    (void*)0x8A738C61,
    (void*)0x8CDE91A4,
    (void*)0x9266937E,
    (void*)0x9418969C,
    (void*)0x97984E0A,
    (void*)0x4E084E1E,
    (void*)0x4E575197,
    (void*)0x527057CE,
    (void*)0x583458CC,
    (void*)0x5B225E38,
    (void*)0x60C564FE,
    (void*)0x67616756,
    (void*)0x6D4472B6,
    (void*)0x75737A63,
    (void*)0x84B88B72,
    (void*)0x62ED690D,
    (void*)0x6B9671ED,
    (void*)0x7E548077,
    (void*)0x827289E6,
    (void*)0x98DF8755,
    (void*)0x8FB15C3B,
    (void*)0x4F384FE1,
    (void*)0x4FB55507,
    (void*)0x5A205BDD,
    (void*)0x5BE95FC3,
    (void*)0x614E632F,
    (void*)0x65B0664B,
    (void*)0x68EE699B,
    (void*)0x6D786DF1,
    (void*)0x753375B9,
    (void*)0x771F795E,
    (void*)0x79E67D33,
    (void*)0x81E382AF,
    (void*)0x85AA89AA,
    (void*)0x8A3A8EAB,
    (void*)0x8F9B9032,
    (void*)0x91DD9707,
    (void*)0x4EBA4EC1,
    (void*)0x52035875,
    (void*)0x58EC5C0B,
    (void*)0x751A5C3D,
    (void*)0x814E8A0A,
    (void*)0x8FC59663,
    (void*)0x976D7B25,
    (void*)0x8ACF9808,
    (void*)0x916256F3,
    (void*)0x53A830FB,
    (void*)0x90175439,
    (void*)0x57825E25,
    (void*)0x63A86C34,
    (void*)0x708A7761,
    (void*)0x7C8B7FE0,
    (void*)0x88709042,
    (void*)0x91549310,
    (void*)0x9318968F,
    (void*)0x745E9AC4,
    (void*)0x5D075D69,
    (void*)0x657067A2,
    (void*)0x8DA896DB,
    (void*)0x636E6749,
    (void*)0x691983C5,
    (void*)0x981796C0,
    (void*)0x88FE6F84,
    (void*)0x647A5BF8,
    (void*)0x4E16702C,
    (void*)0x755D662F,
    (void*)0x51C45236,
    (void*)0x52E259D3,
    (void*)0x5F816027,
    (void*)0x6210653F,
    (void*)0x6574661F,
    (void*)0x667468F2,
    (void*)0x68166B63,
    (void*)0x6E057272,
    (void*)0x751F76DB,
    (void*)0x7CBE8056,
    (void*)0x58F088FD,
    (void*)0x897F8AA0,
    (void*)0x8A938ACB,
    (void*)0x901D9192,
    (void*)0x97529759,
    (void*)0x65897A0E,
    (void*)0x810696BB,
    (void*)0x5E2D60DC,
    (void*)0x621A65A5,
    (void*)0x66146790,
    (void*)0x77F37A4D,
    (void*)0x7C4D7E3E,
    (void*)0x810A8CAC,
    (void*)0x8D648DE1,
    (void*)0x8E5F78A9,
    (void*)0x520762D9,
    (void*)0x63A56442,
    (void*)0x62988A2D,
    (void*)0x7A837BC0,
    (void*)0x8AAC96EA,
    (void*)0x7D76820C,
    (void*)0x87494ED9,
    (void*)0x51485343,
    (void*)0x53605BA3,
    (void*)0x5C025C16,
    (void*)0x5DDD6226,
    (void*)0x624764B0,
    (void*)0x68136834,
    (void*)0x6CC96D45,
    (void*)0x6D1767D3,
    (void*)0x6F5C714E,
    (void*)0x7E4A7FA8,
    (void*)0x817A821B,
    (void*)0x823985A6,
    (void*)0x8A6E8CCE,
    (void*)0x8DF59078,
    (void*)0x907792AD,
    (void*)0x92919583,
    (void*)0x9BAE524D,
    (void*)0x55846F38,
    (void*)0x71365168,
    (void*)0x79857E55,
    (void*)0x81B37CCE,
    (void*)0x564C5851,
    (void*)0x5CA863AA,
    (void*)0x66FE66FD,
    (void*)0x695A72D9,
    (void*)0x758F758E,
    (void*)0x790E7956,
    (void*)0x79DF7C97,
    (void*)0x7D207D44,
    (void*)0x86078A34,
    (void*)0x963B9061,
    (void*)0x9F2050E7,
    (void*)0x527553CC,
    (void*)0x53E25009,
    (void*)0x55AA58EE,
    (void*)0x594F723D,
    (void*)0x5B8B5C64,
    (void*)0x531D60E3,
    (void*)0x60F3635C,
    (void*)0x6383633F,
    (void*)0x63BB30FB,
    (void*)0x64CD65E9,
    (void*)0x66F95DE3,
    (void*)0x69CD69FD,
    (void*)0x6F1571E5,
    (void*)0x4E8975E9,
    (void*)0x76F87A93,
    (void*)0x7CDF7DCF,
    (void*)0x7D9C8061,
    (void*)0x83498358,
    (void*)0x846C84BC,
    (void*)0x85FB88C5,
    (void*)0x8D709001,
    (void*)0x906D9397,
    (void*)0x971C9A12,
    (void*)0x50CF5897,
    (void*)0x618E81D3,
    (void*)0x85358D08,
    (void*)0x90204FC3,
    (void*)0x50745247,
    (void*)0x5373606F,
    (void*)0x6349675F,
    (void*)0x6E2C8DB3,
    (void*)0x901F4FD7,
    (void*)0x5C5E8CCA,
    (void*)0x65CF7D9A,
    (void*)0x53528896,
    (void*)0x517663C3,
    (void*)0x5B585B6B,
    (void*)0x5C0A640D,
    (void*)0x6751905C,
    (void*)0x4ED6591A,
    (void*)0x592A6C70,
    (void*)0x8A51553E,
    (void*)0x581559A5,
    (void*)0x60F06253,
    (void*)0x67C18235,
    (void*)0x69559640,
    (void*)0x99C49A28,
    (void*)0x4F535806,
    (void*)0x5BFE8010,
    (void*)0x5CB15E2F,
    (void*)0x5F856020,
    (void*)0x614B6234,
    (void*)0x66FF6CF0,
    (void*)0x6EDE80CE,
    (void*)0x817F82D4,
    (void*)0x888B8CB8,
    (void*)0x9000902E,
    (void*)0x968A9EDB,
    (void*)0x9BDB4EE3,
    (void*)0x53F05927,
    (void*)0x7B2C918D,
    (void*)0x984C9DF9,
    (void*)0x6EDD7027,
    (void*)0x53535544,
    (void*)0x5B856258,
    (void*)0x629E62D3,
    (void*)0x6CA26FEF,
    (void*)0x74228A17,
    (void*)0x94386FC1,
    (void*)0x53E94F46,
    (void*)0x90548FB0,
    (void*)0x596A8131,
    (void*)0x5DFD7AEA,
    (void*)0x8FBF68DA,
    (void*)0x8C3772F8,
    (void*)0x9C486A3D,
    (void*)0x8AB04E39,
    (void*)0x53585606,
    (void*)0x576662C5,
    (void*)0x63A265E6,
    (void*)0x6B4E6DE1,
    (void*)0x6E5B70AD,
    (void*)0x77ED7AEF,
    (void*)0x7BAA7DBB,
    (void*)lbl_803D80C6,
    (void*)0x86CB8A95,
    (void*)0x935B56E3,
    (void*)0x58C75F3E,
    (void*)0x65AD6696,
    (void*)0x6A806BB5,
    (void*)0x75378AC7,
    (void*)0x502477E5,
    (void*)0x57305F1B,
    (void*)0x6065667A,
    (void*)0x6C6075F4,
    (void*)0x7A1A7F6E,
    (void*)0x81F48718,
    (void*)0x904599B3,
    (void*)0x7BC9755C,
    (void*)0x7AF97B51,
    (void*)0x84C430FB,
    (void*)0x901079E9,
    (void*)0x7A928336,
    (void*)0x5AE17740,
    (void*)0x4E2D4EF2,
    (void*)0x5B995FE0,
    (void*)0x62BD663C,
    (void*)0x67F16CE8,
    (void*)0x866B8877,
    (void*)0x8A3B914E,
    (void*)0x92F399D0,
    (void*)0x6A177026,
    (void*)0x732A82E7,
    (void*)0x84578CAF,
    (void*)0x4E015146,
    (void*)0x51CB558B,
    (void*)0x5BF55E16,
    (void*)0x5E335E81,
    (void*)0x5F145F35,
    (void*)0x5F6B5FB4,
    (void*)0x61F26311,
    (void*)0x66A2671D,
    (void*)0x6F6E7252,
    (void*)0x753A773A,
    (void*)0x80748139,
    (void*)0x81788776,
    (void*)0x8ABF8ADC,
    (void*)0x8D858DF3,
    (void*)0x929A9577,
    (void*)0x98029CE5,
    (void*)0x52C56357,
    (void*)0x76F46715,
    (void*)0x6C8873CD,
    (void*)0x8CC393AE,
    (void*)0x96736D25,
    (void*)0x589C690E,
    (void*)0x69CC8FFD,
    (void*)0x939A75DB,
    (void*)0x901A585A,
    (void*)0x680263B4,
    (void*)0x69FB4F43,
    (void*)0x6F2C67D8,
    (void*)0x8FBB8526,
    (void*)0x7DB49354,
    (void*)0x693F6F70,
    (void*)0x576A58F7,
    (void*)0x5B2C7D2C,
    (void*)0x722A540A,
    (void*)0x91E39DB4,
    (void*)0x4EAD4F4E,
    (void*)0x505C5075,
    (void*)0x52438C9E,
    (void*)0x54485824,
    (void*)0x5B9A5E1D,
    (void*)0x5E955EAD,
    (void*)0x5EF75F1F,
    (void*)0x608C62B5,
    (void*)0x633A63D0,
    (void*)0x68AF6C40,
    (void*)0x7887798E,
    (void*)0x7A0B7DE0,
    (void*)0x90B8912D,
    (void*)0x91D89F0E,
    (void*)0x6CE56458,
    (void*)0x64E26575,
    (void*)0x6EF47684,
    (void*)0x7B1B9069,
    (void*)0x93D16EBA,
    (void*)0x54F25FB9,
    (void*)0x64A48F4D,
    (void*)0x8FED9244,
    (void*)0x5178586B,
    (void*)0x59295C55,
    (void*)0x5E976DFB,
    (void*)0x7E8F751C,
    (void*)0x8CBC8EE2,
    (void*)0x985B70B9,
    (void*)0x4F1D6BBF,
    (void*)0x6FB17530,
    (void*)0x96FB514E,
    (void*)0x54105835,
    (void*)0x585759AC,
    (void*)0x5C605F92,
    (void*)0x6597675C,
    (void*)0x6E21767B,
    (void*)0x83DF8CED,
    (void*)0x901490FD,
    (void*)0x934D7825,
    (void*)0x783A52AA,
    (void*)0x5EA6571F,
    (void*)0x59746012,
    (void*)0x5012515A,
    (void*)0x51AC30FB,
    (void*)0x51CD5200,
    (void*)0x55105854,
    (void*)0x58585957,
    (void*)0x5B955CF6,
    (void*)0x5D8B60BC,
    (void*)0x6295642D,
    (void*)0x67716843,
    (void*)0x68BC68DF,
    (void*)0x76D76DD8,
    (void*)0x6E6F6D9B,
    (void*)0x706F71C8,
    (void*)0x5F5375D8,
    (void*)0x79777B49,
    (void*)0x7B547B52,
    (void*)0x7CD67D71,
    (void*)0x52308463,
    (void*)0x856985E4,
    (void*)0x8A0E8B04,
    (void*)0x8C468E0F,
    (void*)0x9003900F,
    (void*)0x94199676,
    (void*)0x982D9A30,
    (void*)0x95D850CD,
    (void*)0x52D5540C,
    (void*)0x58025C0E,
    (void*)0x61A7649E,
    (void*)0x6D1E77B3,
    (void*)0x7AE580F4,
    (void*)0x84049053,
    (void*)0x92855CE0,
    (void*)0x9D07533F,
    (void*)0x5F975FB3,
    (void*)0x6D9C7279,
    (void*)0x776379BF,
    (void*)0x7BE46BD2,
    (void*)0x72EC8AAD,
    (void*)0x68036A61,
    (void*)0x51F87A81,
    (void*)0x69345C4A,
    (void*)0x9CF682EB,
    (void*)0x5BC59149,
    (void*)0x701E5678,
    (void*)0x5C6F60C7,
    (void*)0x65666C8C,
    (void*)0x8C5A9041,
    (void*)0x98135451,
    (void*)0x66C7920D,
    (void*)0x594890A3,
    (void*)0x51854E4D,
    (void*)0x51EA8599,
    (void*)0x8B0E7058,
    (void*)0x637A934B,
    (void*)0x696299B4,
    (void*)0x7E047577,
    (void*)0x53576960,
    (void*)0x8EDF96E3,
    (void*)0x6C5D4E8C,
    (void*)0x5C3C5F10,
    (void*)0x8FE95302,
    (void*)0x8CD18089,
    (void*)0x59825C3F,
    (void*)0x97EE4EFB,
    (void*)0x598A5FCD,
    (void*)0x8A8D6FE1,
    (void*)0x79B07962,
    (void*)0x5BE78471,
    (void*)0x732B71B1,
    (void*)0x5E745FF5,
    (void*)0x637B649A,
    (void*)0x71C37C98,
    (void*)0x4E435EFC,
    (void*)0x4E4B57DC,
    (void*)0x56A260A9,
    (void*)0x6FC37D0D,
    (void*)0x80FD8133,
    (void*)0x81BF8FB2,
    (void*)0x899786A4,
    (void*)0x5DF4628A,
    (void*)0x64AD8987,
    (void*)0x67776CE2,
    (void*)0x6D3E7436,
    (void*)0x78345A46,
    (void*)0x7F7582AD,
    (void*)0x99AC4FF3,
    (void*)0x5EC362DD,
    (void*)0x63926557,
    (void*)0x676F76C3,
    (void*)0x724C80CC,
    (void*)0x80BA8F29,
    (void*)0x914D500D,
    (void*)0x57F95A92,
    (void*)0x688530FB,
    (void*)0x69737164,
    (void*)0x72FD8CB7,
    (void*)0x58F28CE0,
    (void*)0x966A9019,
    (void*)0x877F79E4,
    (void*)0x77E78429,
    (void*)0x4F2F5265,
    (void*)0x535A62CD,
    (void*)0x67CF6CCA,
    (void*)0x767D7B94,
    (void*)0x7C958236,
    (void*)0x85848FEB,
    (void*)0x66DD6F20,
    (void*)0x72067E1B,
    (void*)0x83AB99C1,
    (void*)0x9EA651FD,
    (void*)0x7BB17872,
    (void*)0x7BB88087,
    (void*)0x7B486AE8,
    (void*)0x5E61808C,
    (void*)0x75517560,
    (void*)0x516B9262,
    (void*)0x6E8C767A,
    (void*)0x91979AEA,
    (void*)0x4F107F70,
    (void*)0x629C7B4F,
    (void*)0x95A59CE9,
    (void*)0x567A5859,
    (void*)0x86E496BC,
    (void*)0x4F345224,
    (void*)0x534A53CD,
    (void*)0x53DB5E06,
    (void*)0x642C6591,
    (void*)0x677F6C3E,
    (void*)0x6C4E7248,
    (void*)0x72AF73ED,
    (void*)0x75547E41,
    (void*)0x822C85E9,
    (void*)0x8CA97BC4,
    (void*)0x91C67169,
    (void*)0x981298EF,
    (void*)0x633D6669,
    (void*)0x756A76E4,
    (void*)0x78D08543,
    (void*)0x86EE532A,
    (void*)0x53515426,
    (void*)0x59835E87,
    (void*)0x5F7C60B2,
    (void*)0x62496279,
    (void*)0x62AB6590,
    (void*)0x6BD46CCC,
    (void*)0x75B276AE,
    (void*)0x789179D8,
    (void*)0x7DCB7F77,
    (void*)0x80A588AB,
    (void*)0x8AB98CBB,
    (void*)0x907F975E,
    (void*)0x98DB6A0B,
    (void*)0x7C385099,
    (void*)0x5C3E5FAE,
    (void*)0x9F3B67CA,
    (void*)0x7A175339,
    (void*)0x758B9AED,
    (void*)0x5F66819D,
    (void*)0x83F18098,
    (void*)0x5F3C5FC5,
    (void*)0x75627B46,
    (void*)0x903C6867,
    (void*)0x59EB5A9B,
    (void*)0x7D10767E,
    (void*)0x8B2C4FF5,
    (void*)0x5F6A6A19,
    (void*)0x6C376F02,
    (void*)0x74E27968,
    (void*)0x88688A55,
    (void*)0x8C795EDF,
    (void*)0x63CF75C5,
    (void*)0x79D282D7,
    (void*)0x932892F2,
    (void*)0x849C86ED,
    (void*)0x9C2D54C1,
    (void*)0x5F6C658C,
    (void*)0x6D5C7015,
    (void*)0x8CA78CD3,
    (void*)0x983B654F,
    (void*)0x74F64E0D,
    (void*)0x4ED857E0,
    (void*)0x592B5A66,
    (void*)0x5BCC51A8,
    (void*)0x5E035E9C,
    (void*)0x60166276,
    (void*)0x657730FB,
    (void*)0x65A7666E,
    (void*)0x6D6E7236,
    (void*)0x7B268150,
    (void*)0x819A8299,
    (void*)0x8B5C8CA0,
    (void*)0x8CE68D74,
    (void*)0x961C9644,
    (void*)0x4FAE64AB,
    (void*)0x6B66821E,
    (void*)0x8461856A,
    (void*)0x90E85C01,
    (void*)0x695398A8,
    (void*)0x847A8557,
    (void*)0x4F0F526F,
    (void*)0x5FA95E45,
    (void*)0x670D798F,
    (void*)0x81798907,
    (void*)0x89866DF5,
    (void*)0x5F176255,
    (void*)0x6CB84ECF,
    (void*)0x72699B92,
    (void*)0x5206543B,
    (void*)0x567458B3,
    (void*)0x61A4626E,
    (void*)0x711A596E,
    (void*)0x7C897CDE,
    (void*)0x7D1B96F0,
    (void*)0x6587805E,
    (void*)0x4E194F75,
    (void*)0x51755840,
    (void*)0x5E635E73,
    (void*)0x5F0A67C4,
    (void*)0x4E26853D,
    (void*)0x9589965B,
    (void*)0x7C739801,
    (void*)0x50FB58C1,
    (void*)0x765678A7,
    (void*)0x522577A5,
    (void*)0x85117B86,
    (void*)0x504F5909,
    (void*)0x72477BC7,
    (void*)0x7DE88FBA,
    (void*)0x8FD4904D,
    (void*)0x4FBF52C9,
    (void*)0x5A295F01,
    (void*)0x97AD4FDD,
    (void*)0x821792EA,
    (void*)0x57036355,
    (void*)0x6B69752B,
    (void*)0x88DC8F14,
    (void*)0x7A4252DF,
    (void*)0x58936155,
    (void*)0x620A66AE,
    (void*)0x6BCD7C3F,
    (void*)0x83E95023,
    (void*)0x4FF85305,
    (void*)0x54465831,
    (void*)0x59495B9D,
    (void*)0x5CF05CEF,
    (void*)0x5D295E96,
    (void*)0x6CD56CE1,
    (void*)0x70F97832,
    (void*)0x7E2B80DE,
    (void*)0x82B3840C,
    (void*)0x84EC8702,
    (void*)0x89128A2A,
    (void*)0x8C4A90A6,
    (void*)0x92D298FD,
    (void*)0x9CF39D6C,
    (void*)0x4E4F4EA1,
    (void*)0x508D5256,
    (void*)0x574A59A8,
    (void*)0x5E3D5FD8,
    (void*)0x5FD9623F,
    (void*)0x66B4671B,
    (void*)0x67D068D2,
    (void*)0x51927D21,
    (void*)0x80AA81A8,
    (void*)0x8B008C8C,
    (void*)0x8CBF927E,
    (void*)0x96325420,
    (void*)0x982C5317,
    (void*)0x50D5535C,
    (void*)0x58A864B2,
    (void*)0x67347267,
    (void*)0x77667A46,
    (void*)0x91E652C3,
    (void*)0x6CA16B86,
    (void*)0x58005E4C,
    (void*)0x5954672C,
    (void*)0x7FFB51E1,
    (void*)0x76C630FB,
    (void*)0x646978E8,
    (void*)0x9B549EBB,
    (void*)0x57CB59B9,
    (void*)0x6627679A,
    (void*)0x6BCE54E9,
    (void*)0x69D95E55,
    (void*)0x819C6795,
    (void*)0x9BAA67FE,
    (void*)0x9C52685D,
    (void*)0x4EA64FE3,
    (void*)0x53C862B9,
    (void*)0x672B6CAB,
    (void*)0x8FC44FAD,
    (void*)0x7E6D9EBF,
    (void*)0x4E076162,
    (void*)0x6E806F2B,
    (void*)0x85135473,
    (void*)0x672A9B45,
    (void*)0x5DF37B95,
    (void*)0x5CAC5BC6,
    (void*)0x871C6E4A,
    (void*)0x84D17A14,
    (void*)0x81085999,
    (void*)0x7C8D6C11,
    (void*)0x772052D9,
    (void*)0x59227121,
    (void*)0x725F77DB,
    (void*)0x97279D61,
    (void*)0x690B5A7F,
    (void*)0x5A1851A5,
    (void*)0x540D547D,
    (void*)0x660E76DF,
    (void*)0x8FF79298,
    (void*)0x9CF459EA,
    (void*)0x725D6EC5,
    (void*)0x514D68C9,
    (void*)0x7DBF7DEC,
    (void*)0x97629EBA,
    (void*)0x64786A21,
    (void*)0x83025984,
    (void*)0x5B5F6BDB,
    (void*)0x731B76F2,
    (void*)0x7DB28017,
    (void*)0x84995132,
    (void*)0x67289ED9,
    (void*)0x76EE6762,
    (void*)0x52FF9905,
    (void*)0x5C24623B,
    (void*)0x7C7E8CB0,
    (void*)0x554F60B6,
    (void*)0x7D0B9580,
    (void*)0x53014E5F,
    (void*)0x51B6591C,
    (void*)0x723A8036,
    (void*)0x91CE5F25,
    (void*)0x77E25384,
    (void*)0x5F797D04,
    (void*)0x85AC8A33,
    (void*)0x8E8D9756,
    (void*)0x67F385AE,
    (void*)0x8AED8F38,
    (void*)0x552F4F51,
    (void*)0x512A52C7,
    (void*)0x53CB5BA5,
    (void*)0x5E7D60A0,
    (void*)0x618263D6,
    (void*)0x670967DA,
    (void*)0x6E676D8C,
    (void*)0x73367337,
    (void*)0x75317950,
    (void*)0x88D58A98,
    (void*)0x904A9091,
    (void*)0x90F596C4,
    (void*)0x878D5915,
    (void*)0x4E884F59,
    (void*)0x4E0E8A89,
    (void*)0x8F3F9810,
    (void*)0x50AD5E7C,
    (void*)0x59965BB9,
    (void*)0x5EB863DA,
    (void*)0x63FA64C1,
    (void*)0x66DC694A,
    (void*)0x69D86D0B,
    (void*)0x6EB67194,
    (void*)0x75287AAF,
    (void*)0x7F8A8000,
    (void*)0x844984C9,
    (void*)0x89818B21,
    (void*)0x8E0A9065,
    (void*)0x967D990A,
    (void*)0x617E6291,
    (void*)0x6B3230FB,
    (void*)0x6C836D74,
    (void*)0x7FCC7FFC,
    (void*)0x6DC07F85,
    (void*)0x87BA88F8,
    (void*)0x676583B1,
    (void*)0x983C96F7,
    (void*)0x6D1B7D61,
    (void*)0x843D916A,
    (void*)0x4E715375,
    (void*)0x5D506B04,
    (void*)0x6FEB85CD,
    (void*)0x862D89A7,
    (void*)0x5229540F,
    (void*)0x5C65674E,
    (void*)0x68A87406,
    (void*)0x748375E2,
    (void*)0x88CF88E1,
    (void*)0x91CC96E2,
    (void*)0x96785F8B,
    (void*)0x73877ACB,
    (void*)0x844E63A0,
    (void*)0x75655289,
    (void*)0x6D416E9C,
    (void*)0x74097559,
    (void*)0x786B7C92,
    (void*)0x96867ADC,
    (void*)0x9F8D4FB6,
    (void*)0x616E65C5,
    (void*)0x865C4E86,
    (void*)0x4EAE50DA,
    (void*)0x4E2151CC,
    (void*)0x5BEE6599,
    (void*)0x68816DBC,
    (void*)0x731F7642,
    (void*)0x77AD7A1C,
    (void*)0x7CE7826F,
    (void*)0x8AD2907C,
    (void*)0x91CF9675,
    (void*)0x9818529B,
    (void*)0x7DD1502B,
    (void*)0x53986797,
    (void*)0x6DCB71D0,
    (void*)0x743381E8,
    (void*)0x8F2A96A3,
    (void*)0x9C579E9F,
    (void*)0x74605841,
    (void*)0x6D997D2F,
    (void*)0x985E4EE4,
    (void*)0x4F364F8B,
    (void*)0x51B752B1,
    (void*)0x5DBA601C,
    (void*)0x73B2793C,
    (void*)0x82D39234,
    (void*)0x96B796F6,
    (void*)0x970A9E97,
    (void*)0x9F6266A6,
    (void*)0x6B745217,
    (void*)0x52A370C8,
    (void*)0x88C25EC9,
    (void*)0x604B6190,
    (void*)0x84EE9023,
    (void*)0x932C5442,
    (void*)0x9B6F6AD3,
    (void*)0x70898CC2,
    (void*)0x8DEF9732,
    (void*)0x52B45A41,
    (void*)0x5ECA5F04,
    (void*)0x6717697C,
    (void*)0x69946D6A,
    (void*)0x6F0F7262,
    (void*)0x72FC7BED,
    (void*)0x8001807E,
    (void*)0x874B90CE,
    (void*)0x516D9E93,
    (void*)0x7984808B,
    (void*)0x93328AD6,
    (void*)0x502D548C,
    (void*)0x8A716B6A,
    (void*)0x8CC48107,
    (void*)0x60D167A0,
    (void*)0x9DF24E99,
    (void*)0x4E989C10,
    (void*)0x8A6B85C1,
    (void*)0x85686900,
    (void*)0x6E7E7897,
    (void*)0x815530FB,
    (void*)0x30FB30FB,
    (void*)0x30FB30FB,
    (void*)0x30FB30FB,
    (void*)0x30FB30FB,
    (void*)0x30FB30FB,
    (void*)0x30FB30FB,
    (void*)0x30FB30FB,
    (void*)0x30FB30FB,
    (void*)0x30FB30FB,
    (void*)0x30FB30FB,
    (void*)0x30FB30FB,
    (void*)0x30FB30FB,
    (void*)0x30FB30FB,
    (void*)0x30FB30FB,
    (void*)0x30FB30FB,
    (void*)0x30FB30FB,
    (void*)0x30FB30FB,
    (void*)0x30FB30FB,
    (void*)0x30FB30FB,
    (void*)0x30FB30FB,
    (void*)0x30FB30FB,
    (void*)0x30FB5F0C,
    (void*)0x4E104E15,
    (void*)0x4E2A4E31,
    (void*)0x4E364E3C,
    (void*)0x4E3F4E42,
    (void*)0x4E564E58,
    (void*)0x4E824E85,
    (void*)0x8C6B4E8A,
    (void*)0x82125F0D,
    (void*)0x4E8E4E9E,
    (void*)0x4E9F4EA0,
    (void*)0x4EA24EB0,
    (void*)0x4EB34EB6,
    (void*)0x4ECE4ECD,
    (void*)0x4EC44EC6,
    (void*)0x4EC24ED7,
    (void*)0x4EDE4EED,
    (void*)0x4EDF4EF7,
    (void*)0x4F094F5A,
    (void*)0x4F304F5B,
    (void*)0x4F5D4F57,
    (void*)0x4F474F76,
    (void*)0x4F884F8F,
    (void*)0x4F984F7B,
    (void*)0x4F694F70,
    (void*)0x4F914F6F,
    (void*)0x4F864F96,
    (void*)0x51184FD4,
    (void*)0x4FDF4FCE,
    (void*)0x4FD84FDB,
    (void*)0x4FD14FDA,
    (void*)0x4FD04FE4,
    (void*)0x4FE5501A,
    (void*)0x50285014,
    (void*)0x502A5025,
    (void*)0x50054F1C,
    (void*)0x4FF65021,
    (void*)0x5029502C,
    (void*)0x4FFE4FEF,
    (void*)0x50115006,
    (void*)0x50435047,
    (void*)0x67035055,
    (void*)0x50505048,
    (void*)0x505A5056,
    (void*)0x506C5078,
    (void*)0x50C950CA,
    (void*)0x50B350C2,
    (void*)0x50D650DE,
    (void*)0x50E550ED,
    (void*)0x50E350EE,
    (void*)0x50F950F5,
    (void*)0x51095101,
    (void*)0x51025116,
    (void*)0x51155114,
    (void*)0x511A5121,
    (void*)0x513A5137,
    (void*)0x513C513B,
    (void*)0x513F5140,
    (void*)0x5152514C,
    (void*)0x51545162,
    (void*)0x7AF85169,
    (void*)0x516A516E,
    (void*)0x51805182,
    (void*)0x56D8518C,
    (void*)0x5189518F,
    (void*)0x51915193,
    (void*)0x51955196,
    (void*)0x51A451A6,
    (void*)0x51A251A9,
    (void*)0x51AA51AB,
    (void*)0x51B351B1,
    (void*)0x51B251B0,
    (void*)0x51B551BD,
    (void*)0x51C551C9,
    (void*)0x51DB51E0,
    (void*)0x865551E9,
    (void*)0x51ED30FB,
    (void*)0x51F051F5,
    (void*)0x51FE5204,
    (void*)0x520B5214,
    (void*)0x520E5227,
    (void*)0x522A522E,
    (void*)0x52335239,
    (void*)0x524F5244,
    (void*)0x524B524C,
    (void*)0x525E5254,
    (void*)0x526A5274,
    (void*)0x52695273,
    (void*)0x527F527D,
    (void*)0x528D5294,
    (void*)0x52925271,
    (void*)0x52885291,
    (void*)0x8FA88FA7,
    (void*)0x52AC52AD,
    (void*)0x52BC52B5,
    (void*)0x52C152CD,
    (void*)0x52D752DE,
    (void*)0x52E352E6,
    (void*)0x98ED52E0,
    (void*)0x52F352F5,
    (void*)0x52F852F9,
    (void*)0x53065308,
    (void*)0x7538530D,
    (void*)0x5310530F,
    (void*)0x5315531A,
    (void*)0x5323532F,
    (void*)0x53315333,
    (void*)0x53385340,
    (void*)0x53465345,
    (void*)0x4E175349,
    (void*)0x534D51D6,
    (void*)0x535E5369,
    (void*)0x536E5918,
    (void*)0x537B5377,
    (void*)0x53825396,
    (void*)0x53A053A6,
    (void*)0x53A553AE,
    (void*)0x53B053B6,
    (void*)0x53C37C12,
    (void*)0x96D953DF,
    (void*)0x66FC71EE,
    (void*)0x53EE53E8,
    (void*)0x53ED53FA,
    (void*)0x5401543D,
    (void*)0x5440542C,
    (void*)0x542D543C,
    (void*)0x542E5436,
    (void*)0x5429541D,
    (void*)0x544E548F,
    (void*)0x5475548E,
    (void*)0x545F5471,
    (void*)0x54775470,
    (void*)0x5492547B,
    (void*)0x54805476,
    (void*)0x54845490,
    (void*)0x548654C7,
    (void*)0x54A254B8,
    (void*)0x54AB54C2,
    (void*)0x54A454BE,
    (void*)0x54BC54D8,
    (void*)0x54E554E6,
    (void*)0x550F5514,
    (void*)0x54FD54EE,
    (void*)0x54ED54FA,
    (void*)0x54E25539,
    (void*)0x55405563,
    (void*)0x554C552E,
    (void*)0x555C5545,
    (void*)0x55565557,
    (void*)0x55385533,
    (void*)0x555D5599,
    (void*)0x558054AF,
    (void*)0x558A559F,
    (void*)0x557B557E,
    (void*)0x5598559E,
    (void*)0x55AE557C,
    (void*)0x558355A9,
    (void*)0x558755A8,
    (void*)0x55DA55C5,
    (void*)0x55DF55C4,
    (void*)0x55DC55E4,
    (void*)0x55D45614,
    (void*)0x55F75616,
    (void*)0x55FE55FD,
    (void*)0x561B55F9,
    (void*)0x564E5650,
    (void*)0x71DF5634,
    (void*)0x56365632,
    (void*)0x563830FB,
    (void*)0x566B5664,
    (void*)0x562F566C,
    (void*)0x566A5686,
    (void*)0x5680568A,
    (void*)0x56A05694,
    (void*)0x568F56A5,
    (void*)0x56AE56B6,
    (void*)0x56B456C2,
    (void*)0x56BC56C1,
    (void*)0x56C356C0,
    (void*)0x56C856CE,
    (void*)0x56D156D3,
    (void*)0x56D756EE,
    (void*)0x56F95700,
    (void*)0x56FF5704,
    (void*)0x57095708,
    (void*)0x570B570D,
    (void*)0x57135718,
    (void*)0x571655C7,
    (void*)0x571C5726,
    (void*)0x57375738,
    (void*)0x574E573B,
    (void*)0x5740574F,
    (void*)0x576957C0,
    (void*)0x57885761,
    (void*)0x577F5789,
    (void*)0x579357A0,
    (void*)0x57B357A4,
    (void*)0x57AA57B0,
    (void*)0x57C357C6,
    (void*)0x57D457D2,
    (void*)0x57D3580A,
    (void*)0x57D657E3,
    (void*)0x580B5819,
    (void*)0x581D5872,
    (void*)0x58215862,
    (void*)0x584B5870,
    (void*)0x6BC05852,
    (void*)0x583D5879,
    (void*)0x588558B9,
    (void*)0x589F58AB,
    (void*)0x58BA58DE,
    (void*)0x58BB58B8,
    (void*)0x58AE58C5,
    (void*)0x58D358D1,
    (void*)0x58D758D9,
    (void*)0x58D858E5,
    (void*)0x58DC58E4,
    (void*)0x58DF58EF,
    (void*)0x58FA58F9,
    (void*)0x58FB58FC,
    (void*)0x58FD5902,
    (void*)0x590A5910,
    (void*)0x591B68A6,
    (void*)0x5925592C,
    (void*)0x592D5932,
    (void*)0x5938593E,
    (void*)0x7AD25955,
    (void*)0x5950594E,
    (void*)0x595A5958,
    (void*)0x59785981,
    (void*)0x599D4F5E,
    (void*)0x4FAB59A3,
    (void*)0x59B259C6,
    (void*)0x59E859DC,
    (void*)0x598D59D9,
    (void*)0x59DA5A25,
    (void*)0x5A1F5A11,
    (void*)0x5A1C5A09,
    (void*)0x5A1A5A40,
    (void*)0x5A6C5A49,
    (void*)0x5A355A36,
    (void*)0x5A625A6A,
    (void*)0x5A9A5ABC,
    (void*)0x5ABE5ACB,
    (void*)0x5AC25ABD,
    (void*)0x5AE35AD7,
    (void*)0x5AE65AE9,
    (void*)0x5AD65AFA,
    (void*)0x5AFB5B0C,
    (void*)0x5B0B5B16,
    (void*)0x5B325AD0,
    (void*)0x5B2A5B36,
    (void*)0x5B3E5B43,
    (void*)0x5B455B40,
    (void*)0x5B515B55,
    (void*)0x5B5A5B5B,
    (void*)0x5B655B69,
    (void*)0x5B705B73,
    (void*)0x5B755B78,
    (void*)0x65885B7A,
    (void*)0x5B8030FB,
    (void*)0x5B835BA6,
    (void*)0x5BB85BC3,
    (void*)0x5BC75BC9,
    (void*)0x5BD45BD0,
    (void*)0x5BE45BE6,
    (void*)0x5BE25BDE,
    (void*)0x5BE55BEB,
    (void*)0x5BF05BF6,
    (void*)0x5BF35C05,
    (void*)0x5C075C08,
    (void*)0x5C0D5C13,
    (void*)0x5C205C22,
    (void*)0x5C285C38,
    (void*)0x5C395C41,
    (void*)0x5C465C4E,
    (void*)0x5C535C50,
    (void*)0x5C4F5B71,
    (void*)0x5C6C5C6E,
    (void*)0x4E625C76,
    (void*)0x5C795C8C,
    (void*)0x5C915C94,
    (void*)0x599B5CAB,
    (void*)0x5CBB5CB6,
    (void*)0x5CBC5CB7,
    (void*)0x5CC55CBE,
    (void*)0x5CC75CD9,
    (void*)0x5CE95CFD,
    (void*)0x5CFA5CED,
    (void*)0x5D8C5CEA,
    (void*)0x5D0B5D15,
    (void*)0x5D175D5C,
    (void*)0x5D1F5D1B,
    (void*)0x5D115D14,
    (void*)0x5D225D1A,
    (void*)0x5D195D18,
    (void*)0x5D4C5D52,
    (void*)0x5D4E5D4B,
    (void*)0x5D6C5D73,
    (void*)0x5D765D87,
    (void*)0x5D845D82,
    (void*)0x5DA25D9D,
    (void*)0x5DAC5DAE,
    (void*)0x5DBD5D90,
    (void*)0x5DB75DBC,
    (void*)0x5DC95DCD,
    (void*)0x5DD35DD2,
    (void*)0x5DD65DDB,
    (void*)0x5DEB5DF2,
    (void*)0x5DF55E0B,
    (void*)0x5E1A5E19,
    (void*)0x5E115E1B,
    (void*)0x5E365E37,
    (void*)0x5E445E43,
    (void*)0x5E405E4E,
    (void*)0x5E575E54,
    (void*)0x5E5F5E62,
    (void*)0x5E645E47,
    (void*)0x5E755E76,
    (void*)0x5E7A9EBC,
    (void*)0x5E7F5EA0,
    (void*)0x5ED65EE3,
    (void*)0x5EDD5EDA,
    (void*)0x5EDB5EE2,
    (void*)0x5EE15EE8,
    (void*)0x5EE95EEC,
    (void*)0x5EF15EF3,
    (void*)0x5EF05EF4,
    (void*)0x5EF85EFE,
    (void*)0x5F035F09,
    (void*)0x5F5D5F5C,
    (void*)0x5F0B5F11,
    (void*)0x5F165F29,
    (void*)0x5F2D5F38,
    (void*)0x5F415F48,
    (void*)0x5F4C5F4E,
    (void*)0x5F2F5F51,
    (void*)0x5F565F57,
    (void*)0x5F595F61,
    (void*)0x5F6D5F73,
    (void*)0x5F775F83,
    (void*)0x5F825F7F,
    (void*)0x5F8A5F88,
    (void*)0x5F915F87,
    (void*)0x5F9E5F99,
    (void*)0x5F985FA0,
    (void*)0x5FA85FAD,
    (void*)0x5FBC5FD6,
    (void*)0x5FFB5FE4,
    (void*)0x5FF85FF1,
    (void*)0x5FDD60B3,
    (void*)0x5FFF6021,
    (void*)0x606030FB,
    (void*)0x60196010,
    (void*)0x6029600E,
    (void*)0x6031601B,
    (void*)0x6015602B,
    (void*)0x6026600F,
    (void*)0x603A605A,
    (void*)0x6041606A,
    (void*)0x6077605F,
    (void*)0x604A6046,
    (void*)0x604D6063,
    (void*)0x60436064,
    (void*)0x6042606C,
    (void*)0x606B6059,
    (void*)0x6081608D,
    (void*)0x60E76083,
    (void*)0x609A6084,
    (void*)0x609B6096,
    (void*)0x60976092,
    (void*)0x60A7608B,
    (void*)0x60E160B8,
    (void*)0x60E060D3,
    (void*)0x60B45FF0,
    (void*)0x60BD60C6,
    (void*)0x60B560D8,
    (void*)0x614D6115,
    (void*)0x610660F6,
    (void*)0x60F76100,
    (void*)0x60F460FA,
    (void*)0x61036121,
    (void*)0x60FB60F1,
    (void*)0x610D610E,
    (void*)0x6147613E,
    (void*)0x61286127,
    (void*)0x614A613F,
    (void*)0x613C612C,
    (void*)0x6134613D,
    (void*)0x61426144,
    (void*)0x61736177,
    (void*)0x61586159,
    (void*)0x615A616B,
    (void*)0x6174616F,
    (void*)0x61656171,
    (void*)0x615F615D,
    (void*)0x61536175,
    (void*)0x61996196,
    (void*)0x618761AC,
    (void*)0x6194619A,
    (void*)0x618A6191,
    (void*)0x61AB61AE,
    (void*)0x61CC61CA,
    (void*)0x61C961F7,
    (void*)0x61C861C3,
    (void*)0x61C661BA,
    (void*)0x61CB7F79,
    (void*)0x61CD61E6,
    (void*)0x61E361F6,
    (void*)0x61FA61F4,
    (void*)0x61FF61FD,
    (void*)0x61FC61FE,
    (void*)0x62006208,
    (void*)0x621E6221,
    (void*)0x622A622E,
    (void*)0x62306232,
    (void*)0x62336241,
    (void*)0x624E625E,
    (void*)0x6263625B,
    (void*)0x62606268,
    (void*)0x627C6282,
    (void*)0x6289627E,
    (void*)0x62926293,
    (void*)0x629662D4,
    (void*)0x62836294,
    (void*)0x62D762D1,
    (void*)0x62BB62CF,
    (void*)0x62FF62C6,
    (void*)0x64D462C8,
    (void*)0x62DC62CC,
    (void*)0x62CA62C2,
    (void*)0x62C7629B,
    (void*)0x62C9630C,
    (void*)0x62EE62F1,
    (void*)0x63276302,
    (void*)0x630862EF,
    (void*)0x62F56350,
    (void*)0x633E634D,
    (void*)0x641C634F,
    (void*)0x6396638E,
    (void*)0x638063AB,
    (void*)0x637663A3,
    (void*)0x638F6389,
    (void*)0x639F63B5,
    (void*)0x636B30FB,
    (void*)0x636963BE,
    (void*)0x63E963C0,
    (void*)0x63C663E3,
    (void*)0x63C963D2,
    (void*)0x63F663C4,
    (void*)0x64166434,
    (void*)0x64066413,
    (void*)0x64266436,
    (void*)0x651D6417,
    (void*)0x6428640F,
    (void*)0x6467646F,
    (void*)0x6476644E,
    (void*)0x652A6495,
    (void*)0x649364A5,
    (void*)0x64A96488,
    (void*)0x64BC64DA,
    (void*)0x64D264C5,
    (void*)0x64C764BB,
    (void*)0x64D864C2,
    (void*)0x64F164E7,
    (void*)0x820964E0,
    (void*)0x64E162AC,
    (void*)0x64E364EF,
    (void*)0x652C64F6,
    (void*)0x64F464F2,
    (void*)0x64FA6500,
    (void*)0x64FD6518,
    (void*)0x651C6505,
    (void*)0x65246523,
    (void*)0x652B6534,
    (void*)0x65356537,
    (void*)0x65366538,
    (void*)0x754B6548,
    (void*)0x65566555,
    (void*)0x654D6558,
    (void*)0x655E655D,
    (void*)0x65726578,
    (void*)0x65826583,
    (void*)0x8B8A659B,
    (void*)0x659F65AB,
    (void*)0x65B765C3,
    (void*)0x65C665C1,
    (void*)0x65C465CC,
    (void*)0x65D265DB,
    (void*)0x65D965E0,
    (void*)0x65E165F1,
    (void*)0x6772660A,
    (void*)0x660365FB,
    (void*)0x67736635,
    (void*)0x66366634,
    (void*)0x661C664F,
    (void*)0x66446649,
    (void*)0x6641665E,
    (void*)0x665D6664,
    (void*)0x66676668,
    (void*)0x665F6662,
    (void*)0x66706683,
    (void*)0x6688668E,
    (void*)0x66896684,
    (void*)0x6698669D,
    (void*)0x66C466B8,
    (void*)0x66D666DA,
    (void*)0x66E0663F,
    (void*)0x66E666E9,
    (void*)0x66F066F5,
    (void*)0x66F7670F,
    (void*)0x6716671E,
    (void*)0x67266727,
    (void*)0x9738672E,
    (void*)0x673F6736,
    (void*)0x67416738,
    (void*)0x67376746,
    (void*)0x675E6760,
    (void*)0x67596763,
    (void*)0x67646789,
    (void*)0x677067A9,
    (void*)0x677C676A,
    (void*)0x678C678B,
    (void*)0x67A667A1,
    (void*)0x678567B7,
    (void*)0x67EF67B4,
    (void*)0x67EC67B3,
    (void*)0x67E967B8,
    (void*)0x67E467DE,
    (void*)0x67DD67E2,
    (void*)0x67EE67B9,
    (void*)0x67CE67C6,
    (void*)0x67E76A9C,
    (void*)0x681E6846,
    (void*)0x68296840,
    (void*)0x684D6832,
    (void*)0x684E30FB,
    (void*)0x68B3682B,
    (void*)0x68596863,
    (void*)0x6877687F,
    (void*)0x689F688F,
    (void*)0x68AD6894,
    (void*)0x689D689B,
    (void*)0x68836AAE,
    (void*)0x68B96874,
    (void*)0x68B568A0,
    (void*)0x68BA690F,
    (void*)0x688D687E,
    (void*)0x690168CA,
    (void*)0x690868D8,
    (void*)0x69226926,
    (void*)0x68E1690C,
    (void*)0x68CD68D4,
    (void*)0x68E768D5,
    (void*)0x69366912,
    (void*)0x690468D7,
    (void*)0x68E36925,
    (void*)0x68F968E0,
    (void*)0x68EF6928,
    (void*)0x692A691A,
    (void*)0x69236921,
    (void*)0x68C66979,
    (void*)0x6977695C,
    (void*)0x6978696B,
    (void*)0x6954697E,
    (void*)0x696E6939,
    (void*)0x6974693D,
    (void*)0x69596930,
    (void*)0x6961695E,
    (void*)0x695D6981,
    (void*)0x696A69B2,
    (void*)0x69AE69D0,
    (void*)0x69BF69C1,
    (void*)0x69D369BE,
    (void*)0x69CE5BE8,
    (void*)0x69CA69DD,
    (void*)0x69BB69C3,
    (void*)0x69A76A2E,
    (void*)0x699169A0,
    (void*)0x699C6995,
    (void*)0x69B469DE,
    (void*)0x69E86A02,
    (void*)0x6A1B69FF,
    (void*)0x6B0A69F9,
    (void*)0x69F269E7,
    (void*)0x6A0569B1,
    (void*)0x6A1E69ED,
    (void*)0x6A1469EB,
    (void*)0x6A0A6A12,
    (void*)0x6AC16A23,
    (void*)0x6A136A44,
    (void*)0x6A0C6A72,
    (void*)0x6A366A78,
    (void*)0x6A476A62,
    (void*)0x6A596A66,
    (void*)0x6A486A38,
    (void*)0x6A226A90,
    (void*)0x6A978617,
    (void*)0x6ABB6AC3,
    (void*)0x6AC26AB8,
    (void*)0x6AB36AAC,
    (void*)0x6ADE6AD1,
    (void*)0x6ADF6AAA,
    (void*)0x6ADA6AEA,
    (void*)0x6AFB6B05,
    (void*)0x86166AFA,
    (void*)0x6B126B16,
    (void*)0x9B316B1F,
    (void*)0x6B386B37,
    (void*)0x76DC6B39,
    (void*)0x98EE6B47,
    (void*)0x6B436B49,
    (void*)0x6B506B59,
    (void*)0x6B546B5B,
    (void*)0x6B5F6B61,
    (void*)0x6B786B79,
    (void*)0x6B7F6B80,
    (void*)0x6B846B83,
    (void*)0x6B8D6B98,
    (void*)0x6B956B9E,
    (void*)0x6BA46BAA,
    (void*)0x6BAB6BAF,
    (void*)0x6BB26BB1,
    (void*)0x6BB36BB7,
    (void*)0x6BBC6BC6,
    (void*)0x6BCB6BD3,
    (void*)0x6BDF6BEC,
    (void*)0x6BEB6BF3,
    (void*)0x6BEF30FB,
    (void*)0x9EBE6C08,
    (void*)0x6C136C14,
    (void*)0x6C1B6C24,
    (void*)0x6C236C5E,
    (void*)0x6C556C62,
    (void*)0x6C6A6C82,
    (void*)0x6C8D6C9A,
    (void*)0x6C816C9B,
    (void*)0x6C7E6C68,
    (void*)0x6C736C92,
    (void*)0x6C906CC4,
    (void*)0x6CF16CD3,
    (void*)0x6CBD6CD7,
    (void*)0x6CC56CDD,
    (void*)0x6CAE6CB1,
    (void*)0x6CBE6CBA,
    (void*)0x6CDB6CEF,
    (void*)0x6CD96CEA,
    (void*)0x6D1F884D,
    (void*)0x6D366D2B,
    (void*)0x6D3D6D38,
    (void*)0x6D196D35,
    (void*)0x6D336D12,
    (void*)0x6D0C6D63,
    (void*)0x6D936D64,
    (void*)0x6D5A6D79,
    (void*)0x6D596D8E,
    (void*)0x6D956FE4,
    (void*)0x6D856DF9,
    (void*)0x6E156E0A,
    (void*)0x6DB56DC7,
    (void*)0x6DE66DB8,
    (void*)0x6DC66DEC,
    (void*)0x6DDE6DCC,
    (void*)0x6DE86DD2,
    (void*)0x6DC56DFA,
    (void*)0x6DD96DE4,
    (void*)0x6DD56DEA,
    (void*)0x6DEE6E2D,
    (void*)0x6E6E6E2E,
    (void*)0x6E196E72,
    (void*)0x6E5F6E3E,
    (void*)0x6E236E6B,
    (void*)0x6E2B6E76,
    (void*)0x6E4D6E1F,
    (void*)0x6E436E3A,
    (void*)0x6E4E6E24,
    (void*)0x6EFF6E1D,
    (void*)0x6E386E82,
    (void*)0x6EAA6E98,
    (void*)0x6EC96EB7,
    (void*)0x6ED36EBD,
    (void*)0x6EAF6EC4,
    (void*)0x6EB26ED4,
    (void*)0x6ED56E8F,
    (void*)0x6EA56EC2,
    (void*)0x6E9F6F41,
    (void*)0x6F11704C,
    (void*)0x6EEC6EF8,
    (void*)0x6EFE6F3F,
};

const void* lbl_8026C7F8[2676] = {
    (void*)0x6F3E6F13,
    (void*)0x6EF76F86,
    (void*)0x6F7A6F78,
    (void*)0x6F816F80,
    (void*)0x6F6F6F5B,
    (void*)0x6FF36F6D,
    (void*)0x6F826F7C,
    (void*)0x6F586F8E,
    (void*)0x6F916FC2,
    (void*)0x6F666FB3,
    (void*)0x6FA36FA1,
    (void*)0x6FA46FB9,
    (void*)0x6FC66FAA,
    (void*)0x6FDF6FD5,
    (void*)0x6FEC6FD4,
    (void*)0x6FD86FF1,
    (void*)0x6FEE6FDB,
    (void*)0x7009700B,
    (void*)0x6FFA7011,
    (void*)0x7001700F,
    (void*)0x6FFE701B,
    (void*)0x701A6F74,
    (void*)0x701D7018,
    (void*)0x701F7030,
    (void*)0x703E7032,
    (void*)0x70517063,
    (void*)0x70997092,
    (void*)0x70AF70F1,
    (void*)0x70AC70B8,
    (void*)0x70B370AE,
    (void*)0x70DF70CB,
    (void*)0x70DD30FB,
    (void*)0x70D97109,
    (void*)0x70FD711C,
    (void*)0x71197165,
    (void*)0x71557188,
    (void*)0x71667162,
    (void*)0x714C7156,
    (void*)0x716C718F,
    (void*)0x71FB7184,
    (void*)0x719571A8,
    (void*)0x71AC71D7,
    (void*)0x71B971BE,
    (void*)0x71D271C9,
    (void*)0x71D471CE,
    (void*)0x71E071EC,
    (void*)0x71E771F5,
    (void*)0x71FC71F9,
    (void*)0x71FF720D,
    (void*)0x7210721B,
    (void*)0x7228722D,
    (void*)0x722C7230,
    (void*)0x7232723B,
    (void*)0x723C723F,
    (void*)0x72407246,
    (void*)0x724B7258,
    (void*)0x7274727E,
    (void*)0x72827281,
    (void*)0x72877292,
    (void*)0x729672A2,
    (void*)0x72A772B9,
    (void*)0x72B272C3,
    (void*)0x72C672C4,
    (void*)0x72CE72D2,
    (void*)0x72E272E0,
    (void*)0x72E172F9,
    (void*)0x72F7500F,
    (void*)0x7317730A,
    (void*)0x731C7316,
    (void*)0x731D7334,
    (void*)0x732F7329,
    (void*)0x7325733E,
    (void*)0x734E734F,
    (void*)0x9ED87357,
    (void*)0x736A7368,
    (void*)0x73707378,
    (void*)0x7375737B,
    (void*)0x737A73C8,
    (void*)0x73B373CE,
    (void*)0x73BB73C0,
    (void*)0x73E573EE,
    (void*)0x73DE74A2,
    (void*)0x7405746F,
    (void*)0x742573F8,
    (void*)0x7432743A,
    (void*)0x7455743F,
    (void*)0x745F7459,
    (void*)0x7441745C,
    (void*)0x74697470,
    (void*)0x7463746A,
    (void*)0x7476747E,
    (void*)0x748B749E,
    (void*)0x74E074E3,
    (void*)0x74E774E9,
    (void*)0x74EE74F2,
    (void*)0x74F074F1,
    (void*)0x74F874F7,
    (void*)0x75047503,
    (void*)0x7505750C,
    (void*)0x750E750D,
    (void*)0x75157513,
    (void*)0x751E7526,
    (void*)0x752C753C,
    (void*)0x7544754D,
    (void*)0x754A7549,
    (void*)0x755B7546,
    (void*)0x755A7569,
    (void*)0x75647567,
    (void*)0x756B756D,
    (void*)0x75787576,
    (void*)0x75867587,
    (void*)0x7574758A,
    (void*)0x75897582,
    (void*)0x7594759A,
    (void*)0x759D75A5,
    (void*)0x75A375C2,
    (void*)0x75B375C3,
    (void*)0x75B575BD,
    (void*)0x75B875BC,
    (void*)0x75B175CD,
    (void*)0x75CA75D2,
    (void*)0x75D975E3,
    (void*)0x75DE75FE,
    (void*)0x75FF30FB,
    (void*)0x75FC7601,
    (void*)0x75F075FA,
    (void*)0x75F275F3,
    (void*)0x760B760D,
    (void*)0x7609761F,
    (void*)0x76277620,
    (void*)0x76217622,
    (void*)0x76247634,
    (void*)0x7630763B,
    (void*)0x76477648,
    (void*)0x7646765C,
    (void*)0x76587661,
    (void*)0x76627668,
    (void*)0x7669766A,
    (void*)0x7667766C,
    (void*)0x76707672,
    (void*)0x76767678,
    (void*)0x767C7680,
    (void*)0x76837688,
    (void*)0x768B768E,
    (void*)0x76967693,
    (void*)0x7699769A,
    (void*)0x76B076B4,
    (void*)0x76B876B9,
    (void*)0x76BA76C2,
    (void*)0x76CD76D6,
    (void*)0x76D276DE,
    (void*)0x76E176E5,
    (void*)0x76E776EA,
    (void*)0x862F76FB,
    (void*)0x77087707,
    (void*)0x77047729,
    (void*)0x7724771E,
    (void*)0x77257726,
    (void*)0x771B7737,
    (void*)0x77387747,
    (void*)0x775A7768,
    (void*)0x776B775B,
    (void*)0x7765777F,
    (void*)0x777E7779,
    (void*)0x778E778B,
    (void*)0x779177A0,
    (void*)0x779E77B0,
    (void*)0x77B677B9,
    (void*)0x77BF77BC,
    (void*)0x77BD77BB,
    (void*)0x77C777CD,
    (void*)0x77D777DA,
    (void*)0x77DC77E3,
    (void*)0x77EE77FC,
    (void*)0x780C7812,
    (void*)0x79267820,
    (void*)0x792A7845,
    (void*)0x788E7874,
    (void*)0x7886787C,
    (void*)0x789A788C,
    (void*)0x78A378B5,
    (void*)0x78AA78AF,
    (void*)0x78D178C6,
    (void*)0x78CB78D4,
    (void*)0x78E778DA,
    (void*)0x78FD78F4,
    (void*)0x79077912,
    (void*)0x79117919,
    (void*)0x792C792B,
    (void*)0x79407960,
    (void*)0x7957795F,
    (void*)0x795A7955,
    (void*)0x7953797A,
    (void*)0x797F798A,
    (void*)0x799D79A7,
    (void*)0x9F4B79AA,
    (void*)0x79AE79B3,
    (void*)0x79B979BA,
    (void*)0x79C979D5,
    (void*)0x79E779EC,
    (void*)0x79E179E3,
    (void*)0x7A087A0D,
    (void*)0x7A187A19,
    (void*)0x7A207A1F,
    (void*)0x79807A31,
    (void*)0x7A3B7A3E,
    (void*)0x7A377A43,
    (void*)0x7A577A49,
    (void*)0x7A617A62,
    (void*)0x7A699F9D,
    (void*)0x7A707A79,
    (void*)0x7A7D7A88,
    (void*)0x7A977A95,
    (void*)0x7A987A96,
    (void*)0x7AA97AC8,
    (void*)0x7AB030FB,
    (void*)0x7AB67AC5,
    (void*)0x7AC47ABF,
    (void*)0x90837AC7,
    (void*)0x7ACA7ACD,
    (void*)0x7ACF7AD5,
    (void*)0x7AD37AD9,
    (void*)0x7ADA7ADD,
    (void*)0x7AE17AE2,
    (void*)0x7AE67AED,
    (void*)0x7AF07B02,
    (void*)0x7B0F7B0A,
    (void*)0x7B067B33,
    (void*)0x7B187B19,
    (void*)0x7B1E7B35,
    (void*)0x7B287B36,
    (void*)0x7B507B7A,
    (void*)0x7B047B4D,
    (void*)0x7B0B7B4C,
    (void*)0x7B457B75,
    (void*)0x7B657B74,
    (void*)0x7B677B70,
    (void*)0x7B717B6C,
    (void*)0x7B6E7B9D,
    (void*)0x7B987B9F,
    (void*)0x7B8D7B9C,
    (void*)0x7B9A7B8B,
    (void*)0x7B927B8F,
    (void*)0x7B5D7B99,
    (void*)0x7BCB7BC1,
    (void*)0x7BCC7BCF,
    (void*)0x7BB47BC6,
    (void*)0x7BDD7BE9,
    (void*)0x7C117C14,
    (void*)0x7BE67BE5,
    (void*)0x7C607C00,
    (void*)0x7C077C13,
    (void*)0x7BF37BF7,
    (void*)0x7C177C0D,
    (void*)0x7BF67C23,
    (void*)0x7C277C2A,
    (void*)0x7C1F7C37,
    (void*)0x7C2B7C3D,
    (void*)0x7C4C7C43,
    (void*)0x7C547C4F,
    (void*)0x7C407C50,
    (void*)0x7C587C5F,
    (void*)0x7C647C56,
    (void*)0x7C657C6C,
    (void*)0x7C757C83,
    (void*)0x7C907CA4,
    (void*)0x7CAD7CA2,
    (void*)0x7CAB7CA1,
    (void*)0x7CA87CB3,
    (void*)0x7CB27CB1,
    (void*)0x7CAE7CB9,
    (void*)0x7CBD7CC0,
    (void*)0x7CC57CC2,
    (void*)0x7CD87CD2,
    (void*)0x7CDC7CE2,
    (void*)0x9B3B7CEF,
    (void*)0x7D027D1C,
    (void*)0x7D157D0A,
    (void*)0x7D457D4B,
    (void*)0x7D2E7D32,
    (void*)0x7D3F7D35,
    (void*)0x7D467D73,
    (void*)0x7D567D4E,
    (void*)0x7D727D68,
    (void*)0x7D6E7D4F,
    (void*)0x7D637D93,
    (void*)0x7D897D5B,
    (void*)0x7D8F7D7D,
    (void*)0x7D9B7DBA,
    (void*)0x7DAE7DA3,
    (void*)0x7DB57DC7,
    (void*)0x7DBD7DAB,
    (void*)0x7E3D7DA2,
    (void*)0x7DAF7DDC,
    (void*)0x7DB87D9F,
    (void*)0x7DB07DD8,
    (void*)0x7DDD7DE4,
    (void*)0x7DDE7DFB,
    (void*)0x7DF27DE1,
    (void*)0x7E057E0A,
    (void*)0x7E237E21,
    (void*)0x7E127E31,
    (void*)0x7E1F7E09,
    (void*)0x7E0B7E22,
    (void*)0x7E467E66,
    (void*)0x7E3B7E35,
    (void*)0x7E397E43,
    (void*)0x7E3730FB,
    (void*)0x7E327E3A,
    (void*)0x7E677E5D,
    (void*)0x7E567E5E,
    (void*)0x7E597E5A,
    (void*)0x7E797E6A,
    (void*)0x7E697E7C,
    (void*)0x7E7B7E83,
    (void*)0x7DD57E7D,
    (void*)0x8FAE7E7F,
    (void*)0x7E887E89,
    (void*)0x7E8C7E92,
    (void*)0x7E907E93,
    (void*)0x7E947E96,
    (void*)0x7E8E7E9B,
    (void*)0x7E9C7F38,
    (void*)0x7F3A7F45,
    (void*)0x7F4C7F4D,
    (void*)0x7F4E7F50,
    (void*)0x7F517F55,
    (void*)0x7F547F58,
    (void*)0x7F5F7F60,
    (void*)0x7F687F69,
    (void*)0x7F677F78,
    (void*)0x7F827F86,
    (void*)0x7F837F88,
    (void*)0x7F877F8C,
    (void*)0x7F947F9E,
    (void*)0x7F9D7F9A,
    (void*)0x7FA37FAF,
    (void*)0x7FB27FB9,
    (void*)0x7FAE7FB6,
    (void*)0x7FB88B71,
    (void*)0x7FC57FC6,
    (void*)0x7FCA7FD5,
    (void*)0x7FD47FE1,
    (void*)0x7FE67FE9,
    (void*)0x7FF37FF9,
    (void*)0x98DC8006,
    (void*)0x8004800B,
    (void*)((u8*)fn_8012795C + 0x6BC),
    (void*)((u8*)fn_80197C70 + 0x3AC),
    (void*)((u8*)fn_80218018 + 0x10),
    (void*)lbl_803F803B,
    (void*)0x804A8046,
    (void*)0x80528058,
    (void*)0x805A805F,
    (void*)0x80628068,
    (void*)0x80738072,
    (void*)0x80708076,
    (void*)0x8079807D,
    (void*)0x807F8084,
    (void*)0x80868085,
    (void*)0x809B8093,
    (void*)0x809A80AD,
    (void*)0x519080AC,
    (void*)0x80DB80E5,
    (void*)0x80D980DD,
    (void*)0x80C480DA,
    (void*)0x80D68109,
    (void*)0x80EF80F1,
    (void*)0x968B8146,
    (void*)0x813E8153,
    (void*)0x815180FC,
    (void*)0x8171816E,
    (void*)0x81658166,
    (void*)0x81748183,
    (void*)0x8188818A,
    (void*)0x81808182,
    (void*)0x81A08195,
    (void*)0x81A481A3,
    (void*)0x815F8193,
    (void*)0x81A981B0,
    (void*)0x81B581BE,
    (void*)0x81B881BD,
    (void*)0x81C081C2,
    (void*)0x81BA81C9,
    (void*)0x81CD81D1,
    (void*)0x81D981D8,
    (void*)0x81C881DA,
    (void*)0x81DF81E0,
    (void*)0x81E781FA,
    (void*)0x81FB81FE,
    (void*)0x82018202,
    (void*)0x82058207,
    (void*)0x820A820D,
    (void*)0x82108216,
    (void*)0x8229822B,
    (void*)0x82388233,
    (void*)0x82408259,
    (void*)0x8258825D,
    (void*)0x825A825F,
    (void*)0x826430FB,
    (void*)0x82628268,
    (void*)0x826A826B,
    (void*)0x822E8271,
    (void*)0x82778278,
    (void*)0x827E828D,
    (void*)0x829282AB,
    (void*)0x829F82BB,
    (void*)0x82AC82E1,
    (void*)0x82E382DF,
    (void*)0x82D282F4,
    (void*)0x82F382FA,
    (void*)0x83938303,
    (void*)0x82FB82F9,
    (void*)0x82DE8306,
    (void*)0x82DC8309,
    (void*)0x82D98335,
    (void*)0x83348316,
    (void*)0x83328331,
    (void*)0x83408339,
    (void*)0x83508345,
    (void*)0x832F832B,
    (void*)0x83178318,
    (void*)0x8385839A,
    (void*)0x83AA839F,
    (void*)0x83A28396,
    (void*)0x8323838E,
    (void*)0x8387838A,
    (void*)0x837C83B5,
    (void*)0x83738375,
    (void*)0x83A08389,
    (void*)0x83A883F4,
    (void*)0x841383EB,
    (void*)0x83CE83FD,
    (void*)0x840383D8,
    (void*)0x840B83C1,
    (void*)0x83F78407,
    (void*)0x83E083F2,
    (void*)0x840D8422,
    (void*)0x842083BD,
    (void*)0x84388506,
    (void*)0x83FB846D,
    (void*)0x842A843C,
    (void*)0x855A8484,
    (void*)0x8477846B,
    (void*)0x84AD846E,
    (void*)0x84828469,
    (void*)0x8446842C,
    (void*)0x846F8479,
    (void*)0x843584CA,
    (void*)0x846284B9,
    (void*)0x84BF849F,
    (void*)0x84D984CD,
    (void*)0x84BB84DA,
    (void*)0x84D084C1,
    (void*)0x84C684D6,
    (void*)0x84A18521,
    (void*)0x84FF84F4,
    (void*)0x85178518,
    (void*)0x852C851F,
    (void*)0x85158514,
    (void*)0x85418602,
    (void*)0x854B8555,
    (void*)0x858085A4,
    (void*)0x85888591,
    (void*)0x858A85A8,
    (void*)0x856D8594,
    (void*)0x859B85EA,
    (void*)0x8587859C,
    (void*)0x8577857E,
    (void*)0x859085C9,
    (void*)0x85BA85CF,
    (void*)0x85B985D0,
    (void*)0x85D585DD,
    (void*)0x85E585DC,
    (void*)0x85F9860A,
    (void*)0x8613860B,
    (void*)0x85FE85FA,
    (void*)0x86068622,
    (void*)0x861A8630,
    (void*)0x863F864D,
    (void*)0x4E558654,
    (void*)0x865F8667,
    (void*)0x86718693,
    (void*)0x86A386A9,
    (void*)0x86AA868B,
    (void*)0x868C86B6,
    (void*)0x86AF86C4,
    (void*)0x86C686B0,
    (void*)0x86C98823,
    (void*)0x86AB86D4,
    (void*)0x86DE86E9,
    (void*)0x86EC30FB,
    (void*)0x86DF86DB,
    (void*)0x86EF8712,
    (void*)0x87068708,
    (void*)0x87008703,
    (void*)0x86FB8711,
    (void*)0x8709870D,
    (void*)0x86F9870A,
    (void*)0x8734873F,
    (void*)0x8737873B,
    (void*)0x87258729,
    (void*)0x871A8760,
    (void*)0x875F8778,
    (void*)0x874C874E,
    (void*)0x87748757,
    (void*)0x8768876E,
    (void*)0x87598753,
    (void*)0x8763876A,
    (void*)0x880587A2,
    (void*)0x879F8782,
    (void*)0x87AF87CB,
    (void*)0x87BD87C0,
    (void*)0x87D096D6,
    (void*)0x87AB87C4,
    (void*)0x87B387C7,
    (void*)0x87C687BB,
    (void*)0x87EF87F2,
    (void*)0x87E0880F,
    (void*)0x880D87FE,
    (void*)0x87F687F7,
    (void*)0x880E87D2,
    (void*)0x88118816,
    (void*)0x88158822,
    (void*)0x88218831,
    (void*)0x88368839,
    (void*)0x8827883B,
    (void*)0x88448842,
    (void*)0x88528859,
    (void*)0x885E8862,
    (void*)0x886B8881,
    (void*)0x887E889E,
    (void*)0x8875887D,
    (void*)0x88B58872,
    (void*)0x88828897,
    (void*)0x889288AE,
    (void*)0x889988A2,
    (void*)0x888D88A4,
    (void*)0x88B088BF,
    (void*)0x88B188C3,
    (void*)0x88C488D4,
    (void*)0x88D888D9,
    (void*)0x88DD88F9,
    (void*)0x890288FC,
    (void*)0x88F488E8,
    (void*)0x88F28904,
    (void*)0x890C890A,
    (void*)0x89138943,
    (void*)0x891E8925,
    (void*)0x892A892B,
    (void*)0x89418944,
    (void*)0x893B8936,
    (void*)0x89668964,
    (void*)0x896D896A,
    (void*)0x896F8974,
    (void*)0x8977897E,
    (void*)0x89838988,
    (void*)0x898A8993,
    (void*)0x899889A1,
    (void*)0x89A989A6,
    (void*)0x89AC89AF,
    (void*)0x89B289BA,
    (void*)0x89BD89BF,
    (void*)0x89C089DA,
    (void*)0x89DC89DD,
    (void*)0x89E789F4,
    (void*)0x89F88A03,
    (void*)0x8A168A10,
    (void*)0x8A0C8A1B,
    (void*)0x8A1D8A25,
    (void*)0x8A368A41,
    (void*)0x8A5B8A52,
    (void*)0x8A468A48,
    (void*)0x8A7C8A6D,
    (void*)0x8A6C8A62,
    (void*)0x8A858A82,
    (void*)0x8A848AA8,
    (void*)0x8AA18A91,
    (void*)0x8AA58AA6,
    (void*)0x8A9A8AA3,
    (void*)0x8AC48ACD,
    (void*)0x8AC28ADA,
    (void*)0x8AEB8AF3,
    (void*)0x8AE730FB,
    (void*)0x8AE48AF1,
    (void*)0x8B148AE0,
    (void*)0x8AE28AF7,
    (void*)0x8ADE8ADB,
    (void*)0x8B0C8B07,
    (void*)0x8B1A8AE1,
    (void*)0x8B168B10,
    (void*)0x8B178B20,
    (void*)0x8B3397AB,
    (void*)0x8B268B2B,
    (void*)0x8B3E8B28,
    (void*)0x8B418B4C,
    (void*)0x8B4F8B4E,
    (void*)0x8B498B56,
    (void*)0x8B5B8B5A,
    (void*)0x8B6B8B5F,
    (void*)0x8B6C8B6F,
    (void*)0x8B748B7D,
    (void*)0x8B808B8C,
    (void*)0x8B8E8B92,
    (void*)0x8B938B96,
    (void*)0x8B998B9A,
    (void*)0x8C3A8C41,
    (void*)0x8C3F8C48,
    (void*)0x8C4C8C4E,
    (void*)0x8C508C55,
    (void*)0x8C628C6C,
    (void*)0x8C788C7A,
    (void*)0x8C828C89,
    (void*)0x8C858C8A,
    (void*)0x8C8D8C8E,
    (void*)0x8C948C7C,
    (void*)0x8C98621D,
    (void*)0x8CAD8CAA,
    (void*)0x8CBD8CB2,
    (void*)0x8CB38CAE,
    (void*)0x8CB68CC8,
    (void*)0x8CC18CE4,
    (void*)0x8CE38CDA,
    (void*)0x8CFD8CFA,
    (void*)0x8CFB8D04,
    (void*)0x8D058D0A,
    (void*)0x8D078D0F,
    (void*)0x8D0D8D10,
    (void*)0x9F4E8D13,
    (void*)0x8CCD8D14,
    (void*)0x8D168D67,
    (void*)0x8D6D8D71,
    (void*)0x8D738D81,
    (void*)0x8D998DC2,
    (void*)0x8DBE8DBA,
    (void*)0x8DCF8DDA,
    (void*)0x8DD68DCC,
    (void*)0x8DDB8DCB,
    (void*)0x8DEA8DEB,
    (void*)0x8DDF8DE3,
    (void*)0x8DFC8E08,
    (void*)0x8E098DFF,
    (void*)0x8E1D8E1E,
    (void*)0x8E108E1F,
    (void*)0x8E478E49,
    (void*)0x8E4C8E50,
    (void*)0x8E488E59,
    (void*)0x8E648E60,
    (void*)0x8E2A8E63,
    (void*)0x8E558E76,
    (void*)0x8E728E7C,
    (void*)0x8E818E87,
    (void*)0x8E858E84,
    (void*)0x8E8B8E8A,
    (void*)0x8E938E91,
    (void*)0x8E948E99,
    (void*)0x8EAA8EA1,
    (void*)0x8EAC8EB0,
    (void*)0x8EC68EB1,
    (void*)0x8EBE8EC5,
    (void*)0x8EC88ECB,
    (void*)0x8EDB8EE3,
    (void*)0x8EFC8EFB,
    (void*)0x8EEB8EFE,
    (void*)0x8F0A8F05,
    (void*)0x8F158F12,
    (void*)0x8F198F13,
    (void*)0x8F1C8F1F,
    (void*)0x8F1B8F0C,
    (void*)0x8F268F33,
    (void*)0x8F3B8F39,
    (void*)0x8F458F42,
    (void*)0x8F3E8F4C,
    (void*)0x8F498F46,
    (void*)0x8F4E8F57,
    (void*)0x8F5C30FB,
    (void*)0x8F628F63,
    (void*)0x8F648F9C,
    (void*)0x8F9F8FA3,
    (void*)0x8FAD8FAF,
    (void*)0x8FB78FDA,
    (void*)0x8FE58FE2,
    (void*)0x8FEA8FEF,
    (void*)0x90878FF4,
    (void*)0x90058FF9,
    (void*)0x8FFA9011,
    (void*)0x90159021,
    (void*)0x900D901E,
    (void*)0x9016900B,
    (void*)0x90279036,
    (void*)0x90359039,
    (void*)0x8FF8904F,
    (void*)0x90509051,
    (void*)0x9052900E,
    (void*)0x9049903E,
    (void*)0x90569058,
    (void*)0x905E9068,
    (void*)0x906F9076,
    (void*)0x96A89072,
    (void*)0x9082907D,
    (void*)0x90819080,
    (void*)0x908A9089,
    (void*)0x908F90A8,
    (void*)0x90AF90B1,
    (void*)0x90B590E2,
    (void*)0x90E46248,
    (void*)0x90DB9102,
    (void*)0x91129119,
    (void*)0x91329130,
    (void*)0x914A9156,
    (void*)0x91589163,
    (void*)0x91659169,
    (void*)0x91739172,
    (void*)0x918B9189,
    (void*)0x918291A2,
    (void*)0x91AB91AF,
    (void*)0x91AA91B5,
    (void*)0x91B491BA,
    (void*)0x91C091C1,
    (void*)0x91C991CB,
    (void*)0x91D091D6,
    (void*)0x91DF91E1,
    (void*)0x91DB91FC,
    (void*)0x91F591F6,
    (void*)0x921E91FF,
    (void*)0x9214922C,
    (void*)0x92159211,
    (void*)0x925E9257,
    (void*)0x92459249,
    (void*)0x92649248,
    (void*)0x9295923F,
    (void*)0x924B9250,
    (void*)0x929C9296,
    (void*)0x9293929B,
    (void*)0x925A92CF,
    (void*)0x92B992B7,
    (void*)0x93199322,
    (void*)0x931A9323,
    (void*)0x933A9335,
    (void*)0x933B935C,
    (void*)0x9360937C,
    (void*)0x936E9356,
    (void*)0x93B093AC,
    (void*)0x93AD9394,
    (void*)0x93B993D6,
    (void*)0x93D793E8,
    (void*)0x93E593D8,
    (void*)0x93C393DD,
    (void*)0x93D093C8,
    (void*)0x93E4941A,
    (void*)0x94149413,
    (void*)0x94039407,
    (void*)0x94109436,
    (void*)0x942B9435,
    (void*)0x9421943A,
    (void*)0x94419452,
    (void*)0x9444945B,
    (void*)0x94609462,
    (void*)0x945E946A,
    (void*)0x92299470,
    (void*)0x94759477,
    (void*)0x947D945A,
    (void*)0x947C947E,
    (void*)0x9481947F,
    (void*)0x95829587,
    (void*)0x958A9594,
    (void*)0x95969598,
    (void*)0x959930FB,
    (void*)0x95A095A8,
    (void*)0x95A795AD,
    (void*)0x95BC95BB,
    (void*)0x95B995BE,
    (void*)0x95CA6FF6,
    (void*)0x95C395CD,
    (void*)0x95CC95D5,
    (void*)0x95D495D6,
    (void*)0x95DC95E1,
    (void*)0x95E595E2,
    (void*)0x96219628,
    (void*)0x962E962F,
    (void*)0x9642964C,
    (void*)0x964F964B,
    (void*)0x9677965C,
    (void*)0x965E965D,
    (void*)0x965F9666,
    (void*)0x9672966C,
    (void*)0x968D9698,
    (void*)0x96959697,
    (void*)0x96AA96A7,
    (void*)0x96B196B2,
    (void*)0x96B096B4,
    (void*)0x96B696B8,
    (void*)0x96B996CE,
    (void*)0x96CB96C9,
    (void*)0x96CD894D,
    (void*)0x96DC970D,
    (void*)0x96D596F9,
    (void*)0x97049706,
    (void*)0x97089713,
    (void*)0x970E9711,
    (void*)0x970F9716,
    (void*)0x97199724,
    (void*)0x972A9730,
    (void*)0x9739973D,
    (void*)0x973E9744,
    (void*)0x97469748,
    (void*)0x97429749,
    (void*)0x975C9760,
    (void*)0x97649766,
    (void*)0x976852D2,
    (void*)0x976B9771,
    (void*)0x97799785,
    (void*)0x977C9781,
    (void*)0x977A9786,
    (void*)0x978B978F,
    (void*)0x9790979C,
    (void*)0x97A897A6,
    (void*)0x97A397B3,
    (void*)0x97B497C3,
    (void*)0x97C697C8,
    (void*)0x97CB97DC,
    (void*)0x97ED9F4F,
    (void*)0x97F27ADF,
    (void*)0x97F697F5,
    (void*)0x980F980C,
    (void*)0x98389824,
    (void*)0x98219837,
    (void*)0x983D9846,
    (void*)0x98719874,
    (void*)0x987398AA,
    (void*)0x98AF98B1,
    (void*)0x98B698C4,
    (void*)0x98C398C6,
    (void*)0x98E998EB,
    (void*)0x99039909,
    (void*)0x99129914,
    (void*)0x99189921,
    (void*)0x991D991E,
    (void*)0x99249920,
    (void*)0x992C992E,
    (void*)0x993D993E,
    (void*)0x99429949,
    (void*)0x99459950,
    (void*)0x994B9951,
    (void*)0x9952994C,
    (void*)0x99559997,
    (void*)0x999899A5,
    (void*)0x99AD99AE,
    (void*)0x99BC99DF,
    (void*)0x99DB99DD,
    (void*)0x99D899D1,
    (void*)0x99ED99EE,
    (void*)0x99F199F2,
    (void*)0x99FB99F8,
    (void*)0x9A019A0F,
    (void*)0x9A0599E2,
    (void*)0x9A199A2B,
    (void*)0x9A379A45,
    (void*)0x9A429A40,
    (void*)0x9A4330FB,
    (void*)0x9A3E9A55,
    (void*)0x9A4D9A5B,
    (void*)0x9A579A5F,
    (void*)0x9A629A65,
    (void*)0x9A649A69,
    (void*)0x9A6B9A6A,
    (void*)0x9AAD9AB0,
    (void*)0x9ABC9AC0,
    (void*)0x9ACF9AD1,
    (void*)0x9AD39AD4,
    (void*)0x9ADE9ADF,
    (void*)0x9AE29AE3,
    (void*)0x9AE69AEF,
    (void*)0x9AEB9AEE,
    (void*)0x9AF49AF1,
    (void*)0x9AF79AFB,
    (void*)0x9B069B18,
    (void*)0x9B1A9B1F,
    (void*)0x9B229B23,
    (void*)0x9B259B27,
    (void*)0x9B289B29,
    (void*)0x9B2A9B2E,
    (void*)0x9B2F9B32,
    (void*)0x9B449B43,
    (void*)0x9B4F9B4D,
    (void*)0x9B4E9B51,
    (void*)0x9B589B74,
    (void*)0x9B939B83,
    (void*)0x9B919B96,
    (void*)0x9B979B9F,
    (void*)0x9BA09BA8,
    (void*)0x9BB49BC0,
    (void*)0x9BCA9BB9,
    (void*)0x9BC69BCF,
    (void*)0x9BD19BD2,
    (void*)0x9BE39BE2,
    (void*)0x9BE49BD4,
    (void*)0x9BE19C3A,
    (void*)0x9BF29BF1,
    (void*)0x9BF09C15,
    (void*)0x9C149C09,
    (void*)0x9C139C0C,
    (void*)0x9C069C08,
    (void*)0x9C129C0A,
    (void*)0x9C049C2E,
    (void*)0x9C1B9C25,
    (void*)0x9C249C21,
    (void*)0x9C309C47,
    (void*)0x9C329C46,
    (void*)0x9C3E9C5A,
    (void*)0x9C609C67,
    (void*)0x9C769C78,
    (void*)0x9CE79CEC,
    (void*)0x9CF09D09,
    (void*)0x9D089CEB,
    (void*)0x9D039D06,
    (void*)0x9D2A9D26,
    (void*)0x9DAF9D23,
    (void*)0x9D1F9D44,
    (void*)0x9D159D12,
    (void*)0x9D5D9D5E,
    (void*)0x9D649D51,
    (void*)0x9D509D59,
    (void*)0x9D729D89,
    (void*)0x9D879DAB,
    (void*)0x9D6F9D7A,
    (void*)0x9D9A9DA4,
    (void*)0x9DA99DB2,
    (void*)0x9DC49DC1,
    (void*)0x9DBB9DB8,
    (void*)0x9DBA9DC6,
    (void*)0x9DCF9DC2,
    (void*)0x9DD99DD3,
    (void*)0x9DF89DE6,
    (void*)0x9DED9DEF,
    (void*)0x9DFD9E1A,
    (void*)0x9E1B9E1E,
    (void*)0x9E759E79,
    (void*)0x9E7D9E81,
    (void*)0x9E889E8B,
    (void*)0x9E8C9E92,
    (void*)0x9E959E91,
    (void*)0x9E9D9EA5,
    (void*)0x9EA99EB8,
    (void*)0x9EAA9EAD,
    (void*)0x97619ECC,
    (void*)0x9ECE9ECF,
    (void*)0x9ED09ED4,
    (void*)0x9EDC9EDE,
    (void*)0x9EDD9EE0,
    (void*)0x9EE59EE8,
    (void*)0x9EEF30FB,
    (void*)0x9EF49EF6,
    (void*)0x9EF79EF9,
    (void*)0x9EFB9EFC,
    (void*)0x9EFD9F07,
    (void*)0x9F0876B7,
    (void*)0x9F159F21,
    (void*)0x9F2C9F3E,
    (void*)0x9F4A9F52,
    (void*)0x9F549F63,
    (void*)0x9F5F9F60,
    (void*)0x9F619F66,
    (void*)0x9F679F6C,
    (void*)0x9F6A9F77,
    (void*)0x9F729F76,
    (void*)0x9F959F9C,
    (void*)0x9FA0582F,
    (void*)0x69C79059,
    (void*)0x746451DC,
    (void*)0x719930FB,
    (void*)0x30FB30FB,
    (void*)0x30FB30FB,
    (void*)0x30FB30FB,
    (void*)0x30FB30FB,
    (void*)0x30FB30FB,
    (void*)0x30FB30FB,
    (void*)0x30FB30FB,
    (void*)0x30FB30FB,
    (void*)0x30FB30FB,
    (void*)0x30FB30FB,
    (void*)0x30FB30FB,
    (void*)0x30FB30FB,
    (void*)0x30FB30FB,
    (void*)0x30FB30FB,
    (void*)0x30FB30FB,
    (void*)0x30FB30FB,
    (void*)0x30FB30FB,
    (void*)0x30FB30FB,
    (void*)0x30FB30FB,
    (void*)0x30FB30FB,
    (void*)0x30FB30FB,
    (void*)0x30FB30FB,
    (void*)0x30FB30FB,
    (void*)0x30FB30FB,
    (void*)0x30FB30FB,
    (void*)0x30FB30FB,
    (void*)0x30FB30FB,
    (void*)0x30FB30FB,
    (void*)0x30FB30FB,
    (void*)0x30FB30FB,
    (void*)0x30FB30FB,
    (void*)0x30FB30FB,
    (void*)0x30FB30FB,
    (void*)0x30FB30FB,
    (void*)0x30FB30FB,
    (void*)0x30FB30FB,
    (void*)0x30FB30FB,
    (void*)0x30FB30FB,
    (void*)0x30FB30FB,
    (void*)0x30FB30FB,
    (void*)0x30FB30FB,
    (void*)0x30FB30FB,
    (void*)0x30FB30FB,
    (void*)0x30FB30FB,
    (void*)0x30FB30FB,
    (void*)0x30FB30FB,
    (void*)0x30FB30FB,
    (void*)0x30FB30FB,
    (void*)0x30FB30FB,
    (void*)0x30FB30FB,
    (void*)0x30FB30FB,
    (void*)0x30FB30FB,
    (void*)0x30FB30FB,
    (void*)0x30FB30FB,
    (void*)0x30FB30FB,
    (void*)0x30FB30FB,
    (void*)0x30FB30FB,
    (void*)0x30FB30FB,
    (void*)0x30FB30FB,
    (void*)0x30FB30FB,
    (void*)0x30FB30FB,
    (void*)0x30FB30FB,
    (void*)0x30FB30FB,
    (void*)0x30FB30FB,
    (void*)0x30FB30FB,
    (void*)0x30FB30FB,
    (void*)0x30FB30FB,
    (void*)0x30FB30FB,
    (void*)0x30FB30FB,
    (void*)0x30FB30FB,
    (void*)0x30FB30FB,
    (void*)0x30FB30FB,
    (void*)0x30FB30FB,
    (void*)0x30FB30FB,
    (void*)0x30FB30FB,
    (void*)0x30FB30FB,
    (void*)0x30FB30FB,
    (void*)0x30FB30FB,
    (void*)0x30FB30FB,
    (void*)0x30FB30FB,
    (void*)0x30FB30FB,
    (void*)0x30FB30FB,
    (void*)0x30FB30FB,
    (void*)0x30FB30FB,
    (void*)0x30FB30FB,
    (void*)0x30FB30FB,
    (void*)0x30FB30FB,
    (void*)0x30FB30FB,
    (void*)0x30FB30FB,
    (void*)0x30FB30FB,
    (void*)0x30FB30FB,
    (void*)0x30FB30FB,
    (void*)0x30FB30FB,
    (void*)0x30FB30FB,
    (void*)0x30FB30FB,
    (void*)0x30FB30FB,
    (void*)0x30FB30FB,
    (void*)0x30FB30FB,
    (void*)0x30FB30FB,
    (void*)0x30FB30FB,
    (void*)0x30FB30FB,
    (void*)0x30FB30FB,
    (void*)0x30FB30FB,
    (void*)0x30FB30FB,
    (void*)0x30FB30FB,
    (void*)0x30FB30FB,
    (void*)0x30FB30FB,
    (void*)0x30FB30FB,
    (void*)0x30FB30FB,
    (void*)0x30FB30FB,
    (void*)0x30FB30FB,
    (void*)0x30FB30FB,
    (void*)0x30FB30FB,
    (void*)0x30FB30FB,
    (void*)0x30FB30FB,
    (void*)0x30FB30FB,
    (void*)0x30FB30FB,
    (void*)0x30FB30FB,
    (void*)0x30FB30FB,
    (void*)0x30FB30FB,
    (void*)0x30FB30FB,
    (void*)0x30FB30FB,
    (void*)0x30FB30FB,
    (void*)0x30FB30FB,
    (void*)0x30FB30FB,
    (void*)0x30FB30FB,
    (void*)0x30FB30FB,
    (void*)0x30FB30FB,
    (void*)0x30FB30FB,
    (void*)0x30FB30FB,
    (void*)0x30FB30FB,
    (void*)0x30FB30FB,
    (void*)0x30FB30FB,
    (void*)0x30FB30FB,
    (void*)0x30FB30FB,
    (void*)0x30FB30FB,
    (void*)0x30FB30FB,
    (void*)0x30FB30FB,
    (void*)0x30FB30FB,
    (void*)0x30FB30FB,
    (void*)0x30FB30FB,
    (void*)0x30FB30FB,
    (void*)0x30FB30FB,
    (void*)0x30FB30FB,
    (void*)0x30FB30FB,
    (void*)0x30FB30FB,
    (void*)0x30FB30FB,
    (void*)0x30FB30FB,
    (void*)0x30FB30FB,
    (void*)0x30FB30FB,
    (void*)0x30FB30FB,
    (void*)0x30FB30FB,
    (void*)0x30FB30FB,
    (void*)0x30FB30FB,
    (void*)0x30FB30FB,
    (void*)0x30FB30FB,
    (void*)0x30FB30FB,
    (void*)0x30FB30FB,
    (void*)0x30FB30FB,
    (void*)0x30FB30FB,
    (void*)0x30FB30FB,
    (void*)0x30FB30FB,
    (void*)0x30FB30FB,
    (void*)0x30FB30FB,
    (void*)0x30FB30FB,
    (void*)0x30FB30FB,
    (void*)0x30FB30FB,
    (void*)0x30FB30FB,
    (void*)0x30FB30FB,
    (void*)0x30FB30FB,
    (void*)0x30FB30FB,
    (void*)0x30FB30FB,
    (void*)0x30FB30FB,
    (void*)0x30FB30FB,
    (void*)0x30FB30FB,
    (void*)0x30FB30FB,
    (void*)0x30FB30FB,
    (void*)0x30FB30FB,
    (void*)0x30FB30FB,
    (void*)0x30FB30FB,
    (void*)0x30FB30FB,
    (void*)0x30FB30FB,
    (void*)0x30FB30FB,
    (void*)0x30FB30FB,
    (void*)0x30FB30FB,
    (void*)0x30FB30FB,
    (void*)0x30FB30FB,
    (void*)0x30FB30FB,
    (void*)0x30FB30FB,
    (void*)0x30FB30FB,
    (void*)0x30FB30FB,
    (void*)0x30FB30FB,
    (void*)0x30FB30FB,
    (void*)0x30FB30FB,
    (void*)0x30FB30FB,
    (void*)0x30FB30FB,
    (void*)0x30FB30FB,
    (void*)0x30FB30FB,
    (void*)0x30FB30FB,
    (void*)0x30FB30FB,
    (void*)0x30FB30FB,
    (void*)0x30FB30FB,
    (void*)0x30FB30FB,
    (void*)0x30FB30FB,
    (void*)0x30FB30FB,
    (void*)0x30FB30FB,
    (void*)0x30FB30FB,
    (void*)0x30FB30FB,
    (void*)0x30FB30FB,
    (void*)0x30FB30FB,
    (void*)0x30FB30FB,
    (void*)0x30FB30FB,
    (void*)0x30FB30FB,
    (void*)0x30FB30FB,
    (void*)0x30FB30FB,
    (void*)0x30FB30FB,
    (void*)0x30FB30FB,
    (void*)0x30FB30FB,
    (void*)0x30FB30FB,
    (void*)0x30FB30FB,
    (void*)0x30FB30FB,
    (void*)0x30FB30FB,
    (void*)0x30FB30FB,
    (void*)0x30FB30FB,
    (void*)0x30FB30FB,
    (void*)0x7E8A891C,
    (void*)0x93489288,
    (void*)0x84DC4FC9,
    (void*)0x70BB6631,
    (void*)0x68C892F9,
    (void*)0x66FB5F45,
    (void*)0x4E284EE1,
    (void*)0x4EFC4F00,
    (void*)0x4F034F39,
    (void*)0x4F564F92,
    (void*)0x4F8A4F9A,
    (void*)0x4F944FCD,
    (void*)0x50405022,
    (void*)0x4FFF501E,
    (void*)0x50465070,
    (void*)0x50425094,
    (void*)0x50F450D8,
    (void*)0x514A5164,
    (void*)0x519D51BE,
    (void*)0x51EC5215,
    (void*)0x529C52A6,
    (void*)0x52C052DB,
    (void*)0x53005307,
    (void*)0x53245372,
    (void*)0x539353B2,
    (void*)0x53DDFA0E,
    (void*)0x549C548A,
    (void*)0x54A954FF,
    (void*)0x55865759,
    (void*)0x576557AC,
    (void*)0x57C857C7,
    (void*)0xFA0F30FB,
    (void*)0xFA10589E,
    (void*)0x58B2590B,
    (void*)0x5953595B,
    (void*)0x595D5963,
    (void*)0x59A459BA,
    (void*)0x5B565BC0,
    (void*)0x752F5BD8,
    (void*)0x5BEC5C1E,
    (void*)0x5CA65CBA,
    (void*)0x5CF55D27,
    (void*)0x5D53FA11,
    (void*)0x5D425D6D,
    (void*)0x5DB85DB9,
    (void*)0x5DD05F21,
    (void*)0x5F345F67,
    (void*)0x5FB75FDE,
    (void*)0x605D6085,
    (void*)0x608A60DE,
    (void*)0x60D56120,
    (void*)0x60F26111,
    (void*)0x61376130,
    (void*)0x61986213,
    (void*)0x62A663F5,
    (void*)0x6460649D,
    (void*)0x64CE654E,
    (void*)0x66006615,
    (void*)0x663B6609,
    (void*)0x662E661E,
    (void*)0x66246665,
    (void*)0x66576659,
    (void*)0xFA126673,
    (void*)0x669966A0,
    (void*)0x66B266BF,
    (void*)0x66FA670E,
    (void*)0xF9296766,
    (void*)0x67BB6852,
    (void*)0x67C06801,
    (void*)0x684468CF,
    (void*)0xFA136968,
    (void*)0xFA146998,
    (void*)0x69E26A30,
    (void*)0x6A6B6A46,
    (void*)0x6A736A7E,
    (void*)0x6AE26AE4,
    (void*)0x6BD66C3F,
    (void*)0x6C5C6C86,
    (void*)0x6C6F6CDA,
    (void*)0x6D046D87,
    (void*)0x6D6F6D96,
    (void*)0x6DAC6DCF,
    (void*)0x6DF86DF2,
    (void*)0x6DFC6E39,
    (void*)0x6E5C6E27,
    (void*)0x6E3C6EBF,
    (void*)0x6F886FB5,
    (void*)0x6FF57005,
    (void*)0x70077028,
    (void*)0x708570AB,
    (void*)0x710F7104,
    (void*)0x715C7146,
    (void*)0x72BE7324,
    (void*)0xFA167377,
    (void*)0x73BD73C9,
    (void*)0x73D673E3,
    (void*)0x73D27407,
    (void*)0x73F57426,
    (void*)0x742A7429,
    (void*)0x742E7462,
    (void*)0x7489749F,
    (void*)0x7501756F,
    (void*)0x7682769C,
    (void*)0x769E769B,
    (void*)0x76A6FA17,
    (void*)0x774652AF,
    (void*)0x7821784E,
    (void*)0x7864787A,
    (void*)0x7930FA18,
    (void*)0xFA19FA1A,
    (void*)0x7994FA1B,
    (void*)0x799B7AD1,
    (void*)0x7AE7FA1C,
    (void*)0x7AEB7B9E,
    (void*)0xFA1D7D48,
    (void*)0x7D5C7DB7,
    (void*)0x7DA07DD6,
    (void*)0x7E527F47,
    (void*)0x7FA1FA1E,
    (void*)0x83018362,
    (void*)0x837F83C7,
    (void*)0x83F68448,
    (void*)0x84B48553,
    (void*)0x855930FB,
    (void*)0x856BFA1F,
    (void*)0x85B0FA20,
    (void*)0xFA218807,
    (void*)0x88F58A12,
    (void*)0x8A378A79,
    (void*)0x8AA78ABE,
    (void*)0x8ADFFA22,
    (void*)0x8AF68B53,
    (void*)0x8B7F8CF0,
    (void*)0x8CF48D12,
    (void*)0x8D76FA23,
    (void*)0x8ECFFA24,
    (void*)0xFA259067,
    (void*)0x90DEFA26,
    (void*)0x91159127,
    (void*)0x91DA91D7,
    (void*)0x91DE91ED,
    (void*)0x91EE91E4,
    (void*)0x91E59206,
    (void*)0x9210920A,
    (void*)0x923A9240,
    (void*)0x923C924E,
    (void*)0x92599251,
    (void*)0x92399267,
    (void*)0x92A79277,
    (void*)0x927892E7,
    (void*)0x92D792D9,
    (void*)0x92D0FA27,
    (void*)0x92D592E0,
    (void*)0x92D39325,
    (void*)0x932192FB,
    (void*)0xFA28931E,
    (void*)0x92FF931D,
    (void*)0x93029370,
    (void*)0x935793A4,
    (void*)0x93C693DE,
    (void*)0x93F89431,
    (void*)0x94459448,
    (void*)0x9592F9DC,
    (void*)0xFA29969D,
    (void*)0x96AF9733,
    (void*)0x973B9743,
    (void*)0x974D974F,
    (void*)0x97519755,
    (void*)0x98579865,
    (void*)0xFA2AFA2B,
    (void*)0x9927FA2C,
    (void*)0x999E9A4E,
    (void*)0x9AD99ADC,
    (void*)0x9B759B72,
    (void*)0x9B8F9BB1,
    (void*)0x9BBB9C00,
    (void*)0x9D709D6B,
    (void*)0xFA2D9E19,
    (void*)0x9ED130FB,
    (void*)0x30FB2170,
    (void*)0x21712172,
    (void*)0x21732174,
    (void*)0x21752176,
    (void*)0x21772178,
    (void*)0x30FB30FB,
    (void*)0x30FB30FB,
    (void*)0x30FB30FB,
    (void*)0x30FB30FB,
    (void*)0x30FB30FB,
    (void*)0x30FB30FB,
    (void*)0x30FB30FB,
    (void*)0x30FB30FB,
    (void*)0x30FB30FB,
    (void*)0x30FB30FB,
    (void*)0x30FB30FB,
    (void*)0x30FB30FB,
    (void*)0x30FB30FB,
    (void*)0x30FB30FB,
    (void*)0x30FB30FB,
    (void*)0x30FB30FB,
    (void*)0x30FB30FB,
    (void*)0x30FB30FB,
    (void*)0x30FB30FB,
    (void*)0x30FB30FB,
    (void*)0x30FB30FB,
    (void*)0x30FB30FB,
    (void*)0x30FB30FB,
    (void*)0x30FB30FB,
    (void*)0x30FB30FB,
    (void*)0x30FB30FB,
    (void*)0x30FB30FB,
    (void*)0x30FB30FB,
    (void*)0x30FB30FB,
    (void*)0x30FB30FB,
    (void*)0x30FB30FB,
    (void*)0x30FB30FB,
    (void*)0x30FB30FB,
    (void*)0x30FB30FB,
    (void*)0x30FB30FB,
    (void*)0x30FB30FB,
    (void*)0x30FB30FB,
    (void*)0x30FB30FB,
    (void*)0x30FB30FB,
    (void*)0x30FB30FB,
    (void*)0x30FB30FB,
    (void*)0x30FB30FB,
    (void*)0x30FB30FB,
    (void*)0x30FB30FB,
    (void*)0x30FB30FB,
    (void*)0x30FB30FB,
    (void*)0x30FB30FB,
    (void*)0x30FB30FB,
    (void*)0x30FB30FB,
    (void*)0x30FB30FB,
    (void*)0x30FB30FB,
    (void*)0x30FB30FB,
    (void*)0x30FB30FB,
    (void*)0x30FB30FB,
    (void*)0x30FB30FB,
    (void*)0x30FB30FB,
    (void*)0x30FB30FB,
    (void*)0x30FB30FB,
    (void*)0x30FB30FB,
    (void*)0x30FB30FB,
    (void*)0x30FB30FB,
    (void*)0x30FB30FB,
    (void*)0x30FB30FB,
    (void*)0x30FB30FB,
    (void*)0x30FB30FB,
    (void*)0x30FB30FB,
    (void*)0x30FB30FB,
    (void*)0x30FB30FB,
    (void*)0x30FB30FB,
    (void*)0x30FB30FB,
    (void*)0x30FB30FB,
    (void*)0x30FB30FB,
    (void*)0x30FB30FB,
    (void*)0x30FB30FB,
    (void*)0x30FB30FB,
    (void*)0x30FB30FB,
    (void*)0x30FB30FB,
    (void*)0x30FB30FB,
    (void*)0x30FB30FB,
    (void*)0x30FB30FB,
    (void*)0x30FB30FB,
    (void*)0x30FB30FB,
    (void*)0x30FB30FB,
    (void*)0x30FB30FB,
    (void*)0x30FB30FB,
    (void*)0x30FB30FB,
    (void*)0x30FB30FB,
    (void*)0x30FB30FB,
    (void*)0x30FB30FB,
    (void*)0x30FB30FB,
    (void*)0x30FB30FB,
    (void*)0x30FB30FB,
    (void*)0xE000E001,
    (void*)0xE002E003,
    (void*)0xE004E005,
    (void*)0xE006E007,
    (void*)0xE008E009,
    (void*)0xE00AE00B,
    (void*)0xE00CE00D,
    (void*)0xE00EE00F,
    (void*)0xE010E011,
    (void*)0xE012E013,
    (void*)0xE014E015,
    (void*)0xE016E017,
    (void*)0xE018E019,
    (void*)0xE01AE01B,
    (void*)0xE01CE01D,
    (void*)0xE01EE01F,
    (void*)0xE020E021,
    (void*)0xE022E023,
    (void*)0xE024E025,
    (void*)0xE026E027,
    (void*)0xE028E029,
    (void*)0xE02AE02B,
    (void*)0xE02CE02D,
    (void*)0xE02EE02F,
    (void*)0xE030E031,
    (void*)0xE032E033,
    (void*)0xE034E035,
    (void*)0xE036E037,
    (void*)0xE038E039,
    (void*)0xE03AE03B,
    (void*)0xE03CE03D,
    (void*)0xE03E30FB,
    (void*)0xE03FE040,
    (void*)0xE041E042,
    (void*)0xE043E044,
    (void*)0xE045E046,
    (void*)0xE047E048,
    (void*)0xE049E04A,
    (void*)0xE04BE04C,
    (void*)0xE04DE04E,
    (void*)0xE04FE050,
    (void*)0xE051E052,
    (void*)0xE053E054,
    (void*)0xE055E056,
    (void*)0xE057E058,
    (void*)0xE059E05A,
    (void*)0xE05BE05C,
    (void*)0xE05DE05E,
    (void*)0xE05FE060,
    (void*)0xE061E062,
    (void*)0xE063E064,
    (void*)0xE065E066,
    (void*)0xE067E068,
    (void*)0xE069E06A,
    (void*)0xE06BE06C,
    (void*)0xE06DE06E,
    (void*)0xE06FE070,
    (void*)0xE071E072,
    (void*)0xE073E074,
    (void*)0xE075E076,
    (void*)0xE077E078,
    (void*)0xE079E07A,
    (void*)0xE07BE07C,
    (void*)0xE07DE07E,
    (void*)0xE07FE080,
    (void*)0xE081E082,
    (void*)0xE083E084,
    (void*)0xE085E086,
    (void*)0xE087E088,
    (void*)0xE089E08A,
    (void*)0xE08BE08C,
    (void*)0xE08DE08E,
    (void*)0xE08FE090,
    (void*)0xE091E092,
    (void*)0xE093E094,
    (void*)0xE095E096,
    (void*)0xE097E098,
    (void*)0xE099E09A,
    (void*)0xE09BE09C,
    (void*)0xE09DE09E,
    (void*)0xE09FE0A0,
    (void*)0xE0A1E0A2,
    (void*)0xE0A3E0A4,
    (void*)0xE0A5E0A6,
    (void*)0xE0A7E0A8,
    (void*)0xE0A9E0AA,
    (void*)0xE0ABE0AC,
    (void*)0xE0ADE0AE,
    (void*)0xE0AFE0B0,
    (void*)0xE0B1E0B2,
    (void*)0xE0B3E0B4,
    (void*)0xE0B5E0B6,
    (void*)0xE0BCE0BD,
    (void*)0xE0BEE0BF,
    (void*)0xE0C0E0C1,
    (void*)0xE0C2E0C3,
    (void*)0xE0C4E0C5,
    (void*)0xE0C6E0C7,
    (void*)0xE0C8E0C9,
    (void*)0xE0CAE0CB,
    (void*)0xE0CCE0CD,
    (void*)0xE0CEE0CF,
    (void*)0xE0D0E0D1,
    (void*)0xE0D2E0D3,
    (void*)0xE0D4E0D5,
    (void*)0xE0D6E0D7,
    (void*)0xE0D8E0D9,
    (void*)0xE0DAE0DB,
    (void*)0xE0DCE0DD,
    (void*)0xE0DEE0DF,
    (void*)0xE0E0E0E1,
    (void*)0xE0E2E0E3,
    (void*)0xE0E4E0E5,
    (void*)0xE0E6E0E7,
    (void*)0xE0E8E0E9,
    (void*)0xE0EAE0EB,
    (void*)0xE0ECE0ED,
    (void*)0xE0EEE0EF,
    (void*)0xE0F0E0F1,
    (void*)0xE0F2E0F3,
    (void*)0xE0F4E0F5,
    (void*)0xE0F6E0F7,
    (void*)0xE0F8E0F9,
    (void*)0xE0FA30FB,
    (void*)0xE0FBE0FC,
    (void*)0xE0FDE0FE,
    (void*)0xE0FFE100,
    (void*)0xE101E102,
    (void*)0xE103E104,
    (void*)0xE105E106,
    (void*)0xE107E108,
    (void*)0xE109E10A,
    (void*)0xE10BE10C,
    (void*)0xE10DE10E,
    (void*)0xE10FE110,
    (void*)0xE111E112,
    (void*)0xE113E114,
    (void*)0xE115E116,
    (void*)0xE117E118,
    (void*)0xE119E11A,
    (void*)0xE11BE11C,
    (void*)0xE11DE11E,
    (void*)0xE11FE120,
    (void*)0xE121E122,
    (void*)0xE123E124,
    (void*)0xE125E126,
    (void*)0xE127E128,
    (void*)0xE129E12A,
    (void*)0xE12BE12C,
    (void*)0xE12DE12E,
    (void*)0xE12FE130,
    (void*)0xE131E132,
    (void*)0xE133E134,
    (void*)0xE135E136,
    (void*)0xE137E138,
    (void*)0xE139E13A,
    (void*)0xE13BE13C,
    (void*)0xE13DE13E,
    (void*)0xE13FE140,
    (void*)0xE141E142,
    (void*)0xE143E144,
    (void*)0xE145E146,
    (void*)0xE147E148,
    (void*)0xE149E14A,
    (void*)0xE14BE14C,
    (void*)0xE14DE14E,
    (void*)0xE14FE150,
    (void*)0xE151E152,
    (void*)0xE153E154,
    (void*)0xE155E156,
    (void*)0xE157E158,
    (void*)0xE159E15A,
    (void*)0xE15BE15C,
    (void*)0xE15DE15E,
    (void*)0xE15FE160,
    (void*)0xE161E162,
    (void*)0xE163E164,
    (void*)0xE165E166,
    (void*)0xE167E168,
    (void*)0xE169E16A,
    (void*)0xE16BE16C,
    (void*)0xE16DE16E,
    (void*)0xE16FE170,
    (void*)0xE171E172,
    (void*)0xE178E179,
    (void*)0xE17AE17B,
    (void*)0xE17CE17D,
    (void*)0xE17EE17F,
    (void*)0xE180E181,
    (void*)0xE182E183,
    (void*)0xE184E185,
    (void*)0xE186E187,
    (void*)0xE188E189,
    (void*)0xE18AE18B,
    (void*)0xE18CE18D,
    (void*)0xE18EE18F,
    (void*)0xE190E191,
    (void*)0xE192E193,
    (void*)0xE194E195,
    (void*)0xE196E197,
    (void*)0xE198E199,
    (void*)0xE19AE19B,
    (void*)0xE19CE19D,
    (void*)0xE19EE19F,
    (void*)0xE1A0E1A1,
    (void*)0xE1A2E1A3,
    (void*)0xE1A4E1A5,
    (void*)0xE1A6E1A7,
    (void*)0xE1A8E1A9,
    (void*)0xE1AAE1AB,
    (void*)0xE1ACE1AD,
    (void*)0xE1AEE1AF,
    (void*)0xE1B0E1B1,
    (void*)0xE1B2E1B3,
    (void*)0xE1B4E1B5,
    (void*)0xE1B630FB,
    (void*)0xE1B7E1B8,
    (void*)0xE1B9E1BA,
    (void*)0xE1BBE1BC,
    (void*)0xE1BDE1BE,
    (void*)0xE1BFE1C0,
    (void*)0xE1C1E1C2,
    (void*)0xE1C3E1C4,
    (void*)0xE1C5E1C6,
    (void*)0xE1C7E1C8,
    (void*)0xE1C9E1CA,
    (void*)0xE1CBE1CC,
    (void*)0xE1CDE1CE,
    (void*)0xE1CFE1D0,
    (void*)0xE1D1E1D2,
    (void*)0xE1D3E1D4,
    (void*)0xE1D5E1D6,
    (void*)0xE1D7E1D8,
    (void*)0xE1D9E1DA,
    (void*)0xE1DBE1DC,
    (void*)0xE1DDE1DE,
    (void*)0xE1DFE1E0,
    (void*)0xE1E1E1E2,
    (void*)0xE1E3E1E4,
    (void*)0xE1E5E1E6,
    (void*)0xE1E7E1E8,
    (void*)0xE1E9E1EA,
    (void*)0xE1EBE1EC,
    (void*)0xE1EDE1EE,
    (void*)0xE1EFE1F0,
    (void*)0xE1F1E1F2,
    (void*)0xE1F3E1F4,
    (void*)0xE1F5E1F6,
    (void*)0xE1F7E1F8,
    (void*)0xE1F9E1FA,
    (void*)0xE1FBE1FC,
    (void*)0xE1FDE1FE,
    (void*)0xE1FFE200,
    (void*)0xE201E202,
    (void*)0xE203E204,
    (void*)0xE205E206,
    (void*)0xE207E208,
    (void*)0xE209E20A,
    (void*)0xE20BE20C,
    (void*)0xE20DE20E,
    (void*)0xE20FE210,
    (void*)0xE211E212,
    (void*)0xE213E214,
    (void*)0xE215E216,
    (void*)0xE217E218,
    (void*)0xE219E21A,
    (void*)0xE21BE21C,
    (void*)0xE21DE21E,
    (void*)0xE21FE220,
    (void*)0xE221E222,
    (void*)0xE223E224,
    (void*)0xE225E226,
    (void*)0xE227E228,
    (void*)0xE229E22A,
    (void*)0xE22BE22C,
    (void*)0xE22DE22E,
    (void*)0xE234E235,
    (void*)0xE236E237,
    (void*)0xE238E239,
    (void*)0xE23AE23B,
    (void*)0xE23CE23D,
    (void*)0xE23EE23F,
    (void*)0xE240E241,
    (void*)0xE242E243,
    (void*)0xE244E245,
    (void*)0xE246E247,
    (void*)0xE248E249,
    (void*)0xE24AE24B,
    (void*)0xE24CE24D,
    (void*)0xE24EE24F,
    (void*)0xE250E251,
    (void*)0xE252E253,
    (void*)0xE254E255,
    (void*)0xE256E257,
    (void*)0xE258E259,
    (void*)0xE25AE25B,
    (void*)0xE25CE25D,
    (void*)0xE25EE25F,
    (void*)0xE260E261,
    (void*)0xE262E263,
    (void*)0xE264E265,
    (void*)0xE266E267,
    (void*)0xE268E269,
    (void*)0xE26AE26B,
    (void*)0xE26CE26D,
    (void*)0xE26EE26F,
    (void*)0xE270E271,
    (void*)0xE27230FB,
    (void*)0xE273E274,
    (void*)0xE275E276,
    (void*)0xE277E278,
    (void*)0xE279E27A,
    (void*)0xE27BE27C,
    (void*)0xE27DE27E,
    (void*)0xE27FE280,
    (void*)0xE281E282,
    (void*)0xE283E284,
    (void*)0xE285E286,
    (void*)0xE287E288,
    (void*)0xE289E28A,
    (void*)0xE28BE28C,
    (void*)0xE28DE28E,
    (void*)0xE28FE290,
    (void*)0xE291E292,
    (void*)0xE293E294,
    (void*)0xE295E296,
    (void*)0xE297E298,
    (void*)0xE299E29A,
    (void*)0xE29BE29C,
    (void*)0xE29DE29E,
    (void*)0xE29FE2A0,
    (void*)0xE2A1E2A2,
    (void*)0xE2A3E2A4,
    (void*)0xE2A5E2A6,
    (void*)0xE2A7E2A8,
    (void*)0xE2A9E2AA,
    (void*)0xE2ABE2AC,
    (void*)0xE2ADE2AE,
    (void*)0xE2AFE2B0,
    (void*)0xE2B1E2B2,
    (void*)0xE2B3E2B4,
    (void*)0xE2B5E2B6,
    (void*)0xE2B7E2B8,
    (void*)0xE2B9E2BA,
    (void*)0xE2BBE2BC,
    (void*)0xE2BDE2BE,
    (void*)0xE2BFE2C0,
    (void*)0xE2C1E2C2,
    (void*)0xE2C3E2C4,
    (void*)0xE2C5E2C6,
    (void*)0xE2C7E2C8,
    (void*)0xE2C9E2CA,
    (void*)0xE2CBE2CC,
    (void*)0xE2CDE2CE,
    (void*)0xE2CFE2D0,
    (void*)0xE2D1E2D2,
    (void*)0xE2D3E2D4,
    (void*)0xE2D5E2D6,
    (void*)0xE2D7E2D8,
    (void*)0xE2D9E2DA,
    (void*)0xE2DBE2DC,
    (void*)0xE2DDE2DE,
    (void*)0xE2DFE2E0,
    (void*)0xE2E1E2E2,
    (void*)0xE2E3E2E4,
    (void*)0xE2E5E2E6,
    (void*)0xE2E7E2E8,
    (void*)0xE2E9E2EA,
    (void*)0xE2F0E2F1,
    (void*)0xE2F2E2F3,
    (void*)0xE2F4E2F5,
    (void*)0xE2F6E2F7,
    (void*)0xE2F8E2F9,
    (void*)0xE2FAE2FB,
    (void*)0xE2FCE2FD,
    (void*)0xE2FEE2FF,
    (void*)0xE300E301,
    (void*)0xE302E303,
    (void*)0xE304E305,
    (void*)0xE306E307,
    (void*)0xE308E309,
    (void*)0xE30AE30B,
    (void*)0xE30CE30D,
    (void*)0xE30EE30F,
    (void*)0xE310E311,
    (void*)0xE312E313,
    (void*)0xE314E315,
    (void*)0xE316E317,
    (void*)0xE318E319,
    (void*)0xE31AE31B,
    (void*)0xE31CE31D,
    (void*)0xE31EE31F,
    (void*)0xE320E321,
    (void*)0xE322E323,
    (void*)0xE324E325,
    (void*)0xE326E327,
    (void*)0xE328E329,
    (void*)0xE32AE32B,
    (void*)0xE32CE32D,
    (void*)0xE32E30FB,
    (void*)0xE32FE330,
    (void*)0xE331E332,
    (void*)0xE333E334,
    (void*)0xE335E336,
    (void*)0xE337E338,
    (void*)0xE339E33A,
    (void*)0xE33BE33C,
    (void*)0xE33DE33E,
    (void*)0xE33FE340,
    (void*)0xE341E342,
    (void*)0xE343E344,
    (void*)0xE345E346,
    (void*)0xE347E348,
    (void*)0xE349E34A,
    (void*)0xE34BE34C,
    (void*)0xE34DE34E,
    (void*)0xE34FE350,
    (void*)0xE351E352,
    (void*)0xE353E354,
    (void*)0xE355E356,
    (void*)0xE357E358,
    (void*)0xE359E35A,
    (void*)0xE35BE35C,
    (void*)0xE35DE35E,
    (void*)0xE35FE360,
    (void*)0xE361E362,
    (void*)0xE363E364,
    (void*)0xE365E366,
    (void*)0xE367E368,
    (void*)0xE369E36A,
    (void*)0xE36BE36C,
    (void*)0xE36DE36E,
    (void*)0xE36FE370,
    (void*)0xE371E372,
    (void*)0xE373E374,
    (void*)0xE375E376,
    (void*)0xE377E378,
    (void*)0xE379E37A,
    (void*)0xE37BE37C,
    (void*)0xE37DE37E,
    (void*)0xE37FE380,
    (void*)0xE381E382,
    (void*)0xE383E384,
    (void*)0xE385E386,
    (void*)0xE387E388,
    (void*)0xE389E38A,
    (void*)0xE38BE38C,
    (void*)0xE38DE38E,
    (void*)0xE38FE390,
    (void*)0xE391E392,
    (void*)0xE393E394,
    (void*)0xE395E396,
    (void*)0xE397E398,
    (void*)0xE399E39A,
    (void*)0xE39BE39C,
    (void*)0xE39DE39E,
    (void*)0xE39FE3A0,
    (void*)0xE3A1E3A2,
    (void*)0xE3A3E3A4,
    (void*)0xE3A5E3A6,
    (void*)0xE3ACE3AD,
    (void*)0xE3AEE3AF,
    (void*)0xE3B0E3B1,
    (void*)0xE3B2E3B3,
    (void*)0xE3B4E3B5,
    (void*)0xE3B6E3B7,
    (void*)0xE3B8E3B9,
    (void*)0xE3BAE3BB,
    (void*)0xE3BCE3BD,
    (void*)0xE3BEE3BF,
    (void*)0xE3C0E3C1,
    (void*)0xE3C2E3C3,
    (void*)0xE3C4E3C5,
    (void*)0xE3C6E3C7,
    (void*)0xE3C8E3C9,
    (void*)0xE3CAE3CB,
    (void*)0xE3CCE3CD,
    (void*)0xE3CEE3CF,
    (void*)0xE3D0E3D1,
    (void*)0xE3D2E3D3,
    (void*)0xE3D4E3D5,
    (void*)0xE3D6E3D7,
    (void*)0xE3D8E3D9,
    (void*)0xE3DAE3DB,
    (void*)0xE3DCE3DD,
    (void*)0xE3DEE3DF,
    (void*)0xE3E0E3E1,
    (void*)0xE3E2E3E3,
    (void*)0xE3E4E3E5,
    (void*)0xE3E6E3E7,
    (void*)0xE3E8E3E9,
    (void*)0xE3EA30FB,
    (void*)0xE3EBE3EC,
    (void*)0xE3EDE3EE,
    (void*)0xE3EFE3F0,
    (void*)0xE3F1E3F2,
    (void*)0xE3F3E3F4,
    (void*)0xE3F5E3F6,
    (void*)0xE3F7E3F8,
    (void*)0xE3F9E3FA,
    (void*)0xE3FBE3FC,
    (void*)0xE3FDE3FE,
    (void*)0xE3FFE400,
    (void*)0xE401E402,
    (void*)0xE403E404,
    (void*)0xE405E406,
    (void*)0xE407E408,
    (void*)0xE409E40A,
    (void*)0xE40BE40C,
    (void*)0xE40DE40E,
    (void*)0xE40FE410,
    (void*)0xE411E412,
    (void*)0xE413E414,
    (void*)0xE415E416,
    (void*)0xE417E418,
    (void*)0xE419E41A,
    (void*)0xE41BE41C,
    (void*)0xE41DE41E,
    (void*)0xE41FE420,
    (void*)0xE421E422,
    (void*)0xE423E424,
    (void*)0xE425E426,
    (void*)0xE427E428,
    (void*)0xE429E42A,
    (void*)0xE42BE42C,
    (void*)0xE42DE42E,
    (void*)0xE42FE430,
    (void*)0xE431E432,
    (void*)0xE433E434,
    (void*)0xE435E436,
    (void*)0xE437E438,
    (void*)0xE439E43A,
    (void*)0xE43BE43C,
    (void*)0xE43DE43E,
    (void*)0xE43FE440,
    (void*)0xE441E442,
    (void*)0xE443E444,
    (void*)0xE445E446,
    (void*)0xE447E448,
    (void*)0xE449E44A,
    (void*)0xE44BE44C,
    (void*)0xE44DE44E,
    (void*)0xE44FE450,
    (void*)0xE451E452,
    (void*)0xE453E454,
    (void*)0xE455E456,
    (void*)0xE457E458,
    (void*)0xE459E45A,
    (void*)0xE45BE45C,
    (void*)0xE45DE45E,
    (void*)0xE45FE460,
    (void*)0xE461E462,
    (void*)0xE468E469,
    (void*)0xE46AE46B,
    (void*)0xE46CE46D,
    (void*)0xE46EE46F,
    (void*)0xE470E471,
    (void*)0xE472E473,
    (void*)0xE474E475,
    (void*)0xE476E477,
    (void*)0xE478E479,
    (void*)0xE47AE47B,
    (void*)0xE47CE47D,
    (void*)0xE47EE47F,
    (void*)0xE480E481,
    (void*)0xE482E483,
    (void*)0xE484E485,
    (void*)0xE486E487,
    (void*)0xE488E489,
    (void*)0xE48AE48B,
    (void*)0xE48CE48D,
    (void*)0xE48EE48F,
    (void*)0xE490E491,
    (void*)0xE492E493,
    (void*)0xE494E495,
    (void*)0xE496E497,
    (void*)0xE498E499,
    (void*)0xE49AE49B,
    (void*)0xE49CE49D,
    (void*)0xE49EE49F,
    (void*)0xE4A0E4A1,
    (void*)0xE4A2E4A3,
    (void*)0xE4A4E4A5,
    (void*)0xE4A630FB,
    (void*)0xE4A7E4A8,
    (void*)0xE4A9E4AA,
    (void*)0xE4ABE4AC,
    (void*)0xE4ADE4AE,
    (void*)0xE4AFE4B0,
    (void*)0xE4B1E4B2,
    (void*)0xE4B3E4B4,
    (void*)0xE4B5E4B6,
    (void*)0xE4B7E4B8,
    (void*)0xE4B9E4BA,
    (void*)0xE4BBE4BC,
    (void*)0xE4BDE4BE,
    (void*)0xE4BFE4C0,
    (void*)0xE4C1E4C2,
    (void*)0xE4C3E4C4,
    (void*)0xE4C5E4C6,
    (void*)0xE4C7E4C8,
    (void*)0xE4C9E4CA,
    (void*)0xE4CBE4CC,
    (void*)0xE4CDE4CE,
    (void*)0xE4CFE4D0,
    (void*)0xE4D1E4D2,
    (void*)0xE4D3E4D4,
    (void*)0xE4D5E4D6,
    (void*)0xE4D7E4D8,
    (void*)0xE4D9E4DA,
    (void*)0xE4DBE4DC,
    (void*)0xE4DDE4DE,
    (void*)0xE4DFE4E0,
    (void*)0xE4E1E4E2,
    (void*)0xE4E3E4E4,
    (void*)0xE4E5E4E6,
    (void*)0xE4E7E4E8,
    (void*)0xE4E9E4EA,
    (void*)0xE4EBE4EC,
    (void*)0xE4EDE4EE,
    (void*)0xE4EFE4F0,
    (void*)0xE4F1E4F2,
    (void*)0xE4F3E4F4,
    (void*)0xE4F5E4F6,
    (void*)0xE4F7E4F8,
    (void*)0xE4F9E4FA,
    (void*)0xE4FBE4FC,
    (void*)0xE4FDE4FE,
    (void*)0xE4FFE500,
    (void*)0xE501E502,
    (void*)0xE503E504,
    (void*)0xE505E506,
    (void*)0xE507E508,
    (void*)0xE509E50A,
    (void*)0xE50BE50C,
    (void*)0xE50DE50E,
    (void*)0xE50FE510,
    (void*)0xE511E512,
    (void*)0xE513E514,
    (void*)0xE515E516,
    (void*)0xE517E518,
    (void*)0xE519E51A,
    (void*)0xE51BE51C,
    (void*)0xE51DE51E,
    (void*)0xE524E525,
    (void*)0xE526E527,
    (void*)0xE528E529,
    (void*)0xE52AE52B,
    (void*)0xE52CE52D,
    (void*)0xE52EE52F,
    (void*)0xE530E531,
    (void*)0xE532E533,
    (void*)0xE534E535,
    (void*)0xE536E537,
    (void*)0xE538E539,
    (void*)0xE53AE53B,
    (void*)0xE53CE53D,
    (void*)0xE53EE53F,
    (void*)0xE540E541,
    (void*)0xE542E543,
    (void*)0xE544E545,
    (void*)0xE546E547,
    (void*)0xE548E549,
    (void*)0xE54AE54B,
    (void*)0xE54CE54D,
    (void*)0xE54EE54F,
    (void*)0xE550E551,
    (void*)0xE552E553,
    (void*)0xE554E555,
    (void*)0xE556E557,
    (void*)0xE558E559,
    (void*)0xE55AE55B,
    (void*)0xE55CE55D,
    (void*)0xE55EE55F,
    (void*)0xE560E561,
    (void*)0xE56230FB,
    (void*)0xE563E564,
    (void*)0xE565E566,
    (void*)0xE567E568,
    (void*)0xE569E56A,
    (void*)0xE56BE56C,
    (void*)0xE56DE56E,
    (void*)0xE56FE570,
    (void*)0xE571E572,
    (void*)0xE573E574,
    (void*)0xE575E576,
    (void*)0xE577E578,
    (void*)0xE579E57A,
    (void*)0xE57BE57C,
    (void*)0xE57DE57E,
    (void*)0xE57FE580,
    (void*)0xE581E582,
    (void*)0xE583E584,
    (void*)0xE585E586,
    (void*)0xE587E588,
    (void*)0xE589E58A,
    (void*)0xE58BE58C,
    (void*)0xE58DE58E,
    (void*)0xE58FE590,
    (void*)0xE591E592,
    (void*)0xE593E594,
    (void*)0xE595E596,
    (void*)0xE597E598,
    (void*)0xE599E59A,
    (void*)0xE59BE59C,
    (void*)0xE59DE59E,
    (void*)0xE59FE5A0,
    (void*)0xE5A1E5A2,
    (void*)0xE5A3E5A4,
    (void*)0xE5A5E5A6,
    (void*)0xE5A7E5A8,
    (void*)0xE5A9E5AA,
    (void*)0xE5ABE5AC,
    (void*)0xE5ADE5AE,
    (void*)0xE5AFE5B0,
    (void*)0xE5B1E5B2,
    (void*)0xE5B3E5B4,
    (void*)0xE5B5E5B6,
    (void*)0xE5B7E5B8,
    (void*)0xE5B9E5BA,
    (void*)0xE5BBE5BC,
    (void*)0xE5BDE5BE,
    (void*)0xE5BFE5C0,
    (void*)0xE5C1E5C2,
    (void*)0xE5C3E5C4,
    (void*)0xE5C5E5C6,
    (void*)0xE5C7E5C8,
    (void*)0xE5C9E5CA,
    (void*)0xE5CBE5CC,
    (void*)0xE5CDE5CE,
    (void*)0xE5CFE5D0,
    (void*)0xE5D1E5D2,
    (void*)0xE5D3E5D4,
    (void*)0xE5D5E5D6,
    (void*)0xE5D7E5D8,
    (void*)0xE5D9E5DA,
    (void*)0xE5E0E5E1,
    (void*)0xE5E2E5E3,
    (void*)0xE5E4E5E5,
    (void*)0xE5E6E5E7,
    (void*)0xE5E8E5E9,
    (void*)0xE5EAE5EB,
    (void*)0xE5ECE5ED,
    (void*)0xE5EEE5EF,
    (void*)0xE5F0E5F1,
    (void*)0xE5F2E5F3,
    (void*)0xE5F4E5F5,
    (void*)0xE5F6E5F7,
    (void*)0xE5F8E5F9,
    (void*)0xE5FAE5FB,
    (void*)0xE5FCE5FD,
    (void*)0xE5FEE5FF,
    (void*)0xE600E601,
    (void*)0xE602E603,
    (void*)0xE604E605,
    (void*)0xE606E607,
    (void*)0xE608E609,
    (void*)0xE60AE60B,
    (void*)0xE60CE60D,
    (void*)0xE60EE60F,
    (void*)0xE610E611,
    (void*)0xE612E613,
    (void*)0xE614E615,
    (void*)0xE616E617,
    (void*)0xE618E619,
    (void*)0xE61AE61B,
    (void*)0xE61CE61D,
    (void*)0xE61E30FB,
    (void*)0xE61FE620,
    (void*)0xE621E622,
    (void*)0xE623E624,
    (void*)0xE625E626,
    (void*)0xE627E628,
    (void*)0xE629E62A,
    (void*)0xE62BE62C,
    (void*)0xE62DE62E,
    (void*)0xE62FE630,
    (void*)0xE631E632,
    (void*)0xE633E634,
    (void*)0xE635E636,
    (void*)0xE637E638,
    (void*)0xE639E63A,
    (void*)0xE63BE63C,
    (void*)0xE63DE63E,
    (void*)0xE63FE640,
    (void*)0xE641E642,
    (void*)0xE643E644,
    (void*)0xE645E646,
    (void*)0xE647E648,
    (void*)0xE649E64A,
    (void*)0xE64BE64C,
    (void*)0xE64DE64E,
    (void*)0xE64FE650,
    (void*)0xE651E652,
    (void*)0xE653E654,
    (void*)0xE655E656,
    (void*)0xE657E658,
    (void*)0xE659E65A,
    (void*)0xE65BE65C,
    (void*)0xE65DE65E,
    (void*)0xE65FE660,
    (void*)0xE661E662,
    (void*)0xE663E664,
    (void*)0xE665E666,
    (void*)0xE667E668,
    (void*)0xE669E66A,
    (void*)0xE66BE66C,
    (void*)0xE66DE66E,
    (void*)0xE66FE670,
    (void*)0xE671E672,
    (void*)0xE673E674,
    (void*)0xE675E676,
    (void*)0xE677E678,
    (void*)0xE679E67A,
    (void*)0xE67BE67C,
    (void*)0xE67DE67E,
    (void*)0xE67FE680,
    (void*)0xE681E682,
    (void*)0xE683E684,
    (void*)0xE685E686,
    (void*)0xE687E688,
    (void*)0xE689E68A,
    (void*)0xE68BE68C,
    (void*)0xE68DE68E,
    (void*)0xE68FE690,
    (void*)0xE691E692,
    (void*)0xE693E694,
    (void*)0xE695E696,
    (void*)0xE69CE69D,
    (void*)0xE69EE69F,
    (void*)0xE6A0E6A1,
    (void*)0xE6A2E6A3,
    (void*)0xE6A4E6A5,
    (void*)0xE6A6E6A7,
    (void*)0xE6A8E6A9,
    (void*)0xE6AAE6AB,
    (void*)0xE6ACE6AD,
    (void*)0xE6AEE6AF,
    (void*)0xE6B0E6B1,
    (void*)0xE6B2E6B3,
    (void*)0xE6B4E6B5,
    (void*)0xE6B6E6B7,
    (void*)0xE6B8E6B9,
    (void*)0xE6BAE6BB,
    (void*)0xE6BCE6BD,
    (void*)0xE6BEE6BF,
    (void*)0xE6C0E6C1,
    (void*)0xE6C2E6C3,
    (void*)0xE6C4E6C5,
    (void*)0xE6C6E6C7,
    (void*)0xE6C8E6C9,
    (void*)0xE6CAE6CB,
    (void*)0xE6CCE6CD,
    (void*)0xE6CEE6CF,
    (void*)0xE6D0E6D1,
    (void*)0xE6D2E6D3,
    (void*)0xE6D4E6D5,
    (void*)0xE6D6E6D7,
    (void*)0xE6D8E6D9,
    (void*)0xE6DA30FB,
    (void*)0xE6DBE6DC,
    (void*)0xE6DDE6DE,
    (void*)0xE6DFE6E0,
    (void*)0xE6E1E6E2,
    (void*)0xE6E3E6E4,
    (void*)0xE6E5E6E6,
    (void*)0xE6E7E6E8,
    (void*)0xE6E9E6EA,
    (void*)0xE6EBE6EC,
    (void*)0xE6EDE6EE,
    (void*)0xE6EFE6F0,
    (void*)0xE6F1E6F2,
    (void*)0xE6F3E6F4,
    (void*)0xE6F5E6F6,
    (void*)0xE6F7E6F8,
    (void*)0xE6F9E6FA,
    (void*)0xE6FBE6FC,
    (void*)0xE6FDE6FE,
    (void*)0xE6FFE700,
    (void*)0xE701E702,
    (void*)0xE703E704,
    (void*)0xE705E706,
    (void*)0xE707E708,
    (void*)0xE709E70A,
    (void*)0xE70BE70C,
    (void*)0xE70DE70E,
    (void*)0xE70FE710,
    (void*)0xE711E712,
    (void*)0xE713E714,
    (void*)0xE715E716,
    (void*)0xE717E718,
    (void*)0xE719E71A,
    (void*)0xE71BE71C,
    (void*)0xE71DE71E,
    (void*)0xE71FE720,
    (void*)0xE721E722,
    (void*)0xE723E724,
    (void*)0xE725E726,
    (void*)0xE727E728,
    (void*)0xE729E72A,
    (void*)0xE72BE72C,
    (void*)0xE72DE72E,
    (void*)0xE72FE730,
    (void*)0xE731E732,
    (void*)0xE733E734,
    (void*)0xE735E736,
    (void*)0xE737E738,
    (void*)0xE739E73A,
    (void*)0xE73BE73C,
    (void*)0xE73DE73E,
    (void*)0xE73FE740,
    (void*)0xE741E742,
    (void*)0xE743E744,
    (void*)0xE745E746,
    (void*)0xE747E748,
    (void*)0xE749E74A,
    (void*)0xE74BE74C,
    (void*)0xE74DE74E,
    (void*)0xE74FE750,
    (void*)0xE751E752,
    (void*)0x21702171,
    (void*)0x21722173,
    (void*)0x21742175,
    (void*)0x21762177,
    (void*)0x21782179,
    (void*)0x21602161,
    (void*)0x21622163,
    (void*)0x21642165,
    (void*)0x21662167,
    (void*)0x21682169,
    (void*)0xFFE2FFE4,
    (void*)0xFF07FF02,
    (void*)0x32312116,
    (void*)0x21212235,
    (void*)0x7E8A891C,
    (void*)0x93489288,
    (void*)0x84DC4FC9,
    (void*)0x70BB6631,
    (void*)0x68C892F9,
    (void*)0x66FB5F45,
    (void*)0x4E284EE1,
    (void*)0x4EFC4F00,
    (void*)0x4F034F39,
    (void*)0x4F564F92,
    (void*)0x4F8A4F9A,
    (void*)0x4F944FCD,
    (void*)0x50405022,
    (void*)0x4FFF501E,
    (void*)0x50465070,
    (void*)0x50425094,
    (void*)0x50F450D8,
    (void*)0x514A30FB,
    (void*)0x5164519D,
    (void*)0x51BE51EC,
    (void*)0x5215529C,
    (void*)0x52A652C0,
    (void*)0x52DB5300,
    (void*)0x53075324,
    (void*)0x53725393,
    (void*)0x53B253DD,
    (void*)0xFA0E549C,
    (void*)0x548A54A9,
    (void*)0x54FF5586,
    (void*)0x57595765,
    (void*)0x57AC57C8,
    (void*)0x57C7FA0F,
    (void*)0xFA10589E,
    (void*)0x58B2590B,
    (void*)0x5953595B,
    (void*)0x595D5963,
    (void*)0x59A459BA,
    (void*)0x5B565BC0,
    (void*)0x752F5BD8,
    (void*)0x5BEC5C1E,
    (void*)0x5CA65CBA,
    (void*)0x5CF55D27,
    (void*)0x5D53FA11,
    (void*)0x5D425D6D,
    (void*)0x5DB85DB9,
    (void*)0x5DD05F21,
    (void*)0x5F345F67,
    (void*)0x5FB75FDE,
    (void*)0x605D6085,
    (void*)0x608A60DE,
    (void*)0x60D56120,
    (void*)0x60F26111,
    (void*)0x61376130,
    (void*)0x61986213,
    (void*)0x62A663F5,
    (void*)0x6460649D,
    (void*)0x64CE654E,
    (void*)0x66006615,
    (void*)0x663B6609,
    (void*)0x662E661E,
    (void*)0x66246665,
    (void*)0x66576659,
    (void*)0xFA126673,
    (void*)0x669966A0,
    (void*)0x66B266BF,
    (void*)0x66FA670E,
    (void*)0xF9296766,
    (void*)0x67BB6852,
    (void*)0x67C06801,
    (void*)0x684468CF,
    (void*)0xFA136968,
    (void*)0xFA146998,
    (void*)0x69E26A30,
    (void*)0x6A6B6A46,
    (void*)0x6A736A7E,
    (void*)0x6AE26AE4,
    (void*)0x6BD66C3F,
    (void*)0x6C5C6C86,
    (void*)0x6D966DAC,
    (void*)0x6DCF6DF8,
    (void*)0x6DF26DFC,
    (void*)0x6E396E5C,
    (void*)0x6E276E3C,
    (void*)0x6EBF6F88,
    (void*)0x6FB56FF5,
    (void*)0x70057007,
    (void*)0x70287085,
    (void*)0x70AB710F,
    (void*)0x7104715C,
    (void*)0x71467147,
    (void*)0xFA1571C1,
    (void*)0x71FE72B1,
    (void*)0x72BE7324,
    (void*)0xFA167377,
    (void*)0x73BD73C9,
    (void*)0x73D673E3,
    (void*)0x73D27407,
    (void*)0x73F57426,
    (void*)0x742A7429,
    (void*)0x742E7462,
    (void*)0x7489749F,
    (void*)0x7501756F,
    (void*)0x7682769C,
    (void*)0x769E769B,
    (void*)0x76A6FA17,
    (void*)0x774652AF,
    (void*)0x7821784E,
    (void*)0x7864787A,
    (void*)0x7930FA18,
    (void*)0xFA1930FB,
    (void*)0xFA1A7994,
    (void*)0xFA1B799B,
    (void*)0x7AD17AE7,
    (void*)0xFA1C7AEB,
    (void*)0x7B9EFA1D,
    (void*)0x7D487D5C,
    (void*)0x7DB77DA0,
    (void*)0x7DD67E52,
    (void*)0x7F477FA1,
    (void*)0xFA1E8301,
    (void*)0x8362837F,
    (void*)0x83C783F6,
    (void*)0x844884B4,
    (void*)0x85538559,
    (void*)0x856BFA1F,
    (void*)0x85B0FA20,
    (void*)0xFA218807,
    (void*)0x88F58A12,
    (void*)0x8A378A79,
    (void*)0x8AA78ABE,
    (void*)0x8ADFFA22,
    (void*)0x8AF68B53,
    (void*)0x8B7F8CF0,
    (void*)0x8CF48D12,
    (void*)0x8D76FA23,
    (void*)0x8ECFFA24,
    (void*)0xFA259067,
    (void*)0x90DEFA26,
    (void*)0x91159127,
    (void*)0x91DA91D7,
    (void*)0x91DE91ED,
    (void*)0x91EE91E4,
    (void*)0x91E59206,
    (void*)0x9210920A,
    (void*)0x923A9240,
    (void*)0x923C924E,
    (void*)0x92599251,
    (void*)0x92399267,
    (void*)0x92A79277,
    (void*)0x927892E7,
    (void*)0x92D792D9,
    (void*)0x92D0FA27,
    (void*)0x92D592E0,
    (void*)0x92D39325,
    (void*)0x932192FB,
    (void*)0xFA28931E,
    (void*)0x92FF931D,
    (void*)0x93029370,
    (void*)0x935793A4,
    (void*)0x93C693DE,
    (void*)0x93F89431,
    (void*)0x94459448,
    (void*)0x9592F9DC,
    (void*)0xFA29969D,
    (void*)0x96AF9733,
    (void*)0x973B9743,
    (void*)0x974D974F,
    (void*)0x97519755,
    (void*)0x98579865,
    (void*)0xFA2AFA2B,
    (void*)0x9ADC9B75,
    (void*)0x9B729B8F,
    (void*)0x9BB19BBB,
    (void*)0x9C009D70,
    (void*)0x9D6BFA2D,
    (void*)0x9E199ED1,
    (void*)0x30FB30FB,
    (void*)0x30FB30FB,
    (void*)0x30FB30FB,
    (void*)0x30FB30FB,
    (void*)0x30FB30FB,
    (void*)0x30FB30FB,
    (void*)0x30FB30FB,
    (void*)0x30FB30FB,
    (void*)0x30FB30FB,
    (void*)0x30FB30FB,
    (void*)0x30FB30FB,
    (void*)0x30FB30FB,
    (void*)0x30FB30FB,
    (void*)0x30FB30FB,
    (void*)0x30FB30FB,
    (void*)0x30FB30FB,
    (void*)0x30FB30FB,
    (void*)0x30FB30FB,
    (void*)0x30FB30FB,
    (void*)0x30FB30FB,
    (void*)0x30FB30FB,
    (void*)0x30FB30FB,
    (void*)0x30FB30FB,
    (void*)0x30FB30FB,
    (void*)0x30FB30FB,
    (void*)0x30FB30FB,
    (void*)0x30FB30FB,
    (void*)0x30FB30FB,
    (void*)0x30FB30FB,
    (void*)0x30FB30FB,
    (void*)0x30FB30FB,
    (void*)0x30FB30FB,
    (void*)0x30FB30FB,
    (void*)0x30FB30FB,
    (void*)0x30FB30FB,
    (void*)0x30FB30FB,
    (void*)0x30FB30FB,
    (void*)0x30FB30FB,
    (void*)0x30FB30FB,
    (void*)0x30FB30FB,
    (void*)0x30FB30FB,
    (void*)0x30FB30FB,
    (void*)0x30FB30FB,
    (void*)0x30FB30FB,
    (void*)0x30FB30FB,
    (void*)0x30FB30FB,
    (void*)0x30FB30FB,
    (void*)0x30FB30FB,
    (void*)0x30FB30FB,
    (void*)0x30FB30FB,
    (void*)0x30FB30FB,
    (void*)0x30FB30FB,
    (void*)0x30FB30FB,
    (void*)0x30FB30FB,
    (void*)0x30FB30FB,
    (void*)0x30FB30FB,
    (void*)0x30FB30FB,
    (void*)0x30FB30FB,
    (void*)0x30FB30FB,
    (void*)0x30FB30FB,
    (void*)0x30FB30FB,
    (void*)0x30FB30FB,
    (void*)0x30FB30FB,
    (void*)0x30FB30FB,
    (void*)0x30FB30FB,
    (void*)0x30FB30FB,
    (void*)0x30FB30FB,
    (void*)0x30FB30FB,
    (void*)0x30FB30FB,
    (void*)0x30FB30FB,
    (void*)0x30FB30FB,
    (void*)0x30FB30FB,
    (void*)0x30FB30FB,
    (void*)0x30FB30FB,
    (void*)0x30FB30FB,
    (void*)0x30FB30FB,
    (void*)0x30FB30FB,
    (void*)0x30FB30FB,
    (void*)0x30FB30FB,
    (void*)0x30FB30FB,
    (void*)0x30FB30FB,
    (void*)0x30FB30FB,
    (void*)0x30FB30FB,
    (void*)0x30FB30FB,
    (void*)0x30FB30FB,
    (void*)0x30FB30FB,
    (void*)0x63617264,
    (void*)0x65646563,
    (void*)0x6F64652E,
    (void*)0x63000000,
    (void*)0x5C787B25,
    (void*)0x3034787D,
    (void*)0x00000000,
    (void*)0x00000000,
};

const u8 lbl_8026F1C8[16] = {
    0x63, 0x61, 0x72, 0x64, 0x65, 0x73, 0x61, 0x76, 0x65, 0x64, 0x61, 0x74, 0x61, 0x2E, 0x63, 0x00,
};

const u8 lbl_8026F1D8[272] = {
    0x30, 0x20, 0x3C, 0x3D, 0x20, 0x6C, 0x65, 0x76, 0x65, 0x6C, 0x20, 0x26, 0x26, 0x20, 0x6C, 0x65,
    0x76, 0x65, 0x6C, 0x20, 0x3C, 0x20, 0x73, 0x65, 0x72, 0x69, 0x65, 0x73, 0x2D, 0x3E, 0x6C, 0x65,
    0x76, 0x65, 0x6C, 0x5F, 0x6D, 0x61, 0x78, 0x00, 0x73, 0x65, 0x72, 0x69, 0x65, 0x73, 0x2D, 0x3E,
    0x73, 0x65, 0x72, 0x69, 0x65, 0x73, 0x5F, 0x6E, 0x75, 0x6D, 0x62, 0x65, 0x72, 0x20, 0x3D, 0x3D,
    0x20, 0x70, 0x43, 0x61, 0x72, 0x64, 0x45, 0x2D, 0x3E, 0x73, 0x65, 0x72, 0x69, 0x65, 0x73, 0x5F,
    0x6E, 0x75, 0x6D, 0x62, 0x65, 0x72, 0x00, 0x00, 0x70, 0x61, 0x63, 0x6B, 0x20, 0x3C, 0x20, 0x73,
    0x65, 0x72, 0x69, 0x65, 0x73, 0x2D, 0x3E, 0x70, 0x61, 0x63, 0x6B, 0x5F, 0x6D, 0x61, 0x78, 0x00,
    0x63, 0x61, 0x72, 0x64, 0x20, 0x3C, 0x20, 0x73, 0x65, 0x72, 0x69, 0x65, 0x73, 0x2D, 0x3E, 0x74,
    0x72, 0x61, 0x69, 0x6E, 0x65, 0x72, 0x5F, 0x63, 0x61, 0x72, 0x64, 0x5F, 0x6D, 0x61, 0x78, 0x00,
    0x61, 0x65, 0x78, 0x2D, 0x3E, 0x73, 0x74, 0x61, 0x74, 0x65, 0x20, 0x3D, 0x3D, 0x20, 0x43, 0x41,
    0x52, 0x44, 0x45, 0x5F, 0x45, 0x58, 0x5F, 0x54, 0x52, 0x41, 0x49, 0x4E, 0x45, 0x52, 0x5F, 0x53,
    0x54, 0x41, 0x54, 0x45, 0x5F, 0x41, 0x50, 0x50, 0x45, 0x41, 0x52, 0x49, 0x4E, 0x47, 0x20, 0x7C,
    0x7C, 0x20, 0x61, 0x65, 0x78, 0x2D, 0x3E, 0x73, 0x74, 0x61, 0x74, 0x65, 0x20, 0x3D, 0x3D, 0x20,
    0x43, 0x41, 0x52, 0x44, 0x45, 0x5F, 0x45, 0x58, 0x5F, 0x54, 0x52, 0x41, 0x49, 0x4E, 0x45, 0x52,
    0x5F, 0x53, 0x54, 0x41, 0x54, 0x45, 0x5F, 0x41, 0x4C, 0x52, 0x45, 0x41, 0x44, 0x59, 0x5F, 0x42,
    0x41, 0x54, 0x54, 0x4C, 0x45, 0x44, 0x5F, 0x57, 0x49, 0x54, 0x48, 0x00, 0x74, 0x72, 0x61, 0x69,
    0x6E, 0x65, 0x72, 0x2D, 0x3E, 0x6E, 0x61, 0x6D, 0x65, 0x5B, 0x30, 0x5D, 0x00, 0x00, 0x00, 0x00,
};

const u8 lbl_8026F2E8[416] = {
    0x00, 0x00, 0x00, 0x00, 0x00, 0x00, 0x00, 0x08, 0x00, 0x00, 0x00, 0x1B, 0x00, 0x00, 0x00, 0x1F,
    0x00, 0x00, 0x00, 0x1F, 0x00, 0x00, 0x00, 0xBB, 0x00, 0x00, 0x00, 0x7B, 0x00, 0x00, 0x00, 0x7B,
    0x00, 0x00, 0x07, 0x00, 0x00, 0x00, 0x07, 0x00, 0x00, 0x00, 0x17, 0x00, 0x00, 0x00, 0x0F, 0x00,
    0x00, 0x00, 0x00, 0x08, 0x00, 0x00, 0x00, 0x01, 0x00, 0x00, 0x00, 0x00, 0x00, 0x00, 0x00, 0x00,
    0x00, 0x00, 0x00, 0x08, 0x00, 0x00, 0x00, 0x01, 0x00, 0x00, 0x00, 0x01, 0x00, 0x00, 0x00, 0x00,
    0x00, 0x00, 0x00, 0x08, 0x00, 0x00, 0x00, 0x01, 0x00, 0x00, 0x00, 0x01, 0x00, 0x00, 0x00, 0x01,
    0x00, 0x00, 0x00, 0x01, 0x00, 0x00, 0x00, 0x01, 0x00, 0x00, 0x00, 0x01, 0x00, 0x00, 0x00, 0x01,
    0x10, 0xD0, 0x01, 0x26, 0x01, 0x2C, 0x10, 0xD1, 0x01, 0x3C, 0x01, 0x42, 0x10, 0xD2, 0x01, 0x3C,
    0x01, 0x42, 0x10, 0xD3, 0x01, 0x47, 0x01, 0x4D, 0x10, 0xD4, 0x01, 0x47, 0x01, 0x4D, 0x10, 0xD5,
    0x01, 0x3C, 0x01, 0x42, 0x10, 0xD6, 0x01, 0x3C, 0x01, 0x42, 0x10, 0xD7, 0x01, 0x3C, 0x01, 0x42,
    0x10, 0xD8, 0x01, 0x47, 0x01, 0x4D, 0x10, 0xD9, 0x01, 0x47, 0x01, 0x4D, 0x10, 0xDA, 0x01, 0x3C,
    0x01, 0x42, 0x10, 0xDB, 0x01, 0x3C, 0x01, 0x42, 0x10, 0xDC, 0x01, 0x3C, 0x01, 0x42, 0x10, 0xDD,
    0x01, 0x47, 0x01, 0x4D, 0x10, 0xDE, 0x01, 0x47, 0x01, 0x4D, 0x10, 0xDF, 0x01, 0x3C, 0x01, 0x42,
    0x10, 0xE0, 0x01, 0x3C, 0x01, 0x42, 0x10, 0xE1, 0x01, 0x47, 0x01, 0x4D, 0x10, 0xE2, 0x01, 0x47,
    0x01, 0x4D, 0x10, 0xE3, 0x01, 0x3C, 0x01, 0x42, 0x10, 0xE4, 0x01, 0x3C, 0x01, 0x42, 0x10, 0xE5,
    0x01, 0x3C, 0x01, 0x42, 0x10, 0xE6, 0x01, 0x47, 0x01, 0x4D, 0x10, 0xE7, 0x01, 0x47, 0x01, 0x4D,
    0x10, 0xE8, 0x01, 0x3C, 0x01, 0x42, 0x10, 0xE9, 0x01, 0x3C, 0x01, 0x42, 0x10, 0xEA, 0x01, 0x47,
    0x01, 0x4D, 0x10, 0xEB, 0x01, 0x47, 0x01, 0x4D, 0x10, 0xEC, 0x01, 0x3C, 0x01, 0x42, 0x10, 0xED,
    0x01, 0x3C, 0x01, 0x42, 0x10, 0xEE, 0x01, 0x47, 0x01, 0x4D, 0x10, 0xEF, 0x01, 0x47, 0x01, 0x4D,
    0x10, 0xF0, 0x01, 0x3C, 0x01, 0x42, 0x10, 0xF1, 0x01, 0x3C, 0x01, 0x42, 0x10, 0xF2, 0x01, 0x3C,
    0x01, 0x42, 0x10, 0xF3, 0x01, 0x47, 0x01, 0x4D, 0x10, 0xF4, 0x01, 0x47, 0x01, 0x4D, 0x10, 0xF5,
    0x01, 0x3C, 0x01, 0x42, 0x10, 0xF6, 0x01, 0x47, 0x01, 0x4D, 0x10, 0xF7, 0x01, 0x47, 0x01, 0x4D,
    0x10, 0xF8, 0x01, 0x47, 0x01, 0x4D, 0x10, 0xF9, 0x01, 0x47, 0x01, 0x4D, 0x10, 0xFA, 0x01, 0x47,
    0x01, 0x4D, 0x10, 0xFB, 0x01, 0x47, 0x01, 0x4D, 0x10, 0xFC, 0x01, 0x26, 0x01, 0x2C, 0x10, 0xFD,
    0x01, 0x26, 0x01, 0x2C, 0x6D, 0x65, 0x6E, 0x75, 0x47, 0x42, 0x41, 0x43, 0x2E, 0x63, 0x00, 0x00,
    0x63, 0x6F, 0x6C, 0x62, 0x74, 0x6C, 0x2E, 0x62, 0x69, 0x6E, 0x00, 0x00, 0x00, 0x00, 0x00, 0x00,
};

const u8 lbl_8026F488[112] = {
    0x00, 0xB9, 0x00, 0xC8, 0x00, 0xF4, 0x01, 0x1F, 0x00, 0x9C, 0x00, 0xF3, 0x00, 0x99, 0x00, 0xF5,
    0x00, 0x9F, 0x00, 0x00, 0x10, 0x7E, 0x10, 0x00, 0x00, 0x01, 0x00, 0x00, 0x10, 0x7E, 0x10, 0x01,
    0x00, 0x01, 0x00, 0x00, 0x10, 0x7E, 0x10, 0x02, 0x00, 0x01, 0x00, 0x00, 0x10, 0x7E, 0x10, 0x03,
    0x00, 0x01, 0x00, 0x00, 0x10, 0x7E, 0x10, 0x04, 0x00, 0x01, 0x00, 0x00, 0x10, 0x7E, 0x10, 0x05,
    0x00, 0x01, 0x00, 0x00, 0x10, 0x7E, 0x10, 0x06, 0x00, 0x01, 0x00, 0x00, 0x10, 0x7E, 0x10, 0x07,
    0x00, 0x01, 0x00, 0x00, 0x10, 0x7E, 0x10, 0x08, 0x00, 0x01, 0x00, 0x00, 0x00, 0x01, 0x00, 0x02,
    0x00, 0x03, 0x00, 0x04, 0x00, 0x00, 0x00, 0x05, 0x00, 0x06, 0x00, 0x07, 0x00, 0x08, 0x00, 0x00,
};

const u8 lbl_8026F4F8[112] = {
    0x6D, 0x65, 0x6E, 0x75, 0x43, 0x42, 0x5F, 0x53, 0x61, 0x76, 0x65, 0x4C, 0x6F, 0x61, 0x64, 0x2E,
    0x63, 0x00, 0x00, 0x00, 0x21, 0x6D, 0x65, 0x6E, 0x75, 0x43, 0x42, 0x42, 0x69, 0x6F, 0x73, 0x5F,
    0x53, 0x61, 0x76, 0x65, 0x44, 0x61, 0x74, 0x61, 0x41, 0x76, 0x61, 0x69, 0x6C, 0x61, 0x62, 0x6C,
    0x65, 0x28, 0x70, 0x29, 0x00, 0x00, 0x00, 0x00, 0x73, 0x74, 0x61, 0x74, 0x65, 0x2D, 0x3E, 0x6D,
    0x5F, 0x65, 0x42, 0x61, 0x74, 0x74, 0x6C, 0x65, 0x4D, 0x6F, 0x64, 0x65, 0x20, 0x3D, 0x3D, 0x20,
    0x42, 0x41, 0x54, 0x54, 0x4C, 0x45, 0x4D, 0x4F, 0x44, 0x45, 0x5F, 0x42, 0x41, 0x54, 0x54, 0x4C,
    0x45, 0x59, 0x41, 0x4D, 0x41, 0x31, 0x30, 0x30, 0x00, 0x00, 0x00, 0x00, 0x00, 0x00, 0x00, 0x00,
};

const u8 lbl_8026F568[11] = {
    0x70, 0x6F, 0x6B, 0x65, 0x63, 0x6F, 0x6E, 0x76, 0x2E, 0x63, 0x00,
};

const u8 gap_04_8026F573_rodata[1] = {
    0x00,
};

const u8 lbl_8026F574[49] = {
    0x63, 0x70, 0x2D, 0x3E, 0x70, 0x63, 0x5F, 0x69, 0x74, 0x65, 0x6D, 0x73, 0x5F, 0x6E, 0x75, 0x6D,
    0x20, 0x3D, 0x3D, 0x20, 0x35, 0x30, 0x20, 0x7C, 0x7C, 0x20, 0x63, 0x70, 0x2D, 0x3E, 0x70, 0x63,
    0x5F, 0x69, 0x74, 0x65, 0x6D, 0x73, 0x5F, 0x6E, 0x75, 0x6D, 0x20, 0x3D, 0x3D, 0x20, 0x33, 0x30,
    0x00,
};

const u8 gap_04_8026F5A5_rodata[3] = {
    0x00, 0x00, 0x00,
};

const u8 lbl_8026F5A8[19] = {
    0x67, 0x62, 0x61, 0x43, 0x6F, 0x6D, 0x6D, 0x75, 0x6E, 0x69, 0x63, 0x61, 0x74, 0x69, 0x6F, 0x6E,
    0x2E, 0x63, 0x00,
};

const u8 gap_04_8026F5BB_rodata[5] = {
    0x00, 0x00, 0x00, 0x00, 0x00,
};

const u8 lbl_8026F5C0[36] = {
    0x42, 0x20, 0x00, 0x00, 0x43, 0x48, 0x00, 0x00, 0x43, 0x7F, 0x00, 0x00, 0x42, 0x5C, 0x00, 0x00,
    0x43, 0x7F, 0x00, 0x00, 0x43, 0x52, 0x00, 0x00, 0x43, 0x70, 0x00, 0x00, 0x43, 0x7F, 0x00, 0x00,
    0x40, 0xA0, 0x00, 0x00,
};

const u8 lbl_8026F5E4[17] = {
    0x52, 0x69, 0x62, 0x62, 0x6F, 0x6E, 0x20, 0x49, 0x6E, 0x64, 0x65, 0x78, 0x3A, 0x20, 0x25, 0x64,
    0x00,
};

const u8 gap_04_8026F5F5_rodata[3] = {
    0x00, 0x00, 0x00,
};

const void* lbl_8026F5F8[6] = {
    (void*)lbl_80311D38,
    (void*)lbl_80311DB8,
    (void*)lbl_80311E54,
    (void*)lbl_80311EE4,
    (void*)lbl_80311F6C,
    (void*)lbl_80311FEC,
};

