#include "dolphin/types.h"

extern u8 HSD_AObjGetAllocData[];
extern u8 HSD_ChanGetAllocData[];
extern u8 HSD_DListGetAllocData[];
extern u8 HSD_FObjGetAllocData[];
extern u8 HSD_IDGetAllocData[];
extern u8 HSD_MtxGetAllocData[];
extern u8 HSD_RObjGetAllocData[];
extern u8 HSD_RenderGetAllocData[];
extern u8 HSD_RvalueObjGetAllocData[];
extern u8 HSD_SListGetAllocData[];
extern u8 HSD_ShadowGetAllocData[];
extern u8 HSD_TevRegGetAllocData[];
extern u8 HSD_VecGetAllocData[];
extern u8 WS_ABARERU[];
extern u8 WS_AKUBI[];
extern u8 WS_ALERTEND[];
extern u8 WS_CHECK_TYPE[];
extern u8 WS_CHIISAKUNARU[];
extern u8 WS_CHOUHATSU[];
extern u8 WS_CONDITION_CHECK[];
extern u8 WS_CRITICAL_CHECK[];
extern u8 WS_DAMAGE_LOSS[];
extern u8 WS_DAMAGE_LOSS_ONLY[];
extern u8 WS_GETEND[];
extern u8 WS_HIMITUNOTIKARA[];
extern u8 WS_HITCHECK[];
extern u8 WS_ICHAMON[];
extern u8 WS_ITEMEND[];
extern u8 WS_JIKOANJI[];
extern u8 WS_JUUDEN[];
extern u8 WS_KIERUTAME[];
extern u8 WS_KIERUTAME_AFTAR[];
extern u8 WS_KORAERU_CHECK[];
extern u8 WS_KUROIKIRI[];
extern u8 WS_MARUKUNARU[];
extern u8 WS_MICHIDURE[];
extern u8 WS_MIYABURU[];
extern u8 WS_NARIKIRI[];
extern u8 WS_NEKODAMASHI[];
extern u8 WS_NEWOHARU[];
extern u8 WS_ONNEN[];
extern u8 WS_SCA_END_SET[];
extern u8 WS_SEQEND[];
extern u8 WS_SEQRET[];
extern u8 WS_SIDECONDITION_CHECK[];
extern u8 WS_SPEABIEND[];
extern u8 WS_STATUS_GET16[];
extern u8 WS_STATUS_GET32[];
extern u8 WS_STATUS_GET8[];
extern u8 WS_STATUS_SET16[];
extern u8 WS_STATUS_SET32[];
extern u8 WS_STATUS_SET8[];
extern u8 WS_SWITCH_A_D[];
extern u8 WS_TSUIKA_DIRECT_ACT[];
extern u8 WS_TSUIKA_INDIRECT_ACT[];
extern u8 WS_TYPE_CHECK[];
extern u8 WS_WAZAEND[];
extern u8 WS_WAZAKOUKA_CHECK[];
extern u8 WS_WAZAOBOE_CHECK[];
extern u8 WS_WEATHER_CHANGE[];
extern u8 _HSD_AObjForgetMemory[];
extern u8 _HSD_DispForgetMemory[];
extern u8 _HSD_IDForgetMemory[];
extern u8 _HSD_ObjAllocForgetMemory[];
extern u8 _HSD_RObjForgetMemory[];
extern u8 _HSD_RandForgetMemory[];
extern u8 _dbgMenuFightGetWazaDataIdSub[];
extern u8 fn_80005FFC[];
extern u8 fn_80007FDC[];
extern u8 fn_800096B4[];
extern u8 fn_80111DF8[];
extern u8 fn_80111F2C[];
extern u8 fn_8011207C[];
extern u8 fn_80118068[];
extern u8 fn_80118070[];
extern u8 fn_80118100[];
extern u8 fn_80179DFC[];
extern u8 fn_80179E04[];
extern u8 fn_80179EA4[];
extern u8 fn_80213A28[];
extern u8 fn_80213A38[];
extern u8 fn_80213A48[];
extern u8 fn_80213A58[];
extern u8 fn_80213A68[];
extern u8 fn_80213A78[];
extern u8 fn_80213E94[];
extern u8 fn_80214450[];
extern u8 fn_802145C8[];
extern u8 fn_802146B4[];
extern u8 fn_802146C4[];
extern u8 fn_80214794[];
extern u8 fn_80214864[];
extern u8 fn_802149B8[];
extern u8 fn_80214AB4[];
extern u8 fn_80214AFC[];
extern u8 fn_80214B58[];
extern u8 fn_80214BB4[];
extern u8 fn_80214C04[];
extern u8 fn_80214CB0[];
extern u8 fn_80214DB0[];
extern u8 fn_80214E50[];
extern u8 fn_80214F10[];
extern u8 fn_802151C0[];
extern u8 fn_80215374[];
extern u8 fn_80215614[];
extern u8 fn_80215720[];
extern u8 fn_80215808[];
extern u8 fn_80215954[];
extern u8 fn_80215AEC[];
extern u8 fn_80215CF0[];
extern u8 fn_802160EC[];
extern u8 fn_80216264[];
extern u8 fn_80216364[];
extern u8 fn_80216410[];
extern u8 fn_802165B4[];
extern u8 fn_80216650[];
extern u8 fn_80216780[];
extern u8 fn_80216A58[];
extern u8 fn_80216D9C[];
extern u8 fn_80216F50[];
extern u8 fn_80217018[];
extern u8 fn_802170B4[];
extern u8 fn_80217220[];
extern u8 fn_80217434[];
extern u8 fn_80217524[];
extern u8 fn_802175A8[];
extern u8 fn_802177E4[];
extern u8 fn_802178F4[];
extern u8 fn_8021799C[];
extern u8 fn_80217AE4[];
extern u8 fn_80217C04[];
extern u8 fn_80217D34[];
extern u8 fn_80217E20[];
extern u8 fn_80218018[];
extern u8 fn_802182D4[];
extern u8 fn_802183BC[];
extern u8 fn_8021847C[];
extern u8 fn_80218824[];
extern u8 fn_80218A6C[];
extern u8 fn_80218BD4[];
extern u8 fn_80218D24[];
extern u8 fn_8021908C[];
extern u8 fn_802192B4[];
extern u8 fn_80219354[];
extern u8 fn_802195A0[];
extern u8 fn_802196A8[];
extern u8 fn_80219838[];
extern u8 fn_80219964[];
extern u8 fn_80219B2C[];
extern u8 fn_80219CF4[];
extern u8 fn_80219D98[];
extern u8 fn_80219E10[];
extern u8 fn_8021A054[];
extern u8 fn_8021A338[];
extern u8 fn_8021A478[];
extern u8 fn_8021A6CC[];
extern u8 fn_8021A764[];
extern u8 fn_8021A80C[];
extern u8 fn_8021A878[];
extern u8 fn_8021A984[];
extern u8 fn_8021AB9C[];
extern u8 fn_8021AC1C[];
extern u8 fn_8021AFAC[];
extern u8 fn_8021B0B0[];
extern u8 fn_8021B1A4[];
extern u8 fn_8021B484[];
extern u8 fn_8021B610[];
extern u8 fn_8021B628[];
extern u8 fn_8021B760[];
extern u8 fn_8021B8B8[];
extern u8 fn_8021C0F4[];
extern u8 fn_8021C190[];
extern u8 fn_8021C308[];
extern u8 fn_8021C490[];
extern u8 fn_8021C588[];
extern u8 fn_8021C6F4[];
extern u8 fn_8021C75C[];
extern u8 fn_8021C900[];
extern u8 fn_8021CA00[];
extern u8 fn_8021CB58[];
extern u8 fn_8021CC5C[];
extern u8 fn_8021CCE0[];
extern u8 fn_8021CE60[];
extern u8 fn_8021CF3C[];
extern u8 fn_8021D010[];
extern u8 fn_8021D090[];
extern u8 fn_8021D224[];
extern u8 fn_8021D40C[];
extern u8 fn_8021D688[];
extern u8 fn_8021D9C0[];
extern u8 fn_8021DB78[];
extern u8 fn_8021DD24[];
extern u8 fn_8021DD34[];
extern u8 fn_8021DD44[];
extern u8 fn_8021DDB8[];
extern u8 fn_8021DDC8[];
extern u8 fn_8021DDD8[];
extern u8 fn_8021DE3C[];
extern u8 fn_8021DE4C[];
extern u8 fn_8021DF70[];
extern u8 fn_8021DF80[];
extern u8 fn_8021E04C[];
extern u8 fn_8021E288[];
extern u8 fn_8021E600[];
extern u8 fn_8021E6CC[];
extern u8 fn_8021E6DC[];
extern u8 fn_8021E6EC[];
extern u8 fn_8021E744[];
extern u8 fn_8021E754[];
extern u8 fn_8021E9F4[];
extern u8 fn_8021EA94[];
extern u8 fn_8021EAE8[];
extern u8 fn_8021ECF8[];
extern u8 fn_8021ED70[];
extern u8 fn_8021EE38[];
extern u8 fn_8021EE48[];
extern u8 fn_8021EE98[];
extern u8 fn_8021EED4[];
extern u8 fn_8021EF14[];
extern u8 fn_8021EF24[];
extern u8 fn_8021F1CC[];
extern u8 fn_8021F24C[];
extern u8 fn_8021F39C[];
extern u8 fn_8021F458[];
extern u8 fn_8021F664[];
extern u8 fn_8021F92C[];
extern u8 fn_8021F998[];
extern u8 fn_8021FAD4[];
extern u8 fn_80220868[];
extern u8 fn_8022106C[];
extern u8 fn_802222F4[];
extern u8 fn_80222370[];
extern u8 fn_802223E0[];
extern u8 fn_80222438[];
extern u8 fn_80222494[];
extern u8 fn_80222500[];
extern u8 fn_80222510[];
extern u8 fn_80222520[];
extern u8 fn_80222554[];
extern u8 fn_80222584[];
extern u8 fn_802225B0[];
extern u8 fn_802225DC[];
extern u8 fn_80222604[];
extern u8 fn_8022262C[];
extern u8 fn_80222654[];
extern u8 fn_802226A4[];
extern u8 fn_802226EC[];
extern u8 fn_80222714[];
extern u8 fn_8022273C[];
extern u8 fn_8022275C[];
extern u8 fn_802227D4[];
extern u8 fn_80222844[];
extern u8 fn_8022290C[];
extern u8 fn_802229EC[];
extern u8 fn_80222ACC[];
extern u8 fn_80222ADC[];
extern u8 fn_80222B7C[];
extern u8 fn_80222BD8[];
extern u8 fn_80222C44[];
extern u8 fn_802232F4[];
extern u8 fn_80223AF4[];
extern u8 fn_80223CE8[];
extern u8 fn_80223D64[];
extern u8 fn_80223F1C[];
extern u8 fn_80224060[];
extern u8 fn_80224158[];
extern u8 fn_80224740[];
extern u8 fn_80224820[];
extern u8 fn_80226134[];
extern u8 fn_802261B0[];
extern u8 fn_8022622C[];
extern u8 fn_80226284[];
extern u8 fn_802262D0[];
extern u8 fn_8022631C[];
extern u8 fn_802266EC[];
extern u8 fn_80226730[];
extern u8 fn_802267E8[];
extern u8 fn_80226914[];
extern u8 fn_80226F0C[];
extern u8 fn_80226FD4[];
extern u8 fn_80227490[];
extern u8 fn_80227C40[];
extern u8 fn_8022808C[];
extern u8 fn_802282D8[];
extern u8 fn_802284B0[];
extern u8 fn_80229C90[];
extern u8 fn_802614B4[];
extern u8 fn_8026153C[];
extern u8 fn_802615F4[];
extern u8 lbl_80004000[];
extern u8 lbl_803A3F3F[];
extern u8 lbl_8047DAB0[];
extern u8 lbl_8047DAB8[];
extern u8 lbl_8047DAC0[];
extern u8 lbl_8047DAC4[];
extern u8 lbl_8047DACC[];
extern u8 lbl_8047DAD4[];
extern u8 lbl_8047DAD8[];
extern u8 lbl_8047DADC[];
extern u8 lbl_8047DAE4[];
extern u8 lbl_8047DAEC[];
extern u8 lbl_8047DAF4[];
extern u8 lbl_8047DAFC[];
extern u8 lbl_8047DB04[];
extern u8 peopleBiosGetPushDataSize[];
extern u8 peopleBiosPopData[];
extern u8 peopleBiosPushData[];

/* Auto-carved .rodata unit 0x80270008..0x8027A4F0 (535 objects). Non-relocated data emitted byte-exact as const u8[]; pointer/jump tables as const void*[] for R_PPC_ADDR32 relocations. */

const u8 lbl_80270008[48] = {
    0x3F, 0xE0, 0x00, 0x00, 0x00, 0x00, 0x00, 0x00, 0xBF, 0xE0, 0x00, 0x00, 0x00, 0x00, 0x00, 0x00,
    0x3F, 0xE6, 0x2E, 0x42, 0xFE, 0xE0, 0x00, 0x00, 0xBF, 0xE6, 0x2E, 0x42, 0xFE, 0xE0, 0x00, 0x00,
    0x3D, 0xEA, 0x39, 0xEF, 0x35, 0x79, 0x3C, 0x76, 0xBD, 0xEA, 0x39, 0xEF, 0x35, 0x79, 0x3C, 0x76,
};

const u8 lbl_80270038[16] = {
    0x00, 0x00, 0x00, 0x00, 0x00, 0x00, 0x00, 0x00, 0x80, 0x00, 0x00, 0x00, 0x00, 0x00, 0x00, 0x00,
};

const u8 lbl_80270048[48] = {
    0x3F, 0xF0, 0x00, 0x00, 0x00, 0x00, 0x00, 0x00, 0x3F, 0xF8, 0x00, 0x00, 0x00, 0x00, 0x00, 0x00,
    0x00, 0x00, 0x00, 0x00, 0x00, 0x00, 0x00, 0x00, 0x3F, 0xE2, 0xB8, 0x03, 0x40, 0x00, 0x00, 0x00,
    0x00, 0x00, 0x00, 0x00, 0x00, 0x00, 0x00, 0x00, 0x3E, 0x4C, 0xFD, 0xEB, 0x43, 0xCF, 0xD0, 0x06,
};

const u8 lbl_80270078[264] = {
    0x00, 0xA2, 0xF9, 0x83, 0x00, 0x6E, 0x4E, 0x44, 0x00, 0x15, 0x29, 0xFC, 0x00, 0x27, 0x57, 0xD1,
    0x00, 0xF5, 0x34, 0xDD, 0x00, 0xC0, 0xDB, 0x62, 0x00, 0x95, 0x99, 0x3C, 0x00, 0x43, 0x90, 0x41,
    0x00, 0xFE, 0x51, 0x63, 0x00, 0xAB, 0xDE, 0xBB, 0x00, 0xC5, 0x61, 0xB7, 0x00, 0x24, 0x6E, 0x3A,
    0x00, 0x42, 0x4D, 0xD2, 0x00, 0xE0, 0x06, 0x49, 0x00, 0x2E, 0xEA, 0x09, 0x00, 0xD1, 0x92, 0x1C,
    0x00, 0xFE, 0x1D, 0xEB, 0x00, 0x1C, 0xB1, 0x29, 0x00, 0xA7, 0x3E, 0xE8, 0x00, 0x82, 0x35, 0xF5,
    0x00, 0x2E, 0xBB, 0x44, 0x00, 0x84, 0xE9, 0x9C, 0x00, 0x70, 0x26, 0xB4, 0x00, 0x5F, 0x7E, 0x41,
    0x00, 0x39, 0x91, 0xD6, 0x00, 0x39, 0x83, 0x53, 0x00, 0x39, 0xF4, 0x9C, 0x00, 0x84, 0x5F, 0x8B,
    0x00, 0xBD, 0xF9, 0x28, 0x00, 0x3B, 0x1F, 0xF8, 0x00, 0x97, 0xFF, 0xDE, 0x00, 0x05, 0x98, 0x0F,
    0x00, 0xEF, 0x2F, 0x11, 0x00, 0x8B, 0x5A, 0x0A, 0x00, 0x6D, 0x1F, 0x6D, 0x00, 0x36, 0x7E, 0xCF,
    0x00, 0x27, 0xCB, 0x09, 0x00, 0xB7, 0x4F, 0x46, 0x00, 0x3F, 0x66, 0x9E, 0x00, 0x5F, 0xEA, 0x2D,
    0x00, 0x75, 0x27, 0xBA, 0x00, 0xC7, 0xEB, 0xE5, 0x00, 0xF1, 0x7B, 0x3D, 0x00, 0x07, 0x39, 0xF7,
    0x00, 0x8A, 0x52, 0x92, 0x00, 0xEA, 0x6B, 0xFB, 0x00, 0x5F, 0xB1, 0x1F, 0x00, 0x8D, 0x5D, 0x08,
    0x00, 0x56, 0x03, 0x30, 0x00, 0x46, 0xFC, 0x7B, 0x00, 0x6B, 0xAB, 0xF0, 0x00, 0xCF, 0xBC, 0x20,
    0x00, 0x9A, 0xF4, 0x36, 0x00, 0x1D, 0xA9, 0xE3, 0x00, 0x91, 0x61, 0x5E, 0x00, 0xE6, 0x1B, 0x08,
    0x00, 0x65, 0x99, 0x85, 0x00, 0x5F, 0x14, 0xA0, 0x00, 0x68, 0x40, 0x8D, 0x00, 0xFF, 0xD8, 0x80,
    0x00, 0x4D, 0x73, 0x27, 0x00, 0x31, 0x06, 0x06, 0x00, 0x15, 0x56, 0xCA, 0x00, 0x73, 0xA8, 0xC9,
    0x00, 0x60, 0xE2, 0x7B, 0x00, 0xC0, 0x8C, 0x6B,
};

const u8 lbl_80270180[128] = {
    0x3F, 0xF9, 0x21, 0xFB, 0x40, 0x09, 0x21, 0xFB, 0x40, 0x12, 0xD9, 0x7C, 0x40, 0x19, 0x21, 0xFB,
    0x40, 0x1F, 0x6A, 0x7A, 0x40, 0x22, 0xD9, 0x7C, 0x40, 0x25, 0xFD, 0xBB, 0x40, 0x29, 0x21, 0xFB,
    0x40, 0x2C, 0x46, 0x3A, 0x40, 0x2F, 0x6A, 0x7A, 0x40, 0x31, 0x47, 0x5C, 0x40, 0x32, 0xD9, 0x7C,
    0x40, 0x34, 0x6B, 0x9C, 0x40, 0x35, 0xFD, 0xBB, 0x40, 0x37, 0x8F, 0xDB, 0x40, 0x39, 0x21, 0xFB,
    0x40, 0x3A, 0xB4, 0x1B, 0x40, 0x3C, 0x46, 0x3A, 0x40, 0x3D, 0xD8, 0x5A, 0x40, 0x3F, 0x6A, 0x7A,
    0x40, 0x40, 0x7E, 0x4C, 0x40, 0x41, 0x47, 0x5C, 0x40, 0x42, 0x10, 0x6C, 0x40, 0x42, 0xD9, 0x7C,
    0x40, 0x43, 0xA2, 0x8C, 0x40, 0x44, 0x6B, 0x9C, 0x40, 0x45, 0x34, 0xAC, 0x40, 0x45, 0xFD, 0xBB,
    0x40, 0x46, 0xC6, 0xCB, 0x40, 0x47, 0x8F, 0xDB, 0x40, 0x48, 0x58, 0xEB, 0x40, 0x49, 0x21, 0xFB,
};

const u8 lbl_80270200[16] = {
    0x00, 0x00, 0x00, 0x02, 0x00, 0x00, 0x00, 0x03, 0x00, 0x00, 0x00, 0x04, 0x00, 0x00, 0x00, 0x06,
};

const u8 lbl_80270210[64] = {
    0x3F, 0xF9, 0x21, 0xFB, 0x40, 0x00, 0x00, 0x00, 0x3E, 0x74, 0x44, 0x2D, 0x00, 0x00, 0x00, 0x00,
    0x3C, 0xF8, 0x46, 0x98, 0x80, 0x00, 0x00, 0x00, 0x3B, 0x78, 0xCC, 0x51, 0x60, 0x00, 0x00, 0x00,
    0x39, 0xF0, 0x1B, 0x83, 0x80, 0x00, 0x00, 0x00, 0x38, 0x7A, 0x25, 0x20, 0x40, 0x00, 0x00, 0x00,
    0x36, 0xE3, 0x82, 0x22, 0x80, 0x00, 0x00, 0x00, 0x35, 0x69, 0xF3, 0x1D, 0x00, 0x00, 0x00, 0x00,
};

const u8 lbl_80270250[104] = {
    0x3F, 0xD5, 0x55, 0x55, 0x55, 0x55, 0x55, 0x63, 0x3F, 0xC1, 0x11, 0x11, 0x11, 0x10, 0xFE, 0x7A,
    0x3F, 0xAB, 0xA1, 0xBA, 0x1B, 0xB3, 0x41, 0xFE, 0x3F, 0x96, 0x64, 0xF4, 0x84, 0x06, 0xD6, 0x37,
    0x3F, 0x82, 0x26, 0xE3, 0xE9, 0x6E, 0x84, 0x93, 0x3F, 0x6D, 0x6D, 0x22, 0xC9, 0x56, 0x03, 0x28,
    0x3F, 0x57, 0xDB, 0xC8, 0xFE, 0xE0, 0x83, 0x15, 0x3F, 0x43, 0x44, 0xD8, 0xF2, 0xF2, 0x65, 0x01,
    0x3F, 0x30, 0x26, 0xF7, 0x1A, 0x8D, 0x10, 0x68, 0x3F, 0x14, 0x7E, 0x88, 0xA0, 0x37, 0x92, 0xA6,
    0x3F, 0x12, 0xB8, 0x0F, 0x32, 0xF0, 0xA7, 0xE9, 0xBE, 0xF3, 0x75, 0xCB, 0xDB, 0x60, 0x53, 0x73,
    0x3E, 0xFB, 0x2A, 0x70, 0x74, 0xBF, 0x7A, 0xD4,
};

const u8 lbl_802702B8[152] = {
    0x3F, 0xDD, 0xAC, 0x67, 0x05, 0x61, 0xBB, 0x4F, 0x3F, 0xE9, 0x21, 0xFB, 0x54, 0x44, 0x2D, 0x18,
    0x3F, 0xEF, 0x73, 0x0B, 0xD2, 0x81, 0xF6, 0x9B, 0x3F, 0xF9, 0x21, 0xFB, 0x54, 0x44, 0x2D, 0x18,
    0x3C, 0x7A, 0x2B, 0x7F, 0x22, 0x2F, 0x65, 0xE2, 0x3C, 0x81, 0xA6, 0x26, 0x33, 0x14, 0x5C, 0x07,
    0x3C, 0x70, 0x07, 0x88, 0x7A, 0xF0, 0xCB, 0xBD, 0x3C, 0x91, 0xA6, 0x26, 0x33, 0x14, 0x5C, 0x07,
    0x3F, 0xD5, 0x55, 0x55, 0x55, 0x55, 0x55, 0x0D, 0xBF, 0xC9, 0x99, 0x99, 0x99, 0x98, 0xEB, 0xC4,
    0x3F, 0xC2, 0x49, 0x24, 0x92, 0x00, 0x83, 0xFF, 0xBF, 0xBC, 0x71, 0xC6, 0xFE, 0x23, 0x16, 0x71,
    0x3F, 0xB7, 0x45, 0xCD, 0xC5, 0x4C, 0x20, 0x6E, 0xBF, 0xB3, 0xB0, 0xF2, 0xAF, 0x74, 0x9A, 0x6D,
    0x3F, 0xB1, 0x0D, 0x66, 0xA0, 0xD0, 0x3D, 0x51, 0xBF, 0xAD, 0xDE, 0x2D, 0x52, 0xDE, 0xFD, 0x9A,
    0x3F, 0xA9, 0x7B, 0x4B, 0x24, 0x76, 0x0D, 0xEB, 0xBF, 0xA2, 0xB4, 0x44, 0x2C, 0x6A, 0x6C, 0x2F,
    0x3F, 0x90, 0xAD, 0x3A, 0xE3, 0x22, 0xDA, 0x11,
};

const u8 lbl_80270350[16] = {
    0x00, 0x00, 0x00, 0x00, 0x00, 0x00, 0x00, 0x00, 0x00, 0x00, 0x00, 0x00, 0x00, 0x00, 0x00, 0x00,
};

const u8 lbl_80270360[40] = {
    0x47, 0x53, 0x67, 0x66, 0x78, 0x3A, 0x20, 0x75, 0x6E, 0x61, 0x62, 0x6C, 0x65, 0x20, 0x74, 0x6F,
    0x20, 0x61, 0x6C, 0x6C, 0x6F, 0x63, 0x61, 0x74, 0x65, 0x20, 0x67, 0x73, 0x67, 0x66, 0x78, 0x20,
    0x73, 0x74, 0x61, 0x74, 0x65, 0x21, 0x0A, 0x00,
};

const u8 lbl_80270388[50] = {
    0x47, 0x53, 0x67, 0x66, 0x78, 0x3A, 0x20, 0x49, 0x6E, 0x69, 0x74, 0x20, 0x4F, 0x4B, 0x2C, 0x20,
    0x73, 0x74, 0x61, 0x74, 0x65, 0x20, 0x6C, 0x6F, 0x63, 0x61, 0x74, 0x65, 0x64, 0x20, 0x61, 0x74,
    0x20, 0x25, 0x30, 0x38, 0x58, 0x68, 0x20, 0x28, 0x73, 0x69, 0x7A, 0x65, 0x3D, 0x25, 0x64, 0x29,
    0x0A, 0x00,
};

const u8 gap_04_802703BA_rodata[6] = {
    0x00, 0x00, 0x00, 0x00, 0x00, 0x00,
};

const u8 lbl_802703C0[128] = {
    0x47, 0x53, 0x67, 0x66, 0x78, 0x3A, 0x20, 0x72, 0x65, 0x71, 0x75, 0x65, 0x73, 0x74, 0x20, 0x62,
    0x75, 0x66, 0x66, 0x65, 0x72, 0x20, 0x61, 0x6C, 0x72, 0x65, 0x61, 0x64, 0x79, 0x20, 0x61, 0x6C,
    0x6C, 0x6F, 0x63, 0x65, 0x64, 0x0A, 0x00, 0x00, 0x47, 0x53, 0x67, 0x66, 0x78, 0x3A, 0x20, 0x63,
    0x61, 0x6E, 0x27, 0x74, 0x20, 0x61, 0x6C, 0x6C, 0x6F, 0x63, 0x20, 0x72, 0x65, 0x71, 0x75, 0x65,
    0x73, 0x74, 0x20, 0x62, 0x75, 0x66, 0x66, 0x65, 0x72, 0x0A, 0x00, 0x00, 0x47, 0x53, 0x67, 0x66,
    0x78, 0x3A, 0x20, 0x61, 0x6C, 0x6C, 0x6F, 0x63, 0x65, 0x64, 0x20, 0x72, 0x65, 0x71, 0x75, 0x65,
    0x73, 0x74, 0x20, 0x62, 0x75, 0x66, 0x66, 0x65, 0x72, 0x20, 0x6F, 0x66, 0x20, 0x25, 0x64, 0x20,
    0x62, 0x79, 0x74, 0x65, 0x73, 0x20, 0x61, 0x74, 0x20, 0x25, 0x30, 0x38, 0x58, 0x0A, 0x00, 0x00,
};

const u8 lbl_80270440[29] = {
    0x47, 0x53, 0x67, 0x66, 0x78, 0x3A, 0x20, 0x69, 0x6E, 0x76, 0x61, 0x6C, 0x69, 0x64, 0x20, 0x6D,
    0x61, 0x74, 0x72, 0x69, 0x78, 0x20, 0x69, 0x6E, 0x64, 0x65, 0x78, 0x0A, 0x00,
};

const u8 gap_04_8027045D_rodata[3] = {
    0x00, 0x00, 0x00,
};

const u8 lbl_80270460[32] = {
    0x47, 0x53, 0x67, 0x66, 0x78, 0x3A, 0x20, 0x6D, 0x61, 0x74, 0x72, 0x69, 0x78, 0x20, 0x73, 0x74,
    0x61, 0x63, 0x6B, 0x20, 0x75, 0x6E, 0x64, 0x65, 0x72, 0x66, 0x6C, 0x6F, 0x77, 0x21, 0x0A, 0x00,
};

const u8 lbl_80270480[31] = {
    0x47, 0x53, 0x67, 0x66, 0x78, 0x3A, 0x20, 0x6D, 0x61, 0x74, 0x72, 0x69, 0x78, 0x20, 0x73, 0x74,
    0x61, 0x63, 0x6B, 0x20, 0x6F, 0x76, 0x65, 0x72, 0x66, 0x6C, 0x6F, 0x77, 0x21, 0x0A, 0x00,
};

const u8 gap_04_8027049F_rodata[1] = {
    0x00,
};

const u8 lbl_802704A0[17] = {
    0x30, 0x31, 0x32, 0x33, 0x34, 0x35, 0x36, 0x37, 0x38, 0x39, 0x41, 0x42, 0x43, 0x44, 0x45, 0x46,
    0x00,
};

const u8 gap_04_802704B1_rodata[3] = {
    0x00, 0x00, 0x00,
};

const u8 lbl_802704B4[116] = {
    0x5B, 0x25, 0x64, 0x2F, 0x25, 0x30, 0x32, 0x64, 0x20, 0x25, 0x64, 0x3A, 0x25, 0x30, 0x32, 0x64,
    0x3A, 0x25, 0x30, 0x32, 0x64, 0x5D, 0x20, 0x00, 0x47, 0x53, 0x6C, 0x6F, 0x67, 0x3A, 0x20, 0x49,
    0x6E, 0x69, 0x74, 0x20, 0x4F, 0x4B, 0x2C, 0x20, 0x6E, 0x6F, 0x20, 0x62, 0x75, 0x66, 0x66, 0x65,
    0x72, 0x0A, 0x00, 0x00, 0x47, 0x53, 0x6C, 0x6F, 0x67, 0x3A, 0x20, 0x49, 0x6E, 0x69, 0x74, 0x20,
    0x46, 0x41, 0x49, 0x4C, 0x45, 0x44, 0x0A, 0x00, 0x47, 0x53, 0x6C, 0x6F, 0x67, 0x3A, 0x20, 0x49,
    0x6E, 0x69, 0x74, 0x20, 0x4F, 0x4B, 0x2C, 0x20, 0x6C, 0x6F, 0x67, 0x20, 0x62, 0x75, 0x66, 0x66,
    0x65, 0x72, 0x20, 0x73, 0x69, 0x7A, 0x65, 0x20, 0x25, 0x64, 0x20, 0x62, 0x79, 0x74, 0x65, 0x73,
    0x0A, 0x00, 0x00, 0x00,
};

const u8 lbl_80270528[68] = {
    0x47, 0x53, 0x6D, 0x61, 0x74, 0x65, 0x72, 0x69, 0x61, 0x6C, 0x53, 0x65, 0x74, 0x50, 0x45, 0x64,
    0x65, 0x73, 0x63, 0x72, 0x3A, 0x20, 0x57, 0x61, 0x72, 0x6E, 0x69, 0x6E, 0x67, 0x3A, 0x20, 0x61,
    0x6C, 0x72, 0x65, 0x61, 0x64, 0x79, 0x20, 0x75, 0x73, 0x69, 0x6E, 0x67, 0x20, 0x61, 0x20, 0x63,
    0x75, 0x73, 0x74, 0x6F, 0x6D, 0x20, 0x64, 0x65, 0x73, 0x63, 0x72, 0x69, 0x70, 0x74, 0x69, 0x6F,
    0x6E, 0x21, 0x0A, 0x00,
};

const u8 lbl_8027056C[81] = {
    0x47, 0x53, 0x6D, 0x61, 0x74, 0x65, 0x72, 0x69, 0x61, 0x6C, 0x43, 0x72, 0x65, 0x61, 0x74, 0x65,
    0x3A, 0x20, 0x52, 0x75, 0x6E, 0x20, 0x6F, 0x75, 0x74, 0x20, 0x6F, 0x66, 0x20, 0x6D, 0x61, 0x74,
    0x65, 0x72, 0x69, 0x61, 0x6C, 0x73, 0x2E, 0x20, 0x49, 0x6E, 0x63, 0x72, 0x65, 0x61, 0x73, 0x65,
    0x20, 0x6D, 0x61, 0x74, 0x65, 0x72, 0x69, 0x61, 0x6C, 0x63, 0x6F, 0x75, 0x6E, 0x74, 0x20, 0x61,
    0x74, 0x20, 0x69, 0x6E, 0x69, 0x74, 0x69, 0x61, 0x6C, 0x69, 0x73, 0x61, 0x74, 0x69, 0x6F, 0x6E,
    0x00,
};

const u8 gap_04_802705BD_rodata[3] = {
    0x00, 0x00, 0x00,
};

const u8 lbl_802705C0[16] = {
    0x47, 0x53, 0x6D, 0x61, 0x74, 0x65, 0x72, 0x69, 0x61, 0x6C, 0x20, 0x4D, 0x4F, 0x62, 0x6A, 0x00,
};

const u8 lbl_802705D0[61] = {
    0x47, 0x53, 0x6D, 0x61, 0x74, 0x65, 0x72, 0x69, 0x61, 0x6C, 0x3A, 0x20, 0x55, 0x6E, 0x73, 0x75,
    0x70, 0x70, 0x6F, 0x72, 0x74, 0x65, 0x64, 0x20, 0x74, 0x65, 0x78, 0x74, 0x75, 0x72, 0x65, 0x20,
    0x66, 0x6F, 0x72, 0x6D, 0x61, 0x74, 0x20, 0x66, 0x6F, 0x72, 0x20, 0x65, 0x6E, 0x76, 0x69, 0x72,
    0x6F, 0x6E, 0x6D, 0x65, 0x6E, 0x74, 0x20, 0x6D, 0x61, 0x70, 0x21, 0x0A, 0x00,
};

const u8 gap_04_8027060D_rodata[3] = {
    0x00, 0x00, 0x00,
};

const u8 lbl_80270610[65] = {
    0x47, 0x53, 0x6D, 0x61, 0x74, 0x65, 0x72, 0x69, 0x61, 0x6C, 0x3A, 0x20, 0x45, 0x72, 0x72, 0x6F,
    0x72, 0x20, 0x63, 0x72, 0x65, 0x61, 0x74, 0x69, 0x6E, 0x67, 0x20, 0x65, 0x6E, 0x76, 0x69, 0x72,
    0x6F, 0x6E, 0x6D, 0x65, 0x6E, 0x74, 0x20, 0x6D, 0x61, 0x70, 0x3A, 0x20, 0x6E, 0x6F, 0x20, 0x74,
    0x65, 0x78, 0x74, 0x75, 0x72, 0x65, 0x20, 0x64, 0x65, 0x66, 0x69, 0x6E, 0x65, 0x64, 0x21, 0x0A,
    0x00,
};

const u8 gap_04_80270651_rodata[7] = {
    0x00, 0x00, 0x00, 0x00, 0x00, 0x00, 0x00,
};

const u8 lbl_80270658[1376] = {
    0x2D, 0x2D, 0x5B, 0x20, 0x47, 0x53, 0x6D, 0x65, 0x6D, 0x20, 0x73, 0x74, 0x61, 0x74, 0x65, 0x20,
    0x63, 0x68, 0x65, 0x63, 0x6B, 0x20, 0x5D, 0x2D, 0x2D, 0x2D, 0x2D, 0x2D, 0x2D, 0x2D, 0x2D, 0x2D,
    0x2D, 0x2D, 0x2D, 0x2D, 0x2D, 0x2D, 0x2D, 0x2D, 0x2D, 0x2D, 0x2D, 0x2D, 0x2D, 0x2D, 0x2D, 0x2D,
    0x2D, 0x0A, 0x00, 0x00, 0x21, 0x21, 0x21, 0x20, 0x66, 0x69, 0x72, 0x73, 0x74, 0x20, 0x62, 0x6C,
    0x6F, 0x63, 0x6B, 0x27, 0x73, 0x20, 0x70, 0x72, 0x65, 0x76, 0x69, 0x6F, 0x75, 0x73, 0x20, 0x70,
    0x6F, 0x69, 0x6E, 0x74, 0x65, 0x72, 0x20, 0x69, 0x73, 0x20, 0x6E, 0x6F, 0x74, 0x20, 0x4E, 0x55,
    0x4C, 0x4C, 0x0A, 0x00, 0x21, 0x21, 0x21, 0x20, 0x46, 0x72, 0x65, 0x65, 0x20, 0x62, 0x6C, 0x6F,
    0x63, 0x6B, 0x20, 0x69, 0x73, 0x20, 0x6F, 0x75, 0x74, 0x73, 0x69, 0x64, 0x65, 0x20, 0x6F, 0x66,
    0x20, 0x47, 0x53, 0x6D, 0x65, 0x6D, 0x20, 0x61, 0x72, 0x65, 0x61, 0x0A, 0x00, 0x00, 0x00, 0x00,
    0x21, 0x21, 0x21, 0x20, 0x46, 0x72, 0x65, 0x65, 0x20, 0x62, 0x6C, 0x6F, 0x63, 0x6B, 0x20, 0x65,
    0x78, 0x69, 0x73, 0x74, 0x73, 0x20, 0x69, 0x6E, 0x20, 0x6D, 0x65, 0x6D, 0x6F, 0x72, 0x79, 0x20,
    0x65, 0x6E, 0x74, 0x72, 0x79, 0x20, 0x74, 0x61, 0x62, 0x6C, 0x65, 0x0A, 0x00, 0x00, 0x00, 0x00,
    0x21, 0x21, 0x21, 0x20, 0x46, 0x72, 0x65, 0x65, 0x20, 0x62, 0x6C, 0x6F, 0x63, 0x6B, 0x20, 0x69,
    0x6E, 0x63, 0x6C, 0x75, 0x64, 0x65, 0x73, 0x20, 0x73, 0x70, 0x61, 0x63, 0x65, 0x20, 0x69, 0x6E,
    0x20, 0x6D, 0x65, 0x6D, 0x6F, 0x72, 0x79, 0x20, 0x65, 0x6E, 0x74, 0x72, 0x79, 0x20, 0x74, 0x61,
    0x62, 0x6C, 0x65, 0x0A, 0x00, 0x00, 0x00, 0x00, 0x21, 0x21, 0x21, 0x20, 0x46, 0x72, 0x65, 0x65,
    0x20, 0x62, 0x6C, 0x6F, 0x63, 0x6B, 0x20, 0x6C, 0x69, 0x73, 0x74, 0x20, 0x70, 0x6F, 0x69, 0x6E,
    0x74, 0x65, 0x72, 0x73, 0x20, 0x69, 0x6E, 0x63, 0x6F, 0x6E, 0x73, 0x69, 0x73, 0x74, 0x65, 0x6E,
    0x74, 0x0A, 0x00, 0x00, 0x21, 0x21, 0x21, 0x20, 0x46, 0x72, 0x65, 0x65, 0x20, 0x62, 0x6C, 0x6F,
    0x63, 0x6B, 0x73, 0x20, 0x68, 0x61, 0x76, 0x65, 0x20, 0x6E, 0x6F, 0x74, 0x20, 0x62, 0x65, 0x65,
    0x6E, 0x20, 0x6D, 0x65, 0x72, 0x67, 0x65, 0x64, 0x20, 0x63, 0x6F, 0x72, 0x72, 0x65, 0x63, 0x74,
    0x6C, 0x79, 0x0A, 0x00, 0x21, 0x21, 0x21, 0x20, 0x46, 0x72, 0x65, 0x65, 0x20, 0x62, 0x6C, 0x6F,
    0x63, 0x6B, 0x20, 0x6C, 0x69, 0x73, 0x74, 0x20, 0x70, 0x6F, 0x69, 0x6E, 0x74, 0x65, 0x72, 0x73,
    0x20, 0x6E, 0x6F, 0x74, 0x20, 0x6C, 0x69, 0x6E, 0x65, 0x61, 0x72, 0x0A, 0x00, 0x00, 0x00, 0x00,
    0x21, 0x21, 0x21, 0x20, 0x42, 0x6C, 0x6F, 0x63, 0x6B, 0x20, 0x65, 0x78, 0x69, 0x73, 0x74, 0x73,
    0x20, 0x69, 0x6E, 0x20, 0x61, 0x6E, 0x20, 0x69, 0x6E, 0x76, 0x61, 0x6C, 0x69, 0x64, 0x20, 0x6D,
    0x65, 0x6D, 0x6F, 0x72, 0x79, 0x20, 0x61, 0x72, 0x65, 0x61, 0x0A, 0x00, 0x21, 0x21, 0x21, 0x20,
    0x50, 0x61, 0x64, 0x64, 0x69, 0x6E, 0x67, 0x20, 0x62, 0x79, 0x74, 0x65, 0x73, 0x20, 0x6F, 0x76,
    0x65, 0x72, 0x77, 0x72, 0x69, 0x74, 0x74, 0x65, 0x6E, 0x20, 0x69, 0x6E, 0x20, 0x68, 0x61, 0x6E,
    0x64, 0x6C, 0x65, 0x20, 0x25, 0x64, 0x0A, 0x00, 0x21, 0x21, 0x21, 0x20, 0x42, 0x6C, 0x6F, 0x63,
    0x6B, 0x20, 0x6D, 0x6F, 0x64, 0x69, 0x66, 0x69, 0x65, 0x64, 0x20, 0x77, 0x69, 0x74, 0x68, 0x6F,
    0x75, 0x74, 0x20, 0x6C, 0x6F, 0x63, 0x6B, 0x20, 0x69, 0x6E, 0x20, 0x68, 0x61, 0x6E, 0x64, 0x6C,
    0x65, 0x20, 0x25, 0x64, 0x0A, 0x00, 0x00, 0x00, 0x4D, 0x65, 0x6D, 0x6F, 0x72, 0x79, 0x20, 0x6D,
    0x61, 0x70, 0x20, 0x64, 0x75, 0x6D, 0x70, 0x3A, 0x0A, 0x00, 0x00, 0x00, 0x20, 0x20, 0x25, 0x30,
    0x38, 0x58, 0x68, 0x20, 0x2D, 0x3E, 0x20, 0x25, 0x30, 0x38, 0x58, 0x68, 0x3A, 0x20, 0x61, 0x6C,
    0x6C, 0x6F, 0x63, 0x61, 0x74, 0x65, 0x64, 0x20, 0x62, 0x6C, 0x6F, 0x63, 0x6B, 0x20, 0x28, 0x73,
    0x69, 0x7A, 0x65, 0x3D, 0x25, 0x64, 0x2C, 0x20, 0x68, 0x61, 0x6E, 0x64, 0x6C, 0x65, 0x3D, 0x25,
    0x64, 0x2C, 0x20, 0x6C, 0x6F, 0x63, 0x6B, 0x73, 0x3D, 0x25, 0x64, 0x2C, 0x20, 0x61, 0x6C, 0x69,
    0x67, 0x6E, 0x3D, 0x25, 0x64, 0x29, 0x0A, 0x00, 0x20, 0x20, 0x25, 0x30, 0x38, 0x58, 0x68, 0x20,
    0x2D, 0x3E, 0x20, 0x25, 0x30, 0x38, 0x58, 0x68, 0x3A, 0x20, 0x66, 0x72, 0x65, 0x65, 0x20, 0x62,
    0x6C, 0x6F, 0x63, 0x6B, 0x20, 0x28, 0x73, 0x69, 0x7A, 0x65, 0x3D, 0x25, 0x64, 0x2C, 0x20, 0x70,
    0x72, 0x65, 0x76, 0x3D, 0x25, 0x30, 0x38, 0x58, 0x68, 0x2C, 0x20, 0x6E, 0x65, 0x78, 0x74, 0x3D,
    0x25, 0x30, 0x38, 0x58, 0x68, 0x29, 0x0A, 0x00, 0x21, 0x21, 0x21, 0x20, 0x70, 0x6F, 0x69, 0x6E,
    0x74, 0x65, 0x72, 0x20, 0x61, 0x74, 0x20, 0x25, 0x30, 0x38, 0x58, 0x68, 0x20, 0x64, 0x6F, 0x65,
    0x73, 0x20, 0x6E, 0x6F, 0x74, 0x20, 0x61, 0x70, 0x70, 0x65, 0x61, 0x72, 0x20, 0x74, 0x6F, 0x20,
    0x62, 0x65, 0x20, 0x61, 0x20, 0x76, 0x61, 0x6C, 0x69, 0x64, 0x20, 0x66, 0x72, 0x65, 0x65, 0x20,
    0x62, 0x6C, 0x6F, 0x63, 0x6B, 0x0A, 0x00, 0x00, 0x21, 0x21, 0x21, 0x20, 0x70, 0x6F, 0x69, 0x6E,
    0x74, 0x65, 0x72, 0x20, 0x61, 0x74, 0x20, 0x25, 0x30, 0x38, 0x58, 0x68, 0x20, 0x68, 0x61, 0x73,
    0x20, 0x69, 0x6E, 0x76, 0x61, 0x6C, 0x69, 0x64, 0x20, 0x73, 0x69, 0x7A, 0x65, 0x20, 0x25, 0x30,
    0x38, 0x58, 0x68, 0x0A, 0x00, 0x00, 0x00, 0x00, 0x21, 0x21, 0x21, 0x20, 0x45, 0x6E, 0x64, 0x20,
    0x6F, 0x66, 0x20, 0x6D, 0x65, 0x6D, 0x6F, 0x72, 0x79, 0x20, 0x6D, 0x61, 0x70, 0x20, 0x64, 0x6F,
    0x65, 0x73, 0x20, 0x6E, 0x6F, 0x74, 0x20, 0x6C, 0x69, 0x6E, 0x65, 0x20, 0x75, 0x70, 0x20, 0x77,
    0x69, 0x74, 0x68, 0x20, 0x6C, 0x61, 0x73, 0x74, 0x20, 0x62, 0x6C, 0x6F, 0x63, 0x6B, 0x21, 0x20,
    0x5B, 0x6C, 0x61, 0x73, 0x74, 0x3A, 0x25, 0x30, 0x38, 0x58, 0x20, 0x21, 0x3D, 0x20, 0x65, 0x6E,
    0x64, 0x3A, 0x25, 0x30, 0x38, 0x58, 0x5D, 0x0A, 0x00, 0x00, 0x00, 0x00, 0x21, 0x21, 0x21, 0x20,
    0x55, 0x73, 0x65, 0x64, 0x20, 0x62, 0x6C, 0x6F, 0x63, 0x6B, 0x20, 0x63, 0x6F, 0x75, 0x6E, 0x74,
    0x20, 0x64, 0x6F, 0x65, 0x73, 0x20, 0x6E, 0x6F, 0x74, 0x20, 0x6D, 0x61, 0x74, 0x63, 0x68, 0x20,
    0x69, 0x6E, 0x74, 0x65, 0x72, 0x6E, 0x61, 0x6C, 0x20, 0x63, 0x6F, 0x75, 0x6E, 0x74, 0x65, 0x72,
    0x0A, 0x00, 0x00, 0x00, 0x47, 0x53, 0x6D, 0x65, 0x6D, 0x20, 0x6D, 0x65, 0x6D, 0x6F, 0x72, 0x79,
    0x20, 0x61, 0x72, 0x65, 0x61, 0x3A, 0x20, 0x20, 0x20, 0x25, 0x30, 0x38, 0x58, 0x68, 0x20, 0x2D,
    0x3E, 0x20, 0x25, 0x30, 0x38, 0x58, 0x68, 0x0A, 0x00, 0x00, 0x00, 0x00, 0x41, 0x63, 0x74, 0x69,
    0x76, 0x65, 0x20, 0x61, 0x6C, 0x6C, 0x6F, 0x63, 0x61, 0x74, 0x69, 0x6F, 0x6E, 0x73, 0x3A, 0x20,
    0x20, 0x25, 0x64, 0x0A, 0x00, 0x00, 0x00, 0x00, 0x41, 0x63, 0x74, 0x69, 0x76, 0x65, 0x20, 0x6C,
    0x6F, 0x63, 0x6B, 0x73, 0x3A, 0x20, 0x20, 0x20, 0x20, 0x20, 0x20, 0x20, 0x20, 0x25, 0x64, 0x0A,
    0x00, 0x00, 0x00, 0x00, 0x45, 0x6E, 0x74, 0x72, 0x79, 0x20, 0x74, 0x61, 0x62, 0x6C, 0x65, 0x20,
    0x73, 0x69, 0x7A, 0x65, 0x3A, 0x20, 0x20, 0x20, 0x20, 0x25, 0x64, 0x20, 0x62, 0x79, 0x74, 0x65,
    0x73, 0x0A, 0x00, 0x00, 0x4C, 0x61, 0x72, 0x67, 0x65, 0x73, 0x74, 0x20, 0x66, 0x72, 0x65, 0x65,
    0x20, 0x73, 0x70, 0x61, 0x63, 0x65, 0x3A, 0x20, 0x20, 0x25, 0x64, 0x20, 0x62, 0x79, 0x74, 0x65,
    0x73, 0x0A, 0x00, 0x00, 0x54, 0x6F, 0x74, 0x61, 0x6C, 0x20, 0x66, 0x72, 0x65, 0x65, 0x20, 0x73,
    0x70, 0x61, 0x63, 0x65, 0x3A, 0x20, 0x20, 0x20, 0x20, 0x25, 0x64, 0x20, 0x62, 0x79, 0x74, 0x65,
    0x73, 0x0A, 0x00, 0x00, 0x54, 0x6F, 0x74, 0x61, 0x6C, 0x20, 0x66, 0x72, 0x65, 0x65, 0x20, 0x62,
    0x6C, 0x6F, 0x63, 0x6B, 0x73, 0x3A, 0x20, 0x20, 0x20, 0x25, 0x64, 0x0A, 0x00, 0x00, 0x00, 0x00,
    0x54, 0x6F, 0x74, 0x61, 0x6C, 0x20, 0x61, 0x6C, 0x6C, 0x6F, 0x63, 0x61, 0x74, 0x69, 0x6F, 0x6E,
    0x73, 0x3A, 0x20, 0x20, 0x20, 0x25, 0x64, 0x0A, 0x00, 0x00, 0x00, 0x00, 0x54, 0x6F, 0x74, 0x61,
    0x6C, 0x20, 0x6C, 0x6F, 0x63, 0x6B, 0x73, 0x3A, 0x20, 0x20, 0x20, 0x20, 0x20, 0x20, 0x20, 0x20,
    0x20, 0x25, 0x64, 0x0A, 0x00, 0x00, 0x00, 0x00, 0x54, 0x6F, 0x74, 0x61, 0x6C, 0x20, 0x75, 0x6E,
    0x6C, 0x6F, 0x63, 0x6B, 0x73, 0x3A, 0x20, 0x20, 0x20, 0x20, 0x20, 0x20, 0x20, 0x25, 0x64, 0x0A,
    0x00, 0x00, 0x00, 0x00, 0x54, 0x6F, 0x74, 0x61, 0x6C, 0x20, 0x66, 0x72, 0x65, 0x65, 0x73, 0x3A,
    0x20, 0x20, 0x20, 0x20, 0x20, 0x20, 0x20, 0x20, 0x20, 0x25, 0x64, 0x0A, 0x00, 0x00, 0x00, 0x00,
    0x54, 0x6F, 0x74, 0x61, 0x6C, 0x20, 0x65, 0x6E, 0x74, 0x72, 0x79, 0x20, 0x72, 0x65, 0x73, 0x69,
    0x7A, 0x65, 0x73, 0x3A, 0x20, 0x25, 0x64, 0x0A, 0x00, 0x00, 0x00, 0x00, 0x46, 0x72, 0x61, 0x67,
    0x6D, 0x65, 0x6E, 0x74, 0x61, 0x74, 0x69, 0x6F, 0x6E, 0x3A, 0x20, 0x20, 0x20, 0x20, 0x20, 0x20,
    0x20, 0x25, 0x2E, 0x31, 0x66, 0x25, 0x25, 0x0A, 0x00, 0x00, 0x00, 0x00, 0x2D, 0x2D, 0x2D, 0x2D,
    0x2D, 0x2D, 0x2D, 0x2D, 0x2D, 0x2D, 0x2D, 0x2D, 0x2D, 0x2D, 0x2D, 0x2D, 0x2D, 0x2D, 0x2D, 0x2D,
    0x2D, 0x2D, 0x2D, 0x2D, 0x2D, 0x2D, 0x2D, 0x2D, 0x2D, 0x2D, 0x2D, 0x2D, 0x2D, 0x2D, 0x2D, 0x2D,
    0x2D, 0x2D, 0x2D, 0x2D, 0x2D, 0x2D, 0x2D, 0x2D, 0x2D, 0x2D, 0x2D, 0x2D, 0x2D, 0x0A, 0x00, 0x00,
};

const u8 lbl_80270BB8[448] = {
    0x47, 0x53, 0x6D, 0x65, 0x6D, 0x3A, 0x20, 0x55, 0x6E, 0x61, 0x62, 0x6C, 0x65, 0x20, 0x74, 0x6F,
    0x20, 0x6C, 0x6F, 0x63, 0x61, 0x74, 0x65, 0x20, 0x70, 0x6F, 0x69, 0x6E, 0x74, 0x65, 0x72, 0x20,
    0x69, 0x6E, 0x20, 0x6D, 0x65, 0x6D, 0x6F, 0x72, 0x79, 0x20, 0x74, 0x61, 0x62, 0x6C, 0x65, 0x20,
    0x2D, 0x2D, 0x20, 0x6F, 0x70, 0x74, 0x69, 0x6D, 0x69, 0x7A, 0x65, 0x20, 0x62, 0x75, 0x67, 0x3F,
    0x0A, 0x00, 0x00, 0x00, 0x47, 0x53, 0x6D, 0x65, 0x6D, 0x3A, 0x20, 0x46, 0x72, 0x65, 0x65, 0x20,
    0x6F, 0x66, 0x20, 0x69, 0x6E, 0x76, 0x61, 0x6C, 0x69, 0x64, 0x20, 0x68, 0x61, 0x6E, 0x64, 0x6C,
    0x65, 0x20, 0x25, 0x64, 0x0A, 0x00, 0x00, 0x00, 0x47, 0x53, 0x6D, 0x65, 0x6D, 0x3A, 0x20, 0x57,
    0x61, 0x72, 0x6E, 0x69, 0x6E, 0x67, 0x20, 0x2D, 0x2D, 0x20, 0x66, 0x72, 0x65, 0x65, 0x20, 0x6F,
    0x66, 0x20, 0x73, 0x74, 0x69, 0x6C, 0x6C, 0x2D, 0x6C, 0x6F, 0x63, 0x6B, 0x65, 0x64, 0x20, 0x68,
    0x61, 0x6E, 0x64, 0x6C, 0x65, 0x20, 0x25, 0x64, 0x0A, 0x00, 0x00, 0x00, 0x47, 0x53, 0x6D, 0x65,
    0x6D, 0x3A, 0x20, 0x50, 0x61, 0x64, 0x64, 0x69, 0x6E, 0x67, 0x20, 0x62, 0x79, 0x74, 0x65, 0x73,
    0x20, 0x6F, 0x76, 0x65, 0x72, 0x77, 0x72, 0x69, 0x74, 0x74, 0x65, 0x6E, 0x20, 0x69, 0x6E, 0x20,
    0x68, 0x61, 0x6E, 0x64, 0x6C, 0x65, 0x20, 0x25, 0x64, 0x0A, 0x00, 0x00, 0x47, 0x53, 0x6D, 0x65,
    0x6D, 0x3A, 0x20, 0x42, 0x6C, 0x6F, 0x63, 0x6B, 0x20, 0x6D, 0x6F, 0x64, 0x69, 0x66, 0x69, 0x65,
    0x64, 0x20, 0x77, 0x69, 0x74, 0x68, 0x6F, 0x75, 0x74, 0x20, 0x6C, 0x6F, 0x63, 0x6B, 0x20, 0x69,
    0x6E, 0x20, 0x68, 0x61, 0x6E, 0x64, 0x6C, 0x65, 0x20, 0x25, 0x64, 0x0A, 0x00, 0x00, 0x00, 0x00,
    0x47, 0x53, 0x6D, 0x65, 0x6D, 0x3A, 0x20, 0x55, 0x6E, 0x6C, 0x6F, 0x63, 0x6B, 0x20, 0x6F, 0x66,
    0x20, 0x69, 0x6E, 0x76, 0x61, 0x6C, 0x69, 0x64, 0x20, 0x68, 0x61, 0x6E, 0x64, 0x6C, 0x65, 0x20,
    0x25, 0x64, 0x0A, 0x00, 0x47, 0x53, 0x6D, 0x65, 0x6D, 0x3A, 0x20, 0x48, 0x61, 0x6E, 0x64, 0x6C,
    0x65, 0x20, 0x25, 0x64, 0x20, 0x61, 0x6C, 0x72, 0x65, 0x61, 0x64, 0x79, 0x20, 0x75, 0x6E, 0x6C,
    0x6F, 0x63, 0x6B, 0x65, 0x64, 0x0A, 0x00, 0x00, 0x47, 0x53, 0x6D, 0x65, 0x6D, 0x3A, 0x20, 0x47,
    0x65, 0x74, 0x53, 0x69, 0x7A, 0x65, 0x20, 0x6F, 0x66, 0x20, 0x69, 0x6E, 0x76, 0x61, 0x6C, 0x69,
    0x64, 0x20, 0x68, 0x61, 0x6E, 0x64, 0x6C, 0x65, 0x20, 0x25, 0x64, 0x0A, 0x00, 0x00, 0x00, 0x00,
    0x47, 0x53, 0x6D, 0x65, 0x6D, 0x3A, 0x20, 0x4C, 0x6F, 0x63, 0x6B, 0x20, 0x6F, 0x66, 0x20, 0x69,
    0x6E, 0x76, 0x61, 0x6C, 0x69, 0x64, 0x20, 0x68, 0x61, 0x6E, 0x64, 0x6C, 0x65, 0x20, 0x25, 0x64,
    0x0A, 0x00, 0x00, 0x00, 0x47, 0x53, 0x6D, 0x65, 0x6D, 0x3A, 0x20, 0x45, 0x78, 0x63, 0x65, 0x65,
    0x64, 0x65, 0x64, 0x20, 0x6C, 0x6F, 0x63, 0x6B, 0x20, 0x63, 0x6F, 0x75, 0x6E, 0x74, 0x20, 0x6F,
    0x6E, 0x20, 0x68, 0x61, 0x6E, 0x64, 0x6C, 0x65, 0x20, 0x25, 0x64, 0x0A, 0x00, 0x00, 0x00, 0x00,
};

const u8 lbl_80270D78[88] = {
    0x47, 0x53, 0x6D, 0x65, 0x6D, 0x3A, 0x20, 0x57, 0x61, 0x72, 0x6E, 0x69, 0x6E, 0x67, 0x20, 0x2D,
    0x2D, 0x20, 0x6D, 0x65, 0x6D, 0x6F, 0x72, 0x79, 0x20, 0x6C, 0x6F, 0x73, 0x73, 0x20, 0x6F, 0x66,
    0x20, 0x25, 0x64, 0x20, 0x62, 0x79, 0x74, 0x65, 0x73, 0x20, 0x64, 0x75, 0x65, 0x20, 0x74, 0x6F,
    0x20, 0x6E, 0x6F, 0x20, 0x62, 0x6C, 0x6F, 0x63, 0x6B, 0x20, 0x62, 0x65, 0x66, 0x6F, 0x72, 0x65,
    0x20, 0x61, 0x6C, 0x6C, 0x6F, 0x63, 0x61, 0x74, 0x69, 0x6F, 0x6E, 0x20, 0x70, 0x6F, 0x69, 0x6E,
    0x74, 0x20, 0x25, 0x30, 0x38, 0x58, 0x0A, 0x00,
};

const u8 lbl_80270DD0[44] = {
    0x47, 0x53, 0x6D, 0x65, 0x6D, 0x3A, 0x20, 0x55, 0x6E, 0x61, 0x62, 0x6C, 0x65, 0x20, 0x74, 0x6F,
    0x20, 0x6C, 0x6F, 0x63, 0x61, 0x74, 0x65, 0x20, 0x62, 0x6C, 0x6F, 0x63, 0x6B, 0x20, 0x66, 0x6F,
    0x72, 0x20, 0x75, 0x70, 0x64, 0x61, 0x74, 0x69, 0x6E, 0x67, 0x0A, 0x00,
};

const u8 lbl_80270DFC[43] = {
    0x47, 0x53, 0x6D, 0x65, 0x6D, 0x3A, 0x20, 0x49, 0x6E, 0x69, 0x74, 0x20, 0x4F, 0x4B, 0x2C, 0x20,
    0x75, 0x73, 0x69, 0x6E, 0x67, 0x20, 0x61, 0x72, 0x65, 0x61, 0x20, 0x25, 0x30, 0x38, 0x58, 0x68,
    0x20, 0x2D, 0x3E, 0x20, 0x25, 0x30, 0x38, 0x58, 0x68, 0x0A, 0x00,
};

const u8 gap_04_80270E27_rodata[1] = {
    0x00,
};

const u8 lbl_80270E28[37] = {
    0x21, 0x28, 0x6A, 0x6F, 0x62, 0x6A, 0x2D, 0x3E, 0x66, 0x6C, 0x61, 0x67, 0x73, 0x20, 0x26, 0x20,
    0x4A, 0x4F, 0x42, 0x4A, 0x5F, 0x55, 0x53, 0x45, 0x5F, 0x51, 0x55, 0x41, 0x54, 0x45, 0x52, 0x4E,
    0x49, 0x4F, 0x4E, 0x29, 0x00,
};

const u8 gap_04_80270E4D_rodata[3] = {
    0x00, 0x00, 0x00,
};

const u8 lbl_80270E50[10] = {
    0x74, 0x72, 0x61, 0x6E, 0x73, 0x6C, 0x61, 0x74, 0x65, 0x00,
};

const u8 gap_04_80270E5A_rodata[6] = {
    0x00, 0x00, 0x00, 0x00, 0x00, 0x00,
};

const u8 lbl_80270E60[10] = {
    0x74, 0x72, 0x61, 0x6E, 0x73, 0x6C, 0x61, 0x74, 0x65, 0x00,
};

const u8 gap_04_80270E6A_rodata[2] = {
    0x00, 0x00,
};

const u8 lbl_80270E6C[37] = {
    0x21, 0x28, 0x6A, 0x6F, 0x62, 0x6A, 0x2D, 0x3E, 0x66, 0x6C, 0x61, 0x67, 0x73, 0x20, 0x26, 0x20,
    0x4A, 0x4F, 0x42, 0x4A, 0x5F, 0x55, 0x53, 0x45, 0x5F, 0x51, 0x55, 0x41, 0x54, 0x45, 0x52, 0x4E,
    0x49, 0x4F, 0x4E, 0x29, 0x00,
};

const u8 gap_04_80270E91_rodata[7] = {
    0x00, 0x00, 0x00, 0x00, 0x00, 0x00, 0x00,
};

const u8 lbl_80270E98[9] = {
    0x73, 0x68, 0x61, 0x64, 0x6F, 0x77, 0x2E, 0x68, 0x00,
};

const u8 gap_04_80270EA1_rodata[7] = {
    0x00, 0x00, 0x00, 0x00, 0x00, 0x00, 0x00,
};

const u8 lbl_80270EA8[10] = {
    0x74, 0x72, 0x61, 0x6E, 0x73, 0x6C, 0x61, 0x74, 0x65, 0x00,
};

const u8 gap_04_80270EB2_rodata[6] = {
    0x00, 0x00, 0x00, 0x00, 0x00, 0x00,
};

const u8 lbl_80270EB8[48] = {
    0x65, 0x6E, 0x76, 0x65, 0x6C, 0x6F, 0x70, 0x65, 0x00, 0x00, 0x00, 0x00, 0x65, 0x6E, 0x76, 0x65,
    0x6C, 0x6F, 0x70, 0x65, 0x2D, 0x3E, 0x6A, 0x6F, 0x62, 0x6A, 0x00, 0x00, 0x6A, 0x70, 0x2D, 0x3E,
    0x65, 0x6E, 0x76, 0x65, 0x6C, 0x6F, 0x70, 0x65, 0x6D, 0x74, 0x78, 0x00, 0x00, 0x00, 0x00, 0x00,
};

const u8 lbl_80270EE8[37] = {
    0x21, 0x28, 0x6A, 0x6F, 0x62, 0x6A, 0x2D, 0x3E, 0x66, 0x6C, 0x61, 0x67, 0x73, 0x20, 0x26, 0x20,
    0x4A, 0x4F, 0x42, 0x4A, 0x5F, 0x55, 0x53, 0x45, 0x5F, 0x51, 0x55, 0x41, 0x54, 0x45, 0x52, 0x4E,
    0x49, 0x4F, 0x4E, 0x29, 0x00,
};

const u8 gap_04_80270F0D_rodata[3] = {
    0x00, 0x00, 0x00,
};

const u8 lbl_80270F10[49] = {
    0x47, 0x53, 0x70, 0x61, 0x72, 0x74, 0x3A, 0x20, 0x70, 0x61, 0x72, 0x74, 0x20, 0x69, 0x73, 0x20,
    0x61, 0x6C, 0x72, 0x65, 0x61, 0x64, 0x79, 0x20, 0x72, 0x65, 0x67, 0x69, 0x73, 0x74, 0x65, 0x72,
    0x65, 0x64, 0x20, 0x66, 0x6F, 0x72, 0x20, 0x72, 0x6F, 0x74, 0x61, 0x74, 0x69, 0x6F, 0x6E, 0x0A,
    0x00,
};

const u8 gap_04_80270F41_rodata[3] = {
    0x00, 0x00, 0x00,
};

const u8 lbl_80270F44[49] = {
    0x47, 0x53, 0x70, 0x61, 0x72, 0x74, 0x3A, 0x20, 0x6D, 0x6F, 0x64, 0x65, 0x6C, 0x20, 0x68, 0x61,
    0x73, 0x20, 0x74, 0x6F, 0x6F, 0x20, 0x6D, 0x61, 0x6E, 0x79, 0x20, 0x72, 0x65, 0x67, 0x69, 0x73,
    0x74, 0x65, 0x72, 0x65, 0x64, 0x20, 0x72, 0x6F, 0x74, 0x61, 0x74, 0x69, 0x6F, 0x6E, 0x73, 0x0A,
    0x00,
};

const u8 gap_04_80270F75_rodata[3] = {
    0x00, 0x00, 0x00,
};

const u8 lbl_80270F78[29] = {
    0x47, 0x53, 0x70, 0x61, 0x72, 0x74, 0x3A, 0x20, 0x63, 0x68, 0x69, 0x6C, 0x64, 0x20, 0x6E, 0x6F,
    0x64, 0x65, 0x20, 0x74, 0x6F, 0x6F, 0x20, 0x64, 0x65, 0x65, 0x70, 0x0A, 0x00,
};

const u8 gap_04_80270F95_rodata[3] = {
    0x00, 0x00, 0x00,
};

const u8 lbl_80270F98[35] = {
    0x47, 0x53, 0x74, 0x65, 0x78, 0x74, 0x75, 0x72, 0x65, 0x3A, 0x20, 0x69, 0x6E, 0x76, 0x61, 0x6C,
    0x69, 0x64, 0x20, 0x74, 0x65, 0x78, 0x74, 0x75, 0x72, 0x65, 0x20, 0x66, 0x6F, 0x72, 0x6D, 0x61,
    0x74, 0x0A, 0x00,
};

const u8 gap_04_80270FBB_rodata[1] = {
    0x00,
};

const u8 lbl_80270FBC[69] = {
    0x47, 0x53, 0x74, 0x65, 0x78, 0x74, 0x75, 0x72, 0x65, 0x3A, 0x20, 0x77, 0x61, 0x72, 0x6E, 0x69,
    0x6E, 0x67, 0x20, 0x2D, 0x2D, 0x20, 0x74, 0x65, 0x78, 0x74, 0x75, 0x72, 0x65, 0x20, 0x73, 0x69,
    0x7A, 0x65, 0x20, 0x61, 0x64, 0x6A, 0x75, 0x73, 0x74, 0x65, 0x64, 0x20, 0x66, 0x72, 0x6F, 0x6D,
    0x20, 0x5B, 0x25, 0x64, 0x2C, 0x25, 0x64, 0x5D, 0x20, 0x74, 0x6F, 0x20, 0x5B, 0x25, 0x64, 0x2C,
    0x25, 0x64, 0x5D, 0x0A, 0x00,
};

const u8 gap_04_80271001_rodata[7] = {
    0x00, 0x00, 0x00, 0x00, 0x00, 0x00, 0x00,
};

const u8 lbl_80271008[46] = {
    0x47, 0x53, 0x74, 0x68, 0x72, 0x65, 0x61, 0x64, 0x43, 0x72, 0x65, 0x61, 0x74, 0x65, 0x2E, 0x20,
    0x57, 0x61, 0x72, 0x6E, 0x69, 0x6E, 0x67, 0x3A, 0x20, 0x27, 0x75, 0x73, 0x65, 0x73, 0x46, 0x50,
    0x55, 0x3D, 0x3D, 0x46, 0x41, 0x4C, 0x45, 0x27, 0x20, 0x4F, 0x4B, 0x3F, 0x0A, 0x00,
};

const u8 gap_04_80271036_rodata[2] = {
    0x00, 0x00,
};

const u8 lbl_80271038[42] = {
    0x47, 0x53, 0x74, 0x68, 0x72, 0x65, 0x61, 0x64, 0x3A, 0x20, 0x49, 0x6E, 0x69, 0x74, 0x20, 0x4F,
    0x4B, 0x2C, 0x20, 0x6D, 0x61, 0x78, 0x69, 0x6D, 0x75, 0x6D, 0x20, 0x6F, 0x66, 0x20, 0x25, 0x64,
    0x20, 0x74, 0x68, 0x72, 0x65, 0x61, 0x64, 0x73, 0x0A, 0x00,
};

const u8 gap_04_80271062_rodata[6] = {
    0x00, 0x00, 0x00, 0x00, 0x00, 0x00,
};

const u8 lbl_80271068[17] = {
    0x53, 0x74, 0x61, 0x63, 0x6B, 0x20, 0x6F, 0x76, 0x65, 0x72, 0x66, 0x6C, 0x6F, 0x77, 0x2E, 0x0A,
    0x00,
};

const u8 gap_04_80271079_rodata[3] = {
    0x00, 0x00, 0x00,
};

const u8 lbl_8027107C[224] = {
    0x53, 0x74, 0x61, 0x63, 0x6B, 0x20, 0x75, 0x6E, 0x64, 0x65, 0x72, 0x66, 0x6C, 0x6F, 0x77, 0x2E,
    0x0A, 0x00, 0x00, 0x00, 0x95, 0xCF, 0x90, 0x94, 0x82, 0xCC, 0x8C, 0x5E, 0x82, 0xAA, 0x96, 0xA2,
    0x92, 0xE8, 0x8B, 0x60, 0x82, 0xC5, 0x82, 0xB7, 0x3A, 0x5B, 0x25, 0x30, 0x32, 0x78, 0x5D, 0x0A,
    0x00, 0x00, 0x00, 0x00, 0x5F, 0x63, 0x6F, 0x64, 0x65, 0x53, 0x74, 0x72, 0x75, 0x63, 0x74, 0x41,
    0x73, 0x73, 0x69, 0x67, 0x6E, 0x3A, 0x20, 0x20, 0x83, 0x47, 0x83, 0x89, 0x81, 0x5B, 0x81, 0x46,
    0x92, 0xE8, 0x90, 0x94, 0x82, 0xC9, 0x90, 0x94, 0x92, 0x6C, 0x82, 0xCC, 0x83, 0x5A, 0x83, 0x62,
    0x83, 0x67, 0x82, 0xCD, 0x82, 0xC5, 0x82, 0xAB, 0x82, 0xDC, 0x82, 0xB9, 0x82, 0xF1, 0x0A, 0x00,
    0x95, 0xCF, 0x90, 0x94, 0x82, 0xCC, 0x8C, 0x5E, 0x82, 0xAA, 0x96, 0xA2, 0x92, 0xE8, 0x8B, 0x60,
    0x3A, 0x5B, 0x25, 0x30, 0x32, 0x78, 0x5D, 0x0A, 0x00, 0x00, 0x00, 0x00, 0x73, 0x65, 0x74, 0x56,
    0x61, 0x6C, 0x75, 0x65, 0x20, 0x97, 0xE1, 0x8A, 0x4F, 0x83, 0x47, 0x83, 0x89, 0x81, 0x5B, 0x81,
    0x46, 0x92, 0xE8, 0x90, 0x94, 0x82, 0xC9, 0x90, 0x94, 0x92, 0x6C, 0x82, 0xCC, 0x83, 0x5A, 0x83,
    0x62, 0x83, 0x67, 0x82, 0xCD, 0x82, 0xC5, 0x82, 0xAB, 0x82, 0xDC, 0x82, 0xB9, 0x82, 0xF1, 0x0A,
    0x00, 0x00, 0x00, 0x00, 0x82, 0x4F, 0x82, 0xC5, 0x8F, 0x9C, 0x8E, 0x5A, 0x82, 0xB5, 0x82, 0xE6,
    0x82, 0xA4, 0x82, 0xC6, 0x82, 0xB5, 0x82, 0xDC, 0x82, 0xB5, 0x82, 0xBD, 0x0A, 0x00, 0x00, 0x00,
};

const u8 lbl_8027115C[312] = {
    0x90, 0xDD, 0x92, 0xE8, 0x82, 0xB7, 0x82, 0xE9, 0x8A, 0xD6, 0x90, 0x94, 0x82, 0xCC, 0x83, 0x43,
    0x83, 0x93, 0x83, 0x66, 0x83, 0x62, 0x83, 0x4E, 0x83, 0x58, 0x5B, 0x25, 0x64, 0x5D, 0x82, 0xAA,
    0x95, 0x73, 0x90, 0xB3, 0x82, 0xC5, 0x82, 0xB7, 0x0A, 0x00, 0x00, 0x00, 0x73, 0x63, 0x72, 0x69,
    0x70, 0x74, 0x20, 0x25, 0x30, 0x38, 0x58, 0x20, 0x74, 0x65, 0x72, 0x6D, 0x69, 0x6E, 0x61, 0x74,
    0x65, 0x64, 0x20, 0x62, 0x79, 0x20, 0x73, 0x74, 0x61, 0x74, 0x75, 0x73, 0x20, 0x3D, 0x3D, 0x20,
    0x53, 0x54, 0x41, 0x4E, 0x44, 0x42, 0x59, 0x0A, 0x00, 0x00, 0x00, 0x00, 0x83, 0x54, 0x83, 0x7C,
    0x81, 0x5B, 0x83, 0x67, 0x82, 0xB3, 0x82, 0xEA, 0x82, 0xC4, 0x82, 0xA2, 0x82, 0xC8, 0x82, 0xA2,
    0x83, 0x52, 0x81, 0x5B, 0x83, 0x68, 0x82, 0xC5, 0x82, 0xB7, 0x3A, 0x25, 0x30, 0x32, 0x78, 0x0A,
    0x00, 0x00, 0x00, 0x00, 0x83, 0x58, 0x83, 0x4E, 0x83, 0x8A, 0x83, 0x76, 0x83, 0x67, 0x82, 0xCC,
    0x8B, 0x4E, 0x93, 0xAE, 0x82, 0xC9, 0x8E, 0xB8, 0x94, 0x73, 0x82, 0xB5, 0x82, 0xDC, 0x82, 0xB5,
    0x82, 0xBD, 0x3A, 0x5B, 0x25, 0x30, 0x38, 0x78, 0x5D, 0x20, 0x83, 0x5E, 0x83, 0x58, 0x83, 0x4E,
    0x82, 0xAA, 0x91, 0xAB, 0x82, 0xE8, 0x82, 0xDC, 0x82, 0xB9, 0x82, 0xF1, 0x0A, 0x00, 0x00, 0x00,
    0x83, 0x58, 0x83, 0x4E, 0x83, 0x8A, 0x83, 0x76, 0x83, 0x67, 0x82, 0xCC, 0x8B, 0x4E, 0x93, 0xAE,
    0x82, 0xC9, 0x8E, 0xB8, 0x94, 0x73, 0x82, 0xB5, 0x82, 0xDC, 0x82, 0xB5, 0x82, 0xBD, 0x3A, 0x5B,
    0x25, 0x30, 0x38, 0x78, 0x5D, 0x20, 0x82, 0x68, 0x82, 0x63, 0x82, 0xAA, 0x8C, 0xA9, 0x82, 0xC2,
    0x82, 0xA9, 0x82, 0xE8, 0x82, 0xDC, 0x82, 0xB9, 0x82, 0xF1, 0x0A, 0x00, 0x83, 0x58, 0x83, 0x4E,
    0x83, 0x8A, 0x83, 0x76, 0x83, 0x67, 0x82, 0xCC, 0x8B, 0x4E, 0x93, 0xAE, 0x82, 0xC9, 0x8E, 0xB8,
    0x94, 0x73, 0x82, 0xB5, 0x82, 0xDC, 0x82, 0xB5, 0x82, 0xBD, 0x3A, 0x5B, 0x25, 0x30, 0x38, 0x78,
    0x5D, 0x20, 0x83, 0x6E, 0x83, 0x93, 0x83, 0x68, 0x83, 0x8B, 0x82, 0xCC, 0x8A, 0x6D, 0x95, 0xDB,
    0x82, 0xC9, 0x8E, 0xB8, 0x94, 0x73, 0x0A, 0x00,
};

const u8 lbl_80271294[36] = {
    0x5B, 0x25, 0x73, 0x5D, 0x20, 0x83, 0x58, 0x83, 0x8C, 0x83, 0x62, 0x83, 0x68, 0x82, 0xCC, 0x82,
    0xB3, 0x82, 0xAD, 0x82, 0xB9, 0x82, 0xA2, 0x82, 0xC9, 0x82, 0xB5, 0x82, 0xC1, 0x82, 0xCF, 0x82,
    0xA2, 0x0A, 0x00, 0x00,
};

const u8 lbl_802712B8[44] = {
    0x83, 0x58, 0x83, 0x4E, 0x83, 0x8A, 0x83, 0x76, 0x83, 0x67, 0x82, 0xCC, 0x83, 0x41, 0x83, 0x93,
    0x83, 0x7D, 0x83, 0x62, 0x83, 0x76, 0x82, 0xC9, 0x8E, 0xB8, 0x94, 0x73, 0x82, 0xB5, 0x82, 0xDC,
    0x82, 0xB5, 0x82, 0xBD, 0x3A, 0x5B, 0x25, 0x64, 0x5D, 0x0A, 0x00, 0x00,
};

const u8 lbl_802712E4[28] = {
    0x47, 0x53, 0x76, 0x6D, 0x82, 0xCC, 0x8F, 0x89, 0x8A, 0xFA, 0x89, 0xBB, 0x82, 0xC9, 0x8E, 0xB8,
    0x94, 0x73, 0x82, 0xB5, 0x82, 0xDC, 0x82, 0xB5, 0x82, 0xBD, 0x0A, 0x00,
};

const u8 lbl_80271300[512] = {
    0x30, 0x00, 0x30, 0x42, 0x30, 0x44, 0x30, 0x46, 0x30, 0x48, 0x30, 0x4A, 0x30, 0x4B, 0x30, 0x4D,
    0x30, 0x4F, 0x30, 0x51, 0x30, 0x53, 0x30, 0x55, 0x30, 0x57, 0x30, 0x59, 0x30, 0x5B, 0x30, 0x5D,
    0x30, 0x5F, 0x30, 0x61, 0x30, 0x64, 0x30, 0x66, 0x30, 0x68, 0x30, 0x6A, 0x30, 0x6B, 0x30, 0x6C,
    0x30, 0x6D, 0x30, 0x6E, 0x30, 0x6F, 0x30, 0x72, 0x30, 0x75, 0x30, 0x78, 0x30, 0x7B, 0x30, 0x7E,
    0x30, 0x7F, 0x30, 0x80, 0x30, 0x81, 0x30, 0x82, 0x30, 0x84, 0x30, 0x86, 0x30, 0x88, 0x30, 0x89,
    0x30, 0x8A, 0x30, 0x8B, 0x30, 0x8C, 0x30, 0x8D, 0x30, 0x8F, 0x30, 0x92, 0x30, 0x93, 0x30, 0x41,
    0x30, 0x43, 0x30, 0x45, 0x30, 0x47, 0x30, 0x49, 0x30, 0x83, 0x30, 0x85, 0x30, 0x87, 0x30, 0x4C,
    0x30, 0x4E, 0x30, 0x50, 0x30, 0x52, 0x30, 0x54, 0x30, 0x56, 0x30, 0x58, 0x30, 0x5A, 0x30, 0x5C,
    0x30, 0x5E, 0x30, 0x60, 0x30, 0x62, 0x30, 0x65, 0x30, 0x67, 0x30, 0x69, 0x30, 0x70, 0x30, 0x73,
    0x30, 0x76, 0x30, 0x79, 0x30, 0x7C, 0x30, 0x71, 0x30, 0x74, 0x30, 0x77, 0x30, 0x7A, 0x30, 0x7D,
    0x30, 0x63, 0x30, 0xA2, 0x30, 0xA4, 0x30, 0xA6, 0x30, 0xA8, 0x30, 0xAA, 0x30, 0xAB, 0x30, 0xAD,
    0x30, 0xAF, 0x30, 0xB1, 0x30, 0xB3, 0x30, 0xB5, 0x30, 0xB7, 0x30, 0xB9, 0x30, 0xBB, 0x30, 0xBD,
    0x30, 0xBF, 0x30, 0xC1, 0x30, 0xC4, 0x30, 0xC6, 0x30, 0xC8, 0x30, 0xCA, 0x30, 0xCB, 0x30, 0xCC,
    0x30, 0xCD, 0x30, 0xCE, 0x30, 0xCF, 0x30, 0xD2, 0x30, 0xD5, 0x30, 0xD8, 0x30, 0xDB, 0x30, 0xDE,
    0x30, 0xDF, 0x30, 0xE0, 0x30, 0xE1, 0x30, 0xE2, 0x30, 0xE4, 0x30, 0xE6, 0x30, 0xE8, 0x30, 0xE9,
    0x30, 0xEA, 0x30, 0xEB, 0x30, 0xEC, 0x30, 0xED, 0x30, 0xEF, 0x30, 0xF2, 0x30, 0xF3, 0x30, 0xA1,
    0x30, 0xA3, 0x30, 0xA5, 0x30, 0xA7, 0x30, 0xA9, 0x30, 0xE3, 0x30, 0xE5, 0x30, 0xE7, 0x30, 0xAC,
    0x30, 0xAE, 0x30, 0xB0, 0x30, 0xB2, 0x30, 0xB4, 0x30, 0xB6, 0x30, 0xB8, 0x30, 0xBA, 0x30, 0xBC,
    0x30, 0xBE, 0x30, 0xC0, 0x30, 0xC2, 0x30, 0xC5, 0x30, 0xC7, 0x30, 0xC9, 0x30, 0xD0, 0x30, 0xD3,
    0x30, 0xD6, 0x30, 0xD9, 0x30, 0xDC, 0x30, 0xD1, 0x30, 0xD4, 0x30, 0xD7, 0x30, 0xDA, 0x30, 0xDD,
    0x30, 0xC3, 0xFF, 0x10, 0xFF, 0x11, 0xFF, 0x12, 0xFF, 0x13, 0xFF, 0x14, 0xFF, 0x15, 0xFF, 0x16,
    0xFF, 0x17, 0xFF, 0x18, 0xFF, 0x19, 0xFF, 0x01, 0xFF, 0x1F, 0x30, 0x02, 0x30, 0xFC, 0x30, 0xFB,
    0x20, 0x25, 0x30, 0x0E, 0x30, 0x0F, 0x30, 0x0C, 0x30, 0x0D, 0x26, 0x42, 0x26, 0x40, 0x51, 0x86,
    0xFF, 0x0E, 0x00, 0xD7, 0xFF, 0x0F, 0xFF, 0x21, 0xFF, 0x22, 0xFF, 0x23, 0xFF, 0x24, 0xFF, 0x25,
    0xFF, 0x26, 0xFF, 0x27, 0xFF, 0x28, 0xFF, 0x29, 0xFF, 0x2A, 0xFF, 0x2B, 0xFF, 0x2C, 0xFF, 0x2D,
    0xFF, 0x2E, 0xFF, 0x2F, 0xFF, 0x30, 0xFF, 0x31, 0xFF, 0x32, 0xFF, 0x33, 0xFF, 0x34, 0xFF, 0x35,
    0xFF, 0x36, 0xFF, 0x37, 0xFF, 0x38, 0xFF, 0x39, 0xFF, 0x3A, 0xFF, 0x41, 0xFF, 0x42, 0xFF, 0x43,
    0xFF, 0x44, 0xFF, 0x45, 0xFF, 0x46, 0xFF, 0x47, 0xFF, 0x48, 0xFF, 0x49, 0xFF, 0x4A, 0xFF, 0x4B,
    0xFF, 0x4C, 0xFF, 0x4D, 0xFF, 0x4E, 0xFF, 0x4F, 0xFF, 0x50, 0xFF, 0x51, 0xFF, 0x52, 0xFF, 0x53,
    0xFF, 0x54, 0xFF, 0x55, 0xFF, 0x56, 0xFF, 0x57, 0xFF, 0x58, 0xFF, 0x59, 0xFF, 0x5A, 0x00, 0x00,
    0xFF, 0x1A, 0x00, 0xC4, 0x00, 0xD6, 0x00, 0xDC, 0x00, 0xE4, 0x00, 0xF6, 0x00, 0xFC, 0x21, 0x91,
    0x21, 0x93, 0x21, 0x90, 0x21, 0x92, 0xFF, 0x0B, 0x00, 0x00, 0x00, 0x00, 0x00, 0x00, 0x00, 0x00,
};

const u8 lbl_80271500[512] = {
    0x00, 0x20, 0x00, 0xC0, 0x00, 0xC1, 0x00, 0xC2, 0x00, 0xC7, 0x00, 0xC8, 0x00, 0xC9, 0x00, 0xCA,
    0x00, 0xCB, 0x00, 0xCC, 0x00, 0x00, 0x00, 0xCE, 0x00, 0xCF, 0x00, 0xD2, 0x00, 0xD3, 0x00, 0xD4,
    0x01, 0x52, 0x00, 0xD9, 0x00, 0xDA, 0x00, 0xDB, 0x00, 0xD1, 0x00, 0xDF, 0x00, 0xE0, 0x00, 0xE1,
    0x00, 0x00, 0x00, 0xE7, 0x00, 0xE8, 0x00, 0xE9, 0x00, 0xEA, 0x00, 0xEB, 0x00, 0xEC, 0x00, 0x00,
    0x00, 0xEE, 0x00, 0xEF, 0x00, 0xF2, 0x00, 0xF3, 0x00, 0xF4, 0x01, 0x53, 0x00, 0xF9, 0x00, 0xFA,
    0x00, 0xFB, 0x00, 0xF1, 0x00, 0xBA, 0x00, 0xAA, 0xFE, 0xFE, 0x00, 0x26, 0x00, 0x2B, 0x00, 0x00,
    0x00, 0x00, 0x00, 0x00, 0x00, 0x00, 0x00, 0x00, 0xFE, 0xFE, 0x00, 0x3D, 0x00, 0x3B, 0x00, 0x00,
    0x00, 0x00, 0x00, 0x00, 0x00, 0x00, 0x00, 0x00, 0x00, 0x00, 0x00, 0x00, 0x00, 0x00, 0x00, 0x00,
    0x00, 0x00, 0x00, 0x00, 0x00, 0x00, 0x00, 0x00, 0x00, 0x00, 0x00, 0x00, 0x00, 0x00, 0x00, 0x00,
    0x00, 0x00, 0x00, 0x00, 0x00, 0x00, 0x00, 0x00, 0x00, 0x00, 0x00, 0x00, 0x00, 0x00, 0x00, 0x00,
    0x00, 0x00, 0x00, 0xBF, 0x00, 0xA1, 0xFE, 0xFE, 0xFE, 0xFE, 0xFE, 0xFE, 0xFE, 0xFE, 0xFE, 0xFE,
    0xFE, 0xFE, 0xFE, 0xFE, 0x00, 0xCD, 0x00, 0x25, 0x00, 0x28, 0x00, 0x29, 0x00, 0x00, 0x00, 0x00,
    0x00, 0x00, 0x00, 0x00, 0x00, 0x00, 0x00, 0x00, 0x00, 0x00, 0x00, 0x00, 0x00, 0x00, 0x00, 0x00,
    0x00, 0xE2, 0x00, 0x00, 0x00, 0x00, 0x00, 0x00, 0x00, 0x00, 0x00, 0x00, 0x00, 0x00, 0x00, 0xED,
    0x00, 0x00, 0x00, 0x00, 0x00, 0x00, 0x00, 0x00, 0x00, 0x00, 0x00, 0x00, 0x00, 0x00, 0x00, 0x00,
    0x00, 0x00, 0x21, 0x91, 0x21, 0x93, 0x21, 0x90, 0xFF, 0x0B, 0x00, 0x00, 0x00, 0x00, 0x00, 0x00,
    0x00, 0x00, 0x00, 0x00, 0x00, 0x00, 0x00, 0x00, 0xFE, 0xFE, 0x00, 0x3C, 0x00, 0x3E, 0x00, 0x00,
    0x00, 0x00, 0x00, 0x00, 0x00, 0x00, 0x00, 0x00, 0x00, 0x00, 0x00, 0x00, 0x00, 0x00, 0x00, 0x00,
    0x30, 0xBE, 0x30, 0xC0, 0x30, 0xC2, 0x30, 0xC5, 0x30, 0xC7, 0x30, 0xC9, 0x30, 0xD0, 0x30, 0xD3,
    0x30, 0xD6, 0x30, 0xD9, 0x30, 0xDC, 0x30, 0xD1, 0x30, 0xD4, 0x30, 0xD7, 0x30, 0xDA, 0x30, 0xDD,
    0xFE, 0xFE, 0x00, 0x30, 0x00, 0x31, 0x00, 0x32, 0x00, 0x33, 0x00, 0x34, 0x00, 0x35, 0x00, 0x36,
    0x00, 0x37, 0x00, 0x38, 0x00, 0x39, 0x00, 0x21, 0x00, 0x3F, 0x00, 0x2E, 0x00, 0x2D, 0x30, 0xFB,
    0x20, 0x30, 0x20, 0x1C, 0x20, 0x1D, 0x20, 0x18, 0x00, 0x27, 0x26, 0x42, 0x26, 0x40, 0x00, 0x24,
    0x00, 0x2C, 0x00, 0xD7, 0x00, 0x2F, 0x00, 0x41, 0x00, 0x42, 0x00, 0x43, 0x00, 0x44, 0x00, 0x45,
    0x00, 0x46, 0x00, 0x47, 0x00, 0x48, 0x00, 0x49, 0x00, 0x4A, 0x00, 0x4B, 0x00, 0x4C, 0x00, 0x4D,
    0x00, 0x4E, 0x00, 0x4F, 0x00, 0x50, 0x00, 0x51, 0x00, 0x52, 0x00, 0x53, 0x00, 0x54, 0x00, 0x55,
    0x00, 0x56, 0x00, 0x57, 0x00, 0x58, 0x00, 0x59, 0x00, 0x5A, 0x00, 0x61, 0x00, 0x62, 0x00, 0x63,
    0x00, 0x64, 0x00, 0x65, 0x00, 0x66, 0x00, 0x67, 0x00, 0x68, 0x00, 0x69, 0x00, 0x6A, 0x00, 0x6B,
    0x00, 0x6C, 0x00, 0x6D, 0x00, 0x6E, 0x00, 0x6F, 0x00, 0x70, 0x00, 0x71, 0x00, 0x72, 0x00, 0x73,
    0x00, 0x74, 0x00, 0x75, 0x00, 0x76, 0x00, 0x77, 0x00, 0x78, 0x00, 0x79, 0x00, 0x7A, 0x00, 0x00,
    0x00, 0x3A, 0x00, 0xC4, 0x00, 0xD6, 0x00, 0xDC, 0x00, 0xE4, 0x00, 0xF6, 0x00, 0xFC, 0x00, 0x00,
    0x00, 0x00, 0x00, 0x00, 0x00, 0x00, 0x00, 0x00, 0x00, 0x00, 0x00, 0x00, 0x00, 0x00, 0x00, 0x00,
};

const u8 lbl_80271700[48] = {
    0x5B, 0x25, 0x73, 0x5D, 0x20, 0x45, 0x72, 0x72, 0x6F, 0x72, 0x21, 0x21, 0x20, 0x83, 0x81, 0x83,
    0x62, 0x83, 0x5A, 0x81, 0x5B, 0x83, 0x57, 0x82, 0xCC, 0x83, 0x6C, 0x83, 0x58, 0x83, 0x67, 0x82,
    0xAA, 0x90, 0x5B, 0x82, 0xB7, 0x82, 0xAC, 0x82, 0xDC, 0x82, 0xB7, 0x0A, 0x00, 0x00, 0x00, 0x00,
};

const u8 lbl_80271730[36] = {
    0x47, 0x53, 0x6D, 0x73, 0x67, 0x45, 0x78, 0x65, 0x63, 0x28, 0x25, 0x30, 0x38, 0x78, 0x29, 0x20,
    0x8E, 0xB8, 0x94, 0x73, 0x81, 0x69, 0x83, 0x8F, 0x81, 0x5B, 0x83, 0x4E, 0x95, 0x73, 0x91, 0xAB,
    0x81, 0x6A, 0x0A, 0x00,
};

const u8 lbl_80271754[40] = {
    0x47, 0x53, 0x6D, 0x73, 0x67, 0x45, 0x78, 0x65, 0x63, 0x28, 0x25, 0x30, 0x38, 0x78, 0x29, 0x20,
    0x8E, 0xB8, 0x94, 0x73, 0x81, 0x69, 0x83, 0x66, 0x81, 0x5B, 0x83, 0x5E, 0x82, 0xAA, 0x96, 0xB3,
    0x82, 0xA2, 0x81, 0x6A, 0x0A, 0x00, 0x00, 0x00,
};

const u8 lbl_8027177C[56] = {
    0x5B, 0x47, 0x53, 0x6D, 0x73, 0x67, 0x46, 0x6F, 0x6E, 0x74, 0x4F, 0x70, 0x65, 0x6E, 0x5D, 0x20,
    0x20, 0x46, 0x4F, 0x4E, 0x54, 0x5B, 0x25, 0x64, 0x5D, 0x82, 0xCC, 0x93, 0x6F, 0x98, 0x5E, 0x90,
    0x94, 0x82, 0xF0, 0x83, 0x49, 0x81, 0x5B, 0x83, 0x6F, 0x81, 0x5B, 0x82, 0xB5, 0x82, 0xDC, 0x82,
    0xB5, 0x82, 0xBD, 0x0A, 0x00, 0x00, 0x00, 0x00,
};

const u8 lbl_802717B4[32] = {
    0x47, 0x53, 0x6D, 0x73, 0x67, 0x82, 0xCC, 0x8F, 0x89, 0x8A, 0xFA, 0x89, 0xBB, 0x82, 0xC9, 0x8E,
    0xB8, 0x94, 0x73, 0x82, 0xB5, 0x82, 0xDC, 0x82, 0xB5, 0x82, 0xBD, 0x0A, 0x00, 0x00, 0x00, 0x00,
};

const u8 lbl_802717D4[23] = {
    0x5F, 0x6D, 0x73, 0x67, 0x47, 0x65, 0x74, 0x53, 0x69, 0x7A, 0x65, 0x28, 0x29, 0x20, 0x66, 0x61,
    0x69, 0x6C, 0x65, 0x64, 0x2E, 0x0A, 0x00,
};

const u8 gap_04_802717EB_rodata[5] = {
    0x00, 0x00, 0x00, 0x00, 0x00,
};

const u8 lbl_802717F0[35] = {
    0x47, 0x53, 0x66, 0x6C, 0x6F, 0x6F, 0x72, 0x4F, 0x70, 0x65, 0x6E, 0x3A, 0x20, 0x63, 0x61, 0x6E,
    0x6E, 0x6F, 0x74, 0x20, 0x66, 0x69, 0x6E, 0x64, 0x20, 0x66, 0x6C, 0x6F, 0x6F, 0x72, 0x20, 0x25,
    0x64, 0x0A, 0x00,
};

const u8 gap_04_80271813_rodata[1] = {
    0x00,
};

const u8 lbl_80271814[432] = {
    0x93, 0xC7, 0x82, 0xDD, 0x8F, 0x6F, 0x82, 0xB5, 0x83, 0x47, 0x83, 0x89, 0x81, 0x5B, 0x0A, 0x00,
    0x6C, 0x6F, 0x61, 0x64, 0x42, 0x47, 0x4D, 0x28, 0x29, 0x3A, 0x20, 0x6C, 0x6F, 0x61, 0x64, 0x69,
    0x6E, 0x67, 0x20, 0x5B, 0x25, 0x73, 0x5D, 0x2E, 0x2E, 0x2E, 0x0A, 0x00, 0x5F, 0x66, 0x6C, 0x6F,
    0x6F, 0x72, 0x47, 0x65, 0x74, 0x46, 0x69, 0x6C, 0x65, 0x73, 0x69, 0x7A, 0x65, 0x28, 0x29, 0x3A,
    0x20, 0x63, 0x61, 0x6E, 0x27, 0x74, 0x20, 0x6F, 0x70, 0x65, 0x6E, 0x20, 0x66, 0x69, 0x6C, 0x65,
    0x20, 0x5B, 0x25, 0x73, 0x5D, 0x0A, 0x00, 0x00, 0x6C, 0x6F, 0x61, 0x64, 0x42, 0x47, 0x4D, 0x28,
    0x29, 0x3A, 0x20, 0x63, 0x61, 0x6E, 0x27, 0x74, 0x20, 0x61, 0x6C, 0x6C, 0x6F, 0x63, 0x20, 0x25,
    0x64, 0x20, 0x62, 0x79, 0x74, 0x65, 0x73, 0x20, 0x6F, 0x66, 0x20, 0x6D, 0x65, 0x6D, 0x6F, 0x72,
    0x79, 0x0A, 0x00, 0x00, 0x5F, 0x66, 0x6C, 0x6F, 0x6F, 0x72, 0x4C, 0x6F, 0x61, 0x64, 0x46, 0x69,
    0x6C, 0x65, 0x28, 0x29, 0x3A, 0x20, 0x63, 0x61, 0x6E, 0x27, 0x74, 0x20, 0x6F, 0x70, 0x65, 0x6E,
    0x20, 0x66, 0x69, 0x6C, 0x65, 0x20, 0x5B, 0x25, 0x73, 0x5D, 0x0A, 0x00, 0x5F, 0x66, 0x6C, 0x6F,
    0x6F, 0x72, 0x4C, 0x6F, 0x61, 0x64, 0x46, 0x69, 0x6C, 0x65, 0x28, 0x29, 0x3A, 0x20, 0x65, 0x72,
    0x72, 0x6F, 0x72, 0x20, 0x72, 0x65, 0x61, 0x64, 0x69, 0x6E, 0x67, 0x20, 0x66, 0x69, 0x6C, 0x65,
    0x20, 0x5B, 0x25, 0x73, 0x5D, 0x0A, 0x00, 0x00, 0x6C, 0x6F, 0x61, 0x64, 0x42, 0x47, 0x4D, 0x28,
    0x29, 0x3A, 0x20, 0x65, 0x72, 0x72, 0x6F, 0x72, 0x20, 0x72, 0x65, 0x61, 0x64, 0x69, 0x6E, 0x67,
    0x20, 0x66, 0x69, 0x6C, 0x65, 0x20, 0x5B, 0x25, 0x73, 0x5D, 0x0A, 0x00, 0x6C, 0x6F, 0x61, 0x64,
    0x42, 0x47, 0x4D, 0x28, 0x29, 0x3A, 0x20, 0x63, 0x6F, 0x75, 0x6C, 0x64, 0x6E, 0x27, 0x74, 0x20,
    0x6F, 0x70, 0x65, 0x6E, 0x20, 0x73, 0x6F, 0x75, 0x6E, 0x64, 0x20, 0x49, 0x44, 0x20, 0x25, 0x64,
    0x0A, 0x00, 0x00, 0x00, 0x6C, 0x6F, 0x61, 0x64, 0x54, 0x6F, 0x74, 0x61, 0x6C, 0x53, 0x65, 0x71,
    0x75, 0x65, 0x6E, 0x63, 0x65, 0x28, 0x29, 0x3A, 0x20, 0x72, 0x65, 0x67, 0x69, 0x73, 0x74, 0x65,
    0x72, 0x69, 0x6E, 0x67, 0x20, 0x73, 0x65, 0x71, 0x75, 0x65, 0x6E, 0x63, 0x65, 0x20, 0x61, 0x74,
    0x20, 0x25, 0x30, 0x38, 0x58, 0x68, 0x0A, 0x00, 0x6C, 0x6F, 0x61, 0x64, 0x50, 0x61, 0x72, 0x74,
    0x69, 0x63, 0x6C, 0x65, 0x73, 0x28, 0x29, 0x3A, 0x20, 0x6C, 0x6F, 0x61, 0x64, 0x69, 0x6E, 0x67,
    0x20, 0x2E, 0x2E, 0x2E, 0x0A, 0x00, 0x00, 0x00, 0x6C, 0x6F, 0x61, 0x64, 0x50, 0x61, 0x72, 0x74,
    0x69, 0x63, 0x6C, 0x65, 0x73, 0x28, 0x29, 0x3A, 0x20, 0x65, 0x72, 0x72, 0x6F, 0x72, 0x20, 0x70,
    0x72, 0x6F, 0x63, 0x65, 0x73, 0x73, 0x69, 0x6E, 0x67, 0x20, 0x70, 0x61, 0x72, 0x74, 0x69, 0x63,
    0x6C, 0x65, 0x20, 0x64, 0x61, 0x74, 0x61, 0x20, 0x66, 0x69, 0x6C, 0x65, 0x0A, 0x00, 0x00, 0x00,
};

const u8 lbl_802719C4[28] = {
    0x6C, 0x6F, 0x61, 0x64, 0x50, 0x61, 0x72, 0x74, 0x69, 0x63, 0x6C, 0x65, 0x28, 0x29, 0x3A, 0x20,
    0x6C, 0x6F, 0x61, 0x64, 0x69, 0x6E, 0x67, 0x2E, 0x2E, 0x2E, 0x0A, 0x00,
};

const u8 lbl_802719E0[1056] = {
    0x6C, 0x6F, 0x61, 0x64, 0x50, 0x61, 0x72, 0x74, 0x69, 0x63, 0x6C, 0x65, 0x50, 0x74, 0x72, 0x28,
    0x29, 0x3A, 0x20, 0x63, 0x61, 0x6E, 0x27, 0x74, 0x20, 0x61, 0x6C, 0x6C, 0x6F, 0x63, 0x20, 0x25,
    0x64, 0x20, 0x62, 0x79, 0x74, 0x65, 0x73, 0x20, 0x6F, 0x66, 0x20, 0x6D, 0x65, 0x6D, 0x6F, 0x72,
    0x79, 0x0A, 0x00, 0x00, 0x6C, 0x6F, 0x61, 0x64, 0x50, 0x61, 0x72, 0x74, 0x69, 0x63, 0x6C, 0x65,
    0x28, 0x29, 0x3A, 0x20, 0x6C, 0x6F, 0x61, 0x64, 0x69, 0x6E, 0x67, 0x20, 0x5B, 0x25, 0x73, 0x5D,
    0x2E, 0x2E, 0x2E, 0x0A, 0x00, 0x00, 0x00, 0x00, 0x6C, 0x6F, 0x61, 0x64, 0x50, 0x61, 0x72, 0x74,
    0x69, 0x63, 0x6C, 0x65, 0x28, 0x29, 0x3A, 0x20, 0x63, 0x61, 0x6E, 0x27, 0x74, 0x20, 0x61, 0x6C,
    0x6C, 0x6F, 0x63, 0x20, 0x25, 0x64, 0x20, 0x62, 0x79, 0x74, 0x65, 0x73, 0x20, 0x6F, 0x66, 0x20,
    0x6D, 0x65, 0x6D, 0x6F, 0x72, 0x79, 0x0A, 0x00, 0x6C, 0x6F, 0x61, 0x64, 0x50, 0x61, 0x72, 0x74,
    0x69, 0x63, 0x6C, 0x65, 0x28, 0x29, 0x3A, 0x20, 0x65, 0x72, 0x72, 0x6F, 0x72, 0x20, 0x72, 0x65,
    0x61, 0x64, 0x69, 0x6E, 0x67, 0x20, 0x66, 0x69, 0x6C, 0x65, 0x20, 0x5B, 0x25, 0x73, 0x5D, 0x0A,
    0x00, 0x00, 0x00, 0x00, 0x6C, 0x6F, 0x61, 0x64, 0x46, 0x6F, 0x67, 0x3A, 0x20, 0x67, 0x6F, 0x74,
    0x20, 0x4E, 0x55, 0x4C, 0x4C, 0x20, 0x70, 0x6F, 0x69, 0x6E, 0x74, 0x65, 0x72, 0x20, 0x61, 0x72,
    0x63, 0x68, 0x69, 0x76, 0x65, 0x00, 0x00, 0x00, 0x73, 0x63, 0x65, 0x6E, 0x65, 0x5F, 0x64, 0x61,
    0x74, 0x61, 0x00, 0x00, 0x6C, 0x6F, 0x61, 0x64, 0x46, 0x6F, 0x67, 0x3A, 0x20, 0x67, 0x6F, 0x74,
    0x20, 0x4E, 0x55, 0x4C, 0x4C, 0x20, 0x70, 0x6F, 0x69, 0x6E, 0x74, 0x65, 0x72, 0x20, 0x73, 0x63,
    0x65, 0x6E, 0x65, 0x20, 0x64, 0x65, 0x73, 0x63, 0x72, 0x69, 0x70, 0x74, 0x6F, 0x72, 0x00, 0x00,
    0x6C, 0x6F, 0x61, 0x64, 0x43, 0x61, 0x6D, 0x65, 0x72, 0x61, 0x3A, 0x20, 0x67, 0x6F, 0x74, 0x20,
    0x4E, 0x55, 0x4C, 0x4C, 0x20, 0x70, 0x6F, 0x69, 0x6E, 0x74, 0x65, 0x72, 0x20, 0x61, 0x72, 0x63,
    0x68, 0x69, 0x76, 0x65, 0x00, 0x00, 0x00, 0x00, 0x6C, 0x6F, 0x61, 0x64, 0x43, 0x61, 0x6D, 0x65,
    0x72, 0x61, 0x3A, 0x20, 0x67, 0x6F, 0x74, 0x20, 0x4E, 0x55, 0x4C, 0x4C, 0x20, 0x70, 0x6F, 0x69,
    0x6E, 0x74, 0x65, 0x72, 0x20, 0x73, 0x63, 0x65, 0x6E, 0x65, 0x20, 0x64, 0x65, 0x73, 0x63, 0x72,
    0x69, 0x70, 0x74, 0x6F, 0x72, 0x00, 0x00, 0x00, 0x6C, 0x6F, 0x61, 0x64, 0x43, 0x61, 0x6D, 0x65,
    0x72, 0x61, 0x3A, 0x20, 0x63, 0x6F, 0x75, 0x6C, 0x64, 0x6E, 0x27, 0x74, 0x20, 0x6C, 0x6F, 0x61,
    0x64, 0x20, 0x63, 0x61, 0x6D, 0x65, 0x72, 0x61, 0x0A, 0x00, 0x00, 0x00, 0x6C, 0x6F, 0x61, 0x64,
    0x4C, 0x69, 0x67, 0x68, 0x74, 0x3A, 0x20, 0x67, 0x6F, 0x74, 0x20, 0x4E, 0x55, 0x4C, 0x4C, 0x20,
    0x70, 0x6F, 0x69, 0x6E, 0x74, 0x65, 0x72, 0x20, 0x61, 0x72, 0x63, 0x68, 0x69, 0x76, 0x65, 0x00,
    0x6C, 0x6F, 0x61, 0x64, 0x4C, 0x69, 0x67, 0x68, 0x74, 0x3A, 0x20, 0x67, 0x6F, 0x74, 0x20, 0x4E,
    0x55, 0x4C, 0x4C, 0x20, 0x70, 0x6F, 0x69, 0x6E, 0x74, 0x65, 0x72, 0x20, 0x73, 0x63, 0x65, 0x6E,
    0x65, 0x20, 0x64, 0x65, 0x73, 0x63, 0x72, 0x69, 0x70, 0x74, 0x6F, 0x72, 0x00, 0x00, 0x00, 0x00,
    0x6C, 0x6F, 0x61, 0x64, 0x4C, 0x69, 0x67, 0x68, 0x74, 0x3A, 0x20, 0x63, 0x6F, 0x75, 0x6C, 0x64,
    0x6E, 0x27, 0x74, 0x20, 0x6C, 0x6F, 0x61, 0x64, 0x20, 0x6C, 0x69, 0x67, 0x68, 0x74, 0x20, 0x25,
    0x64, 0x0A, 0x00, 0x00, 0x6C, 0x6F, 0x61, 0x64, 0x4D, 0x6F, 0x64, 0x65, 0x6C, 0x3A, 0x20, 0x67,
    0x6F, 0x74, 0x20, 0x4E, 0x55, 0x4C, 0x4C, 0x20, 0x70, 0x6F, 0x69, 0x6E, 0x74, 0x65, 0x72, 0x20,
    0x61, 0x72, 0x63, 0x68, 0x69, 0x76, 0x65, 0x00, 0x6C, 0x6F, 0x61, 0x64, 0x4D, 0x6F, 0x64, 0x65,
    0x6C, 0x3A, 0x20, 0x67, 0x6F, 0x74, 0x20, 0x4E, 0x55, 0x4C, 0x4C, 0x20, 0x70, 0x6F, 0x69, 0x6E,
    0x74, 0x65, 0x72, 0x20, 0x73, 0x63, 0x65, 0x6E, 0x65, 0x20, 0x64, 0x65, 0x73, 0x63, 0x72, 0x69,
    0x70, 0x74, 0x6F, 0x72, 0x00, 0x00, 0x00, 0x00, 0x6C, 0x6F, 0x61, 0x64, 0x4D, 0x6F, 0x64, 0x65,
    0x6C, 0x3A, 0x20, 0x63, 0x6F, 0x75, 0x6C, 0x64, 0x6E, 0x27, 0x74, 0x20, 0x6C, 0x6F, 0x61, 0x64,
    0x20, 0x6D, 0x6F, 0x64, 0x65, 0x6C, 0x20, 0x25, 0x64, 0x0A, 0x00, 0x00, 0x6C, 0x6F, 0x61, 0x64,
    0x41, 0x72, 0x63, 0x68, 0x69, 0x76, 0x65, 0x28, 0x29, 0x3A, 0x20, 0x6C, 0x6F, 0x61, 0x64, 0x69,
    0x6E, 0x67, 0x20, 0x5B, 0x25, 0x73, 0x5D, 0x2E, 0x2E, 0x2E, 0x0A, 0x00, 0x6C, 0x6F, 0x61, 0x64,
    0x41, 0x72, 0x63, 0x68, 0x69, 0x76, 0x65, 0x28, 0x29, 0x3A, 0x20, 0x63, 0x61, 0x6E, 0x27, 0x74,
    0x20, 0x61, 0x6C, 0x6C, 0x6F, 0x63, 0x20, 0x25, 0x64, 0x20, 0x62, 0x79, 0x74, 0x65, 0x73, 0x20,
    0x6F, 0x66, 0x20, 0x6D, 0x65, 0x6D, 0x6F, 0x72, 0x79, 0x0A, 0x00, 0x00, 0x6C, 0x6F, 0x61, 0x64,
    0x41, 0x72, 0x63, 0x68, 0x69, 0x76, 0x65, 0x28, 0x29, 0x3A, 0x20, 0x65, 0x72, 0x72, 0x6F, 0x72,
    0x20, 0x72, 0x65, 0x61, 0x64, 0x69, 0x6E, 0x67, 0x20, 0x66, 0x69, 0x6C, 0x65, 0x20, 0x5B, 0x25,
    0x73, 0x5D, 0x0A, 0x00, 0x6C, 0x6F, 0x61, 0x64, 0x41, 0x72, 0x63, 0x68, 0x69, 0x76, 0x65, 0x28,
    0x29, 0x3A, 0x20, 0x61, 0x72, 0x63, 0x68, 0x69, 0x76, 0x65, 0x20, 0x68, 0x61, 0x73, 0x20, 0x5B,
    0x20, 0x25, 0x64, 0x20, 0x6D, 0x6F, 0x64, 0x65, 0x6C, 0x73, 0x20, 0x5D, 0x20, 0x61, 0x6E, 0x64,
    0x20, 0x5B, 0x20, 0x25, 0x64, 0x20, 0x6C, 0x69, 0x67, 0x68, 0x74, 0x73, 0x20, 0x5D, 0x0A, 0x00,
    0x6C, 0x6F, 0x61, 0x64, 0x41, 0x72, 0x63, 0x68, 0x69, 0x76, 0x65, 0x50, 0x74, 0x72, 0x28, 0x29,
    0x3A, 0x20, 0x6C, 0x6F, 0x61, 0x64, 0x69, 0x6E, 0x67, 0x2E, 0x2E, 0x2E, 0x0A, 0x00, 0x00, 0x00,
    0x6C, 0x6F, 0x61, 0x64, 0x41, 0x72, 0x63, 0x68, 0x69, 0x76, 0x65, 0x50, 0x74, 0x72, 0x28, 0x29,
    0x3A, 0x20, 0x63, 0x61, 0x6E, 0x27, 0x74, 0x20, 0x61, 0x6C, 0x6C, 0x6F, 0x63, 0x20, 0x25, 0x64,
    0x20, 0x62, 0x79, 0x74, 0x65, 0x73, 0x20, 0x6F, 0x66, 0x20, 0x6D, 0x65, 0x6D, 0x6F, 0x72, 0x79,
    0x0A, 0x00, 0x00, 0x00, 0x6C, 0x6F, 0x61, 0x64, 0x41, 0x72, 0x63, 0x68, 0x69, 0x76, 0x65, 0x50,
    0x74, 0x72, 0x28, 0x29, 0x3A, 0x20, 0x61, 0x72, 0x63, 0x68, 0x69, 0x76, 0x65, 0x20, 0x68, 0x61,
    0x73, 0x20, 0x5B, 0x20, 0x25, 0x64, 0x20, 0x6D, 0x6F, 0x64, 0x65, 0x6C, 0x73, 0x20, 0x5D, 0x20,
    0x61, 0x6E, 0x64, 0x20, 0x5B, 0x20, 0x25, 0x64, 0x20, 0x6C, 0x69, 0x67, 0x68, 0x74, 0x73, 0x20,
    0x5D, 0x0A, 0x00, 0x00, 0x75, 0x6E, 0x6C, 0x6F, 0x61, 0x64, 0x42, 0x47, 0x4D, 0x28, 0x29, 0x3A,
    0x20, 0x47, 0x53, 0x73, 0x6E, 0x64, 0x52, 0x65, 0x73, 0x32, 0x49, 0x64, 0x20, 0x72, 0x65, 0x74,
    0x75, 0x72, 0x6E, 0x65, 0x64, 0x20, 0x69, 0x6E, 0x76, 0x61, 0x6C, 0x69, 0x64, 0x20, 0x49, 0x44,
    0x0A, 0x00, 0x00, 0x00, 0x75, 0x6E, 0x6C, 0x6F, 0x61, 0x64, 0x42, 0x47, 0x4D, 0x28, 0x29, 0x3A,
    0x20, 0x63, 0x6F, 0x75, 0x6C, 0x64, 0x6E, 0x27, 0x74, 0x20, 0x63, 0x6C, 0x6F, 0x73, 0x65, 0x20,
    0x73, 0x6F, 0x75, 0x6E, 0x64, 0x20, 0x49, 0x44, 0x20, 0x25, 0x64, 0x0A, 0x00, 0x00, 0x00, 0x00,
};

const u8 lbl_80271E00[16] = {
    0x00, 0x00, 0x00, 0x01, 0x00, 0x00, 0x00, 0x02, 0x00, 0x00, 0x00, 0x03, 0x00, 0x00, 0x00, 0x04,
};

const u8 lbl_80271E10[48] = {
    0x25, 0x73, 0x28, 0x30, 0x78, 0x25, 0x30, 0x38, 0x78, 0x29, 0x20, 0x20, 0x83, 0x58, 0x83, 0x8C,
    0x83, 0x62, 0x83, 0x68, 0x82, 0xA9, 0x82, 0xE7, 0x8C, 0xC4, 0x82, 0xD4, 0x82, 0xE6, 0x82, 0xA4,
    0x82, 0xC9, 0x82, 0xB5, 0x82, 0xC4, 0x82, 0xAD, 0x82, 0xBE, 0x82, 0xB3, 0x82, 0xA2, 0x0A, 0x00,
};

const u8 lbl_80271E40[36] = {
    0x25, 0x73, 0x28, 0x30, 0x78, 0x25, 0x30, 0x38, 0x78, 0x29, 0x20, 0x20, 0x83, 0x45, 0x83, 0x42,
    0x83, 0x93, 0x83, 0x68, 0x83, 0x45, 0x82, 0xAA, 0x91, 0xB6, 0x8D, 0xDD, 0x82, 0xB5, 0x82, 0xC8,
    0x82, 0xA2, 0x0A, 0x00,
};

const u8 lbl_80271E64[48] = {
    0x25, 0x73, 0x28, 0x30, 0x78, 0x25, 0x30, 0x38, 0x78, 0x29, 0x20, 0x20, 0x83, 0x58, 0x83, 0x8C,
    0x83, 0x62, 0x83, 0x68, 0x82, 0xA9, 0x82, 0xE7, 0x8C, 0xC4, 0x82, 0xD4, 0x82, 0xE6, 0x82, 0xA4,
    0x82, 0xC9, 0x82, 0xB5, 0x82, 0xC4, 0x82, 0xAD, 0x82, 0xBE, 0x82, 0xB3, 0x82, 0xA2, 0x0A, 0x00,
};

const u8 lbl_80271E94[48] = {
    0x45, 0x72, 0x72, 0x6F, 0x72, 0x21, 0x21, 0x20, 0x5F, 0x77, 0x69, 0x6E, 0x47, 0x65, 0x74, 0x4E,
    0x65, 0x77, 0x57, 0x6F, 0x72, 0x6B, 0x28, 0x29, 0x20, 0x5B, 0x83, 0x8F, 0x81, 0x5B, 0x83, 0x4E,
    0x82, 0xCC, 0x8A, 0x6D, 0x95, 0xDB, 0x82, 0xC9, 0x8E, 0xB8, 0x94, 0x73, 0x5D, 0x0A, 0x00, 0x00,
};

const u8 lbl_80271EC4[36] = {
    0x77, 0x69, 0x6E, 0x64, 0x6F, 0x77, 0x49, 0x6E, 0x69, 0x74, 0x82, 0xCC, 0x8F, 0x89, 0x8A, 0xFA,
    0x89, 0xBB, 0x82, 0xC9, 0x8E, 0xB8, 0x94, 0x73, 0x82, 0xB5, 0x82, 0xDC, 0x82, 0xB5, 0x82, 0xBD,
    0x0A, 0x00, 0x00, 0x00,
};

const u8 lbl_80271EE8[48] = {
    0x45, 0x72, 0x72, 0x6F, 0x72, 0x21, 0x21, 0x20, 0x77, 0x69, 0x6E, 0x53, 0x70, 0x72, 0x69, 0x74,
    0x65, 0x41, 0x64, 0x64, 0x28, 0x29, 0x20, 0x5B, 0x83, 0x58, 0x83, 0x76, 0x83, 0x89, 0x83, 0x43,
    0x83, 0x67, 0x83, 0x8F, 0x81, 0x5B, 0x83, 0x4E, 0x95, 0x73, 0x91, 0xAB, 0x5D, 0x0A, 0x00, 0x00,
};

const u8 lbl_80271F18[32] = {
    0x25, 0x73, 0x82, 0xCC, 0x8F, 0x89, 0x8A, 0xFA, 0x89, 0xBB, 0x82, 0xC9, 0x8E, 0xB8, 0x94, 0x73,
    0x82, 0xB5, 0x82, 0xDC, 0x82, 0xB5, 0x82, 0xBD, 0x0A, 0x00, 0x00, 0x00, 0x00, 0x00, 0x00, 0x00,
};

const u8 lbl_80271F38[72] = {
    0x43, 0x7F, 0x00, 0x00, 0x43, 0x7F, 0x00, 0x00, 0x43, 0x7F, 0x00, 0x00, 0x00, 0x00, 0x00, 0x00,
    0x00, 0x00, 0x00, 0x00, 0x41, 0x70, 0x00, 0x00, 0x00, 0x00, 0x00, 0x00, 0x00, 0x00, 0x00, 0x00,
    0x00, 0x00, 0x00, 0x00, 0x00, 0x00, 0x00, 0x00, 0x00, 0x00, 0x00, 0x00, 0x00, 0x00, 0x00, 0x00,
    0x43, 0x7F, 0x00, 0x00, 0x43, 0x7F, 0x00, 0x00, 0x43, 0x7F, 0x00, 0x00, 0x42, 0xA0, 0x00, 0x00,
    0x42, 0xA0, 0x00, 0x00, 0x42, 0xA0, 0x00, 0x00,
};

const u8 lbl_80271F80[128] = {
    0x5B, 0x25, 0x73, 0x5D, 0x20, 0x95, 0x4B, 0x97, 0x76, 0x88, 0xC8, 0x8F, 0xE3, 0x82, 0xC9, 0x8A,
    0x4A, 0x95, 0xFA, 0x82, 0xB5, 0x82, 0xE6, 0x82, 0xA4, 0x82, 0xC6, 0x82, 0xB5, 0x82, 0xDC, 0x82,
    0xB5, 0x82, 0xBD, 0x0A, 0x00, 0x00, 0x00, 0x00, 0x5B, 0x25, 0x73, 0x5D, 0x20, 0x8E, 0x51, 0x8F,
    0xC6, 0x89, 0xF1, 0x90, 0x94, 0x8F, 0xE3, 0x8C, 0xC0, 0x83, 0x49, 0x81, 0x5B, 0x83, 0x6F, 0x81,
    0x5B, 0x0A, 0x00, 0x00, 0x5B, 0x25, 0x73, 0x5D, 0x20, 0x83, 0x65, 0x83, 0x4E, 0x83, 0x58, 0x83,
    0x60, 0x83, 0x83, 0x82, 0xCC, 0x8A, 0x6D, 0x95, 0xDB, 0x82, 0xC9, 0x8E, 0xB8, 0x94, 0x73, 0x0A,
    0x00, 0x00, 0x00, 0x00, 0x5B, 0x25, 0x73, 0x5D, 0x20, 0x83, 0x4A, 0x83, 0x81, 0x83, 0x89, 0x82,
    0xCC, 0x8A, 0x6D, 0x95, 0xDB, 0x82, 0xC9, 0x8E, 0xB8, 0x94, 0x73, 0x0A, 0x00, 0x00, 0x00, 0x00,
};

const u8 lbl_80272000[32] = {
    0x5B, 0x25, 0x73, 0x5D, 0x20, 0x94, 0xCD, 0x88, 0xCD, 0x8A, 0x4F, 0x83, 0x41, 0x83, 0x4E, 0x83,
    0x5A, 0x83, 0x58, 0x82, 0xC5, 0x82, 0xB7, 0x0A, 0x00, 0x00, 0x00, 0x00, 0x00, 0x00, 0x00, 0x00,
};

const u8 lbl_80272020[36] = {
    0x3F, 0x80, 0x00, 0x00, 0x00, 0x00, 0x00, 0x00, 0x00, 0x00, 0x00, 0x00, 0x00, 0x00, 0x00, 0x00,
    0x3F, 0x80, 0x00, 0x00, 0x00, 0x00, 0x00, 0x00, 0x00, 0x00, 0x00, 0x00, 0x00, 0x00, 0x00, 0x00,
    0x3F, 0x80, 0x00, 0x00,
};

const u8 lbl_80272044[12] = {
    0x00, 0x00, 0x00, 0x00, 0x00, 0x00, 0x00, 0x01, 0x00, 0x00, 0x00, 0x02,
};

const u8 lbl_80272050[50] = {
    0x47, 0x53, 0x63, 0x6F, 0x6C, 0x73, 0x79, 0x73, 0x32, 0x44, 0x72, 0x61, 0x77, 0x20, 0x3A, 0x20,
    0x63, 0x61, 0x6E, 0x27, 0x74, 0x20, 0x61, 0x6C, 0x6C, 0x6F, 0x63, 0x20, 0x64, 0x69, 0x73, 0x70,
    0x6C, 0x61, 0x79, 0x20, 0x6C, 0x69, 0x73, 0x74, 0x20, 0x6D, 0x65, 0x6D, 0x6F, 0x72, 0x79, 0x2E,
    0x0A, 0x00,
};

const u8 gap_04_80272082_rodata[6] = {
    0x00, 0x00, 0x00, 0x00, 0x00, 0x00,
};

const u8 lbl_80272088[12] = {
    0x00, 0x00, 0x00, 0x00, 0x41, 0x60, 0x00, 0x00, 0x00, 0x00, 0x00, 0x00,
};

const void* lbl_80272094[3] = {
    (void*)fn_8011207C,
    (void*)fn_80111F2C,
    (void*)fn_80111DF8,
};

const u8 lbl_802720A0[16] = {
    0x00, 0x00, 0x00, 0x00, 0x00, 0x00, 0x00, 0x00, 0x00, 0x00, 0x00, 0x00, 0x00, 0x00, 0x00, 0x00,
};

const u8 lbl_802720B0[11] = {
    0x73, 0x63, 0x65, 0x6E, 0x65, 0x5F, 0x64, 0x61, 0x74, 0x61, 0x00,
};

const u8 gap_04_802720BB_rodata[1] = {
    0x00,
};

const u8 lbl_802720BC[16] = {
    0x93, 0xC7, 0x82, 0xDD, 0x8F, 0x6F, 0x82, 0xB5, 0x83, 0x47, 0x83, 0x89, 0x81, 0x5B, 0x0A, 0x00,
};

const u8 lbl_802720CC[308] = {
    0x45, 0x72, 0x72, 0x6F, 0x72, 0x21, 0x20, 0x5B, 0x25, 0x73, 0x5D, 0x20, 0x90, 0x6C, 0x82, 0xCC,
    0x8F, 0x89, 0x8A, 0xFA, 0x89, 0xBB, 0x82, 0xC9, 0x8E, 0xB8, 0x94, 0x73, 0x0A, 0x00, 0x00, 0x00,
    0x45, 0x72, 0x72, 0x6F, 0x72, 0x21, 0x20, 0x25, 0x73, 0x3A, 0x20, 0x63, 0x6F, 0x75, 0x6C, 0x64,
    0x6E, 0x27, 0x74, 0x20, 0x6C, 0x6F, 0x61, 0x64, 0x20, 0x6D, 0x6F, 0x64, 0x65, 0x6C, 0x20, 0x25,
    0x64, 0x0A, 0x00, 0x00, 0x83, 0x7D, 0x83, 0x62, 0x83, 0x76, 0x83, 0x82, 0x83, 0x66, 0x83, 0x8B,
    0x82, 0xCC, 0x8F, 0x89, 0x8A, 0xFA, 0x89, 0xBB, 0x82, 0xC9, 0x8E, 0xB8, 0x94, 0x73, 0x0A, 0x00,
    0x50, 0x41, 0x53, 0x53, 0x20, 0x45, 0x56, 0x45, 0x4E, 0x54, 0x20, 0x3D, 0x20, 0x25, 0x64, 0x00,
    0x54, 0x4F, 0x55, 0x43, 0x48, 0x20, 0x45, 0x56, 0x45, 0x4E, 0x54, 0x20, 0x3D, 0x20, 0x25, 0x64,
    0x00, 0x00, 0x00, 0x00, 0x43, 0x48, 0x45, 0x43, 0x4B, 0x20, 0x45, 0x56, 0x45, 0x4E, 0x54, 0x20,
    0x3D, 0x20, 0x25, 0x64, 0x00, 0x00, 0x00, 0x00, 0x45, 0x72, 0x72, 0x6F, 0x72, 0x21, 0x21, 0x20,
    0x25, 0x73, 0x3A, 0x20, 0x6F, 0x62, 0x6A, 0x49, 0x44, 0x20, 0x69, 0x73, 0x20, 0x7A, 0x65, 0x72,
    0x6F, 0x0A, 0x00, 0x00, 0x25, 0x73, 0x3A, 0x20, 0x67, 0x6F, 0x74, 0x20, 0x4E, 0x55, 0x4C, 0x4C,
    0x20, 0x70, 0x6F, 0x69, 0x6E, 0x74, 0x65, 0x72, 0x20, 0x61, 0x72, 0x63, 0x68, 0x69, 0x76, 0x65,
    0x0A, 0x00, 0x00, 0x00, 0x25, 0x73, 0x3A, 0x20, 0x67, 0x6F, 0x74, 0x20, 0x4E, 0x55, 0x4C, 0x4C,
    0x20, 0x70, 0x6F, 0x69, 0x6E, 0x74, 0x65, 0x72, 0x20, 0x73, 0x63, 0x65, 0x6E, 0x65, 0x20, 0x64,
    0x65, 0x73, 0x63, 0x72, 0x69, 0x70, 0x74, 0x6F, 0x72, 0x0A, 0x00, 0x00, 0x25, 0x73, 0x3A, 0x20,
    0x63, 0x6F, 0x75, 0x6C, 0x64, 0x6E, 0x27, 0x74, 0x20, 0x6C, 0x6F, 0x61, 0x64, 0x20, 0x6D, 0x6F,
    0x64, 0x65, 0x6C, 0x0A, 0x00, 0x00, 0x00, 0x00, 0x83, 0x82, 0x83, 0x66, 0x83, 0x8B, 0x82, 0xCC,
    0x8F, 0x89, 0x8A, 0xFA, 0x89, 0xBB, 0x82, 0xC9, 0x8E, 0xB8, 0x94, 0x73, 0x0A, 0x00, 0x00, 0x00,
    0x00, 0x00, 0x00, 0x00,
};

const u8 lbl_80272200[55] = {
    0x66, 0x6C, 0x6F, 0x6F, 0x72, 0x52, 0x65, 0x61, 0x64, 0x47, 0x46, 0x4C, 0x50, 0x72, 0x65, 0x46,
    0x75, 0x6E, 0x63, 0x28, 0x29, 0x3A, 0x20, 0x63, 0x61, 0x6E, 0x27, 0x74, 0x20, 0x61, 0x6C, 0x6C,
    0x6F, 0x63, 0x20, 0x25, 0x64, 0x20, 0x62, 0x79, 0x74, 0x65, 0x73, 0x20, 0x6F, 0x66, 0x20, 0x6D,
    0x65, 0x6D, 0x6F, 0x72, 0x79, 0x0A, 0x00,
};

const u8 gap_04_80272237_rodata[1] = {
    0x00,
};

const u8 lbl_80272238[56] = {
    0x45, 0x52, 0x52, 0x4F, 0x52, 0x3A, 0x20, 0x4F, 0x76, 0x65, 0x72, 0x20, 0x53, 0x6F, 0x75, 0x6E,
    0x64, 0x20, 0x42, 0x75, 0x66, 0x66, 0x65, 0x72, 0x21, 0x20, 0x73, 0x6E, 0x64, 0x5F, 0x72, 0x65,
    0x73, 0x5F, 0x69, 0x64, 0x3D, 0x25, 0x64, 0x20, 0x62, 0x75, 0x66, 0x66, 0x65, 0x72, 0x20, 0x73,
    0x69, 0x7A, 0x65, 0x3D, 0x25, 0x64, 0x0A, 0x00,
};

const u8 lbl_80272270[60] = {
    0x66, 0x6C, 0x6F, 0x6F, 0x72, 0x52, 0x65, 0x61, 0x64, 0x50, 0x61, 0x72, 0x74, 0x69, 0x63, 0x6C,
    0x65, 0x50, 0x72, 0x65, 0x46, 0x75, 0x6E, 0x63, 0x28, 0x29, 0x3A, 0x20, 0x63, 0x61, 0x6E, 0x27,
    0x74, 0x20, 0x61, 0x6C, 0x6C, 0x6F, 0x63, 0x20, 0x25, 0x64, 0x20, 0x62, 0x79, 0x74, 0x65, 0x73,
    0x20, 0x6F, 0x66, 0x20, 0x6D, 0x65, 0x6D, 0x6F, 0x72, 0x79, 0x0A, 0x00,
};

const u8 lbl_802722AC[11] = {
    0x73, 0x63, 0x65, 0x6E, 0x65, 0x5F, 0x64, 0x61, 0x74, 0x61, 0x00,
};

const u8 gap_04_802722B7_rodata[1] = {
    0x00,
};

const u8 lbl_802722B8[55] = {
    0x66, 0x6C, 0x6F, 0x6F, 0x72, 0x52, 0x65, 0x61, 0x64, 0x57, 0x5A, 0x58, 0x50, 0x72, 0x65, 0x46,
    0x75, 0x6E, 0x63, 0x28, 0x29, 0x3A, 0x20, 0x63, 0x61, 0x6E, 0x27, 0x74, 0x20, 0x61, 0x6C, 0x6C,
    0x6F, 0x63, 0x20, 0x25, 0x64, 0x20, 0x62, 0x79, 0x74, 0x65, 0x73, 0x20, 0x6F, 0x66, 0x20, 0x6D,
    0x65, 0x6D, 0x6F, 0x72, 0x79, 0x0A, 0x00,
};

const u8 gap_04_802722EF_rodata[1] = {
    0x00,
};

const u8 lbl_802722F0[55] = {
    0x66, 0x6C, 0x6F, 0x6F, 0x72, 0x52, 0x65, 0x61, 0x64, 0x50, 0x4B, 0x58, 0x50, 0x72, 0x65, 0x46,
    0x75, 0x6E, 0x63, 0x28, 0x29, 0x3A, 0x20, 0x63, 0x61, 0x6E, 0x27, 0x74, 0x20, 0x61, 0x6C, 0x6C,
    0x6F, 0x63, 0x20, 0x25, 0x64, 0x20, 0x62, 0x79, 0x74, 0x65, 0x73, 0x20, 0x6F, 0x66, 0x20, 0x6D,
    0x65, 0x6D, 0x6F, 0x72, 0x79, 0x0A, 0x00,
};

const u8 gap_04_80272327_rodata[1] = {
    0x00,
};

const u8 lbl_80272328[52] = {
    0x66, 0x6C, 0x6F, 0x6F, 0x72, 0x52, 0x65, 0x61, 0x64, 0x54, 0x65, 0x78, 0x50, 0x6F, 0x73, 0x74,
    0x46, 0x75, 0x6E, 0x63, 0x28, 0x29, 0x3A, 0x20, 0x83, 0x65, 0x83, 0x4E, 0x83, 0x58, 0x83, 0x60,
    0x83, 0x83, 0x82, 0xCC, 0x8F, 0x89, 0x8A, 0xFA, 0x89, 0xBB, 0x82, 0xC9, 0x8E, 0xB8, 0x94, 0x73,
    0x0A, 0x00, 0x00, 0x00,
};

const u8 lbl_8027235C[56] = {
    0x66, 0x6C, 0x6F, 0x6F, 0x72, 0x52, 0x65, 0x61, 0x64, 0x54, 0x65, 0x78, 0x50, 0x72, 0x65, 0x46,
    0x75, 0x6E, 0x63, 0x28, 0x29, 0x3A, 0x20, 0x63, 0x61, 0x6E, 0x27, 0x74, 0x20, 0x61, 0x6C, 0x6C,
    0x6F, 0x63, 0x20, 0x25, 0x64, 0x20, 0x62, 0x79, 0x74, 0x65, 0x73, 0x20, 0x6F, 0x66, 0x20, 0x6D,
    0x65, 0x6D, 0x6F, 0x72, 0x79, 0x20, 0x0A, 0x00,
};

const u8 lbl_80272394[148] = {
    0x66, 0x6C, 0x6F, 0x6F, 0x72, 0x52, 0x65, 0x61, 0x64, 0x43, 0x6F, 0x6C, 0x50, 0x72, 0x65, 0x46,
    0x75, 0x6E, 0x63, 0x28, 0x29, 0x3A, 0x20, 0x63, 0x61, 0x6E, 0x27, 0x74, 0x20, 0x61, 0x6C, 0x6C,
    0x6F, 0x63, 0x20, 0x25, 0x64, 0x20, 0x62, 0x79, 0x74, 0x65, 0x73, 0x20, 0x6F, 0x66, 0x20, 0x6D,
    0x65, 0x6D, 0x6F, 0x72, 0x79, 0x0A, 0x00, 0x00, 0x5F, 0x72, 0x65, 0x67, 0x69, 0x73, 0x74, 0x65,
    0x72, 0x43, 0x61, 0x6D, 0x65, 0x72, 0x61, 0x3A, 0x20, 0x67, 0x6F, 0x74, 0x20, 0x4E, 0x55, 0x4C,
    0x4C, 0x20, 0x70, 0x6F, 0x69, 0x6E, 0x74, 0x65, 0x72, 0x20, 0x73, 0x63, 0x65, 0x6E, 0x65, 0x20,
    0x64, 0x65, 0x73, 0x63, 0x72, 0x69, 0x70, 0x74, 0x6F, 0x72, 0x0A, 0x00, 0x5F, 0x72, 0x65, 0x67,
    0x69, 0x73, 0x74, 0x65, 0x72, 0x43, 0x61, 0x6D, 0x65, 0x72, 0x61, 0x3A, 0x20, 0x63, 0x6F, 0x75,
    0x6C, 0x64, 0x6E, 0x27, 0x74, 0x20, 0x6C, 0x6F, 0x61, 0x64, 0x20, 0x63, 0x61, 0x6D, 0x65, 0x72,
    0x61, 0x0A, 0x00, 0x00,
};

const u8 lbl_80272428[56] = {
    0x66, 0x6C, 0x6F, 0x6F, 0x72, 0x52, 0x65, 0x61, 0x64, 0x43, 0x61, 0x6D, 0x65, 0x72, 0x61, 0x50,
    0x72, 0x65, 0x46, 0x75, 0x6E, 0x63, 0x3A, 0x20, 0x63, 0x61, 0x6E, 0x27, 0x74, 0x20, 0x61, 0x6C,
    0x6C, 0x6F, 0x63, 0x20, 0x25, 0x64, 0x20, 0x62, 0x79, 0x74, 0x65, 0x73, 0x20, 0x6F, 0x66, 0x20,
    0x6D, 0x65, 0x6D, 0x6F, 0x72, 0x79, 0x0A, 0x00,
};

const u8 lbl_80272460[136] = {
    0x66, 0x6C, 0x6F, 0x6F, 0x72, 0x52, 0x65, 0x61, 0x64, 0x4F, 0x62, 0x6A, 0x50, 0x72, 0x65, 0x46,
    0x75, 0x6E, 0x63, 0x3A, 0x20, 0x63, 0x61, 0x6E, 0x27, 0x74, 0x20, 0x61, 0x6C, 0x6C, 0x6F, 0x63,
    0x20, 0x25, 0x64, 0x20, 0x62, 0x79, 0x74, 0x65, 0x73, 0x20, 0x6F, 0x66, 0x20, 0x6D, 0x65, 0x6D,
    0x6F, 0x72, 0x79, 0x0A, 0x00, 0x00, 0x00, 0x00, 0x45, 0x72, 0x72, 0x6F, 0x72, 0x21, 0x20, 0x66,
    0x6C, 0x6F, 0x6F, 0x72, 0x52, 0x65, 0x61, 0x64, 0x4D, 0x61, 0x70, 0x50, 0x6F, 0x73, 0x74, 0x46,
    0x75, 0x6E, 0x63, 0x3A, 0x20, 0x63, 0x6F, 0x75, 0x6C, 0x64, 0x6E, 0x27, 0x74, 0x20, 0x6C, 0x6F,
    0x61, 0x64, 0x20, 0x6C, 0x69, 0x67, 0x68, 0x74, 0x20, 0x25, 0x64, 0x0A, 0x00, 0x00, 0x00, 0x00,
    0x83, 0x89, 0x83, 0x43, 0x83, 0x67, 0x82, 0xCC, 0x8F, 0x89, 0x8A, 0xFA, 0x89, 0xBB, 0x82, 0xC9,
    0x8E, 0xB8, 0x94, 0x73, 0x0A, 0x00, 0x00, 0x00,
};

const u8 lbl_802724E8[53] = {
    0x66, 0x6C, 0x6F, 0x6F, 0x72, 0x52, 0x65, 0x61, 0x64, 0x4D, 0x61, 0x70, 0x50, 0x72, 0x65, 0x46,
    0x75, 0x6E, 0x63, 0x3A, 0x20, 0x63, 0x61, 0x6E, 0x27, 0x74, 0x20, 0x61, 0x6C, 0x6C, 0x6F, 0x63,
    0x20, 0x25, 0x64, 0x20, 0x62, 0x79, 0x74, 0x65, 0x73, 0x20, 0x6F, 0x66, 0x20, 0x6D, 0x65, 0x6D,
    0x6F, 0x72, 0x79, 0x0A, 0x00,
};

const u8 gap_04_8027251D_rodata[3] = {
    0x00, 0x00, 0x00,
};

const u8 lbl_80272520[58] = {
    0x66, 0x6C, 0x6F, 0x6F, 0x72, 0x52, 0x65, 0x61, 0x64, 0x53, 0x63, 0x72, 0x69, 0x70, 0x74, 0x50,
    0x72, 0x65, 0x46, 0x75, 0x6E, 0x63, 0x28, 0x29, 0x3A, 0x20, 0x63, 0x61, 0x6E, 0x27, 0x74, 0x20,
    0x61, 0x6C, 0x6C, 0x6F, 0x63, 0x20, 0x25, 0x64, 0x20, 0x62, 0x79, 0x74, 0x65, 0x73, 0x20, 0x6F,
    0x66, 0x20, 0x6D, 0x65, 0x6D, 0x6F, 0x72, 0x79, 0x0A, 0x00,
};

const u8 gap_04_8027255A_rodata[2] = {
    0x00, 0x00,
};

const u8 lbl_8027255C[56] = {
    0x66, 0x6C, 0x6F, 0x6F, 0x72, 0x52, 0x65, 0x61, 0x64, 0x46, 0x6F, 0x6E, 0x74, 0x50, 0x72, 0x65,
    0x46, 0x75, 0x6E, 0x63, 0x28, 0x29, 0x3A, 0x20, 0x63, 0x61, 0x6E, 0x27, 0x74, 0x20, 0x61, 0x6C,
    0x6C, 0x6F, 0x63, 0x20, 0x25, 0x64, 0x20, 0x62, 0x79, 0x74, 0x65, 0x73, 0x20, 0x6F, 0x66, 0x20,
    0x6D, 0x65, 0x6D, 0x6F, 0x72, 0x79, 0x0A, 0x00,
};

const u8 lbl_80272594[55] = {
    0x66, 0x6C, 0x6F, 0x6F, 0x72, 0x52, 0x65, 0x61, 0x64, 0x4D, 0x73, 0x67, 0x50, 0x72, 0x65, 0x46,
    0x75, 0x6E, 0x63, 0x28, 0x29, 0x3A, 0x20, 0x63, 0x61, 0x6E, 0x27, 0x74, 0x20, 0x61, 0x6C, 0x6C,
    0x6F, 0x63, 0x20, 0x25, 0x64, 0x20, 0x62, 0x79, 0x74, 0x65, 0x73, 0x20, 0x6F, 0x66, 0x20, 0x6D,
    0x65, 0x6D, 0x6F, 0x72, 0x79, 0x0A, 0x00,
};

const u8 gap_04_802725CB_rodata[1] = {
    0x00,
};

const u8 lbl_802725CC[58] = {
    0x66, 0x6C, 0x6F, 0x6F, 0x72, 0x52, 0x65, 0x61, 0x64, 0x4E, 0x6F, 0x72, 0x6D, 0x61, 0x6C, 0x50,
    0x72, 0x65, 0x46, 0x75, 0x6E, 0x63, 0x28, 0x29, 0x3A, 0x20, 0x63, 0x61, 0x6E, 0x27, 0x74, 0x20,
    0x61, 0x6C, 0x6C, 0x6F, 0x63, 0x20, 0x25, 0x64, 0x20, 0x62, 0x79, 0x74, 0x65, 0x73, 0x20, 0x6F,
    0x66, 0x20, 0x6D, 0x65, 0x6D, 0x6F, 0x72, 0x79, 0x0A, 0x00,
};

const u8 gap_04_80272606_rodata[2] = {
    0x00, 0x00,
};

const u8 lbl_80272608[36] = {
    0x45, 0x72, 0x72, 0x6F, 0x72, 0x21, 0x20, 0x25, 0x73, 0x3A, 0x20, 0x83, 0x74, 0x83, 0x8D, 0x83,
    0x41, 0x8F, 0xEE, 0x95, 0xF1, 0x82, 0xCC, 0x8E, 0xE6, 0x93, 0xBE, 0x82, 0xC9, 0x8E, 0xB8, 0x94,
    0x73, 0x0A, 0x00, 0x00,
};

const u8 lbl_8027262C[44] = {
    0x45, 0x72, 0x72, 0x6F, 0x72, 0x21, 0x20, 0x25, 0x73, 0x3A, 0x20, 0x83, 0x74, 0x83, 0x8D, 0x83,
    0x41, 0x83, 0x8A, 0x83, 0x81, 0x5B, 0x83, 0x58, 0x8F, 0xEE, 0x95, 0xF1, 0x82, 0xCC, 0x8E, 0xE6,
    0x93, 0xBE, 0x82, 0xC9, 0x8E, 0xB8, 0x94, 0x73, 0x0A, 0x00, 0x00, 0x00,
};

const u8 lbl_80272658[40] = {
    0x45, 0x72, 0x72, 0x6F, 0x72, 0x21, 0x20, 0x25, 0x73, 0x3A, 0x20, 0x83, 0x8A, 0x83, 0x81, 0x5B,
    0x83, 0x58, 0x82, 0xCC, 0x83, 0x5A, 0x83, 0x62, 0x83, 0x67, 0x82, 0xC9, 0x8E, 0xB8, 0x94, 0x73,
    0x20, 0x25, 0x64, 0x0A, 0x00, 0x00, 0x00, 0x00,
};

const u8 lbl_80272680[44] = {
    0x45, 0x72, 0x72, 0x6F, 0x72, 0x21, 0x20, 0x25, 0x73, 0x3A, 0x20, 0x83, 0x7D, 0x83, 0x62, 0x83,
    0x76, 0x83, 0x8A, 0x83, 0x81, 0x5B, 0x83, 0x58, 0x82, 0xCC, 0x83, 0x5A, 0x83, 0x62, 0x83, 0x67,
    0x82, 0xC9, 0x8E, 0xB8, 0x94, 0x73, 0x20, 0x25, 0x64, 0x0A, 0x00, 0x00,
};

const u8 lbl_802726AC[40] = {
    0x45, 0x72, 0x72, 0x6F, 0x72, 0x21, 0x20, 0x25, 0x73, 0x3A, 0x20, 0x83, 0x7D, 0x83, 0x62, 0x83,
    0x76, 0x83, 0x8A, 0x83, 0x81, 0x5B, 0x83, 0x58, 0x82, 0xCC, 0x8E, 0xE6, 0x93, 0xBE, 0x82, 0xC9,
    0x8E, 0xB8, 0x94, 0x73, 0x0A, 0x00, 0x00, 0x00,
};

const u8 lbl_802726D4[52] = {
    0x45, 0x72, 0x72, 0x6F, 0x72, 0x21, 0x20, 0x25, 0x73, 0x3A, 0x20, 0x83, 0x74, 0x83, 0x8D, 0x83,
    0x41, 0x83, 0x66, 0x81, 0x5B, 0x83, 0x5E, 0x83, 0x65, 0x81, 0x5B, 0x83, 0x75, 0x83, 0x8B, 0x82,
    0xCC, 0x8E, 0xE6, 0x93, 0xBE, 0x82, 0xC9, 0x8E, 0xB8, 0x94, 0x73, 0x0A, 0x00, 0x00, 0x00, 0x00,
    0x00, 0x00, 0x00, 0x00,
};

const u8 lbl_80272708[104] = {
    0x5B, 0x25, 0x73, 0x5D, 0x20, 0x52, 0x61, 0x6E, 0x67, 0x65, 0x20, 0x4F, 0x76, 0x65, 0x72, 0x21,
    0x21, 0x0A, 0x00, 0x00, 0x70, 0x61, 0x73, 0x73, 0x20, 0x65, 0x76, 0x65, 0x6E, 0x74, 0x20, 0x3D,
    0x20, 0x25, 0x64, 0x0A, 0x00, 0x00, 0x00, 0x00, 0x74, 0x6F, 0x75, 0x63, 0x68, 0x20, 0x65, 0x76,
    0x65, 0x6E, 0x74, 0x20, 0x3D, 0x20, 0x25, 0x64, 0x0A, 0x00, 0x00, 0x00, 0x63, 0x68, 0x65, 0x63,
    0x6B, 0x20, 0x65, 0x76, 0x65, 0x6E, 0x74, 0x20, 0x3D, 0x20, 0x25, 0x64, 0x0A, 0x00, 0x00, 0x00,
    0x6D, 0x65, 0x6E, 0x75, 0x20, 0x65, 0x76, 0x65, 0x6E, 0x74, 0x20, 0x3D, 0x20, 0x25, 0x64, 0x0A,
    0x00, 0x00, 0x00, 0x00, 0x00, 0x00, 0x00, 0x00,
};

const u8 lbl_80272770[70] = {
    0x66, 0x6C, 0x6F, 0x6F, 0x72, 0x55, 0x70, 0x64, 0x61, 0x74, 0x65, 0x46, 0x69, 0x65, 0x6C, 0x64,
    0x43, 0x61, 0x6D, 0x65, 0x72, 0x61, 0x3A, 0x20, 0x65, 0x72, 0x72, 0x6F, 0x72, 0x20, 0x75, 0x70,
    0x64, 0x61, 0x74, 0x69, 0x6E, 0x67, 0x20, 0x66, 0x69, 0x65, 0x6C, 0x64, 0x20, 0x63, 0x61, 0x6D,
    0x65, 0x72, 0x61, 0x20, 0x2D, 0x20, 0x64, 0x69, 0x76, 0x69, 0x64, 0x65, 0x20, 0x62, 0x79, 0x20,
    0x7A, 0x65, 0x72, 0x6F, 0x21, 0x00,
};

const u8 gap_04_802727B6_rodata[2] = {
    0x00, 0x00,
};

const u8 lbl_802727B8[16] = {
    0x00, 0x00, 0x00, 0x00, 0x00, 0x00, 0x00, 0x00, 0x00, 0x00, 0x00, 0x00, 0x00, 0x00, 0x00, 0x00,
};

const void* lbl_802727C8[4] = {
    (void*)fn_80118100,
    (void*)fn_80118070,
    (void*)fn_80118068,
    (void*)0x00000000,
};

const u8 lbl_802727D8[368] = {
    0x47, 0x53, 0x70, 0x61, 0x72, 0x74, 0x69, 0x63, 0x6C, 0x65, 0x3A, 0x20, 0x63, 0x68, 0x61, 0x6E,
    0x67, 0x69, 0x6E, 0x67, 0x20, 0x74, 0x68, 0x65, 0x20, 0x5A, 0x20, 0x64, 0x72, 0x61, 0x77, 0x20,
    0x66, 0x6C, 0x61, 0x67, 0x20, 0x6F, 0x66, 0x20, 0x61, 0x20, 0x67, 0x65, 0x6E, 0x65, 0x72, 0x61,
    0x74, 0x6F, 0x72, 0x20, 0x63, 0x75, 0x72, 0x72, 0x65, 0x6E, 0x74, 0x6C, 0x79, 0x20, 0x68, 0x61,
    0x73, 0x20, 0x6E, 0x6F, 0x20, 0x65, 0x66, 0x66, 0x65, 0x63, 0x74, 0x0A, 0x00, 0x00, 0x00, 0x00,
    0x47, 0x53, 0x70, 0x61, 0x72, 0x74, 0x69, 0x63, 0x6C, 0x65, 0x3A, 0x20, 0x2A, 0x2A, 0x2A, 0x2A,
    0x2A, 0x2A, 0x2A, 0x2A, 0x2A, 0x2A, 0x2A, 0x2A, 0x2A, 0x2A, 0x2A, 0x2A, 0x2A, 0x2A, 0x2A, 0x2A,
    0x2A, 0x2A, 0x2A, 0x2A, 0x2A, 0x2A, 0x2A, 0x2A, 0x2A, 0x2A, 0x2A, 0x2A, 0x2A, 0x2A, 0x2A, 0x2A,
    0x2A, 0x2A, 0x2A, 0x2A, 0x2A, 0x2A, 0x2A, 0x2A, 0x2A, 0x2A, 0x2A, 0x2A, 0x2A, 0x2A, 0x2A, 0x2A,
    0x2A, 0x2A, 0x2A, 0x2A, 0x2A, 0x2A, 0x2A, 0x2A, 0x2A, 0x2A, 0x2A, 0x2A, 0x2A, 0x2A, 0x2A, 0x2A,
    0x2A, 0x2A, 0x2A, 0x2A, 0x2A, 0x2A, 0x2A, 0x0A, 0x00, 0x00, 0x00, 0x00, 0x47, 0x53, 0x70, 0x61,
    0x72, 0x74, 0x69, 0x63, 0x6C, 0x65, 0x3A, 0x20, 0x2A, 0x2A, 0x2A, 0x2A, 0x2A, 0x2A, 0x2A, 0x2A,
    0x2A, 0x2A, 0x2A, 0x2A, 0x2A, 0x20, 0x76, 0x65, 0x72, 0x73, 0x69, 0x6F, 0x6E, 0x20, 0x30, 0x20,
    0x2E, 0x67, 0x70, 0x74, 0x20, 0x66, 0x69, 0x6C, 0x65, 0x73, 0x20, 0x61, 0x72, 0x65, 0x20, 0x6E,
    0x6F, 0x20, 0x6C, 0x6F, 0x6E, 0x67, 0x65, 0x72, 0x20, 0x73, 0x75, 0x70, 0x70, 0x6F, 0x72, 0x74,
    0x65, 0x64, 0x20, 0x2A, 0x2A, 0x2A, 0x2A, 0x2A, 0x2A, 0x2A, 0x2A, 0x2A, 0x2A, 0x2A, 0x2A, 0x2A,
    0x2A, 0x2A, 0x2A, 0x0A, 0x00, 0x00, 0x00, 0x00, 0x47, 0x53, 0x70, 0x61, 0x72, 0x74, 0x69, 0x63,
    0x6C, 0x65, 0x3A, 0x20, 0x75, 0x6E, 0x6B, 0x6E, 0x6F, 0x77, 0x6E, 0x20, 0x76, 0x65, 0x72, 0x73,
    0x69, 0x6F, 0x6E, 0x0A, 0x00, 0x00, 0x00, 0x00, 0x47, 0x53, 0x70, 0x61, 0x72, 0x74, 0x69, 0x63,
    0x6C, 0x65, 0x3A, 0x20, 0x76, 0x65, 0x72, 0x73, 0x69, 0x6F, 0x6E, 0x20, 0x6D, 0x69, 0x73, 0x6D,
    0x61, 0x74, 0x63, 0x68, 0x20, 0x62, 0x65, 0x74, 0x77, 0x65, 0x65, 0x6E, 0x20, 0x73, 0x79, 0x73,
    0x74, 0x65, 0x6D, 0x28, 0x25, 0x64, 0x29, 0x20, 0x61, 0x6E, 0x64, 0x20, 0x70, 0x74, 0x63, 0x6C,
    0x2D, 0x66, 0x69, 0x6C, 0x65, 0x28, 0x25, 0x64, 0x29, 0x00, 0x00, 0x00, 0x00, 0x00, 0x00, 0x00,
};

const u8 lbl_80272948[36] = {
    0x00, 0x8D, 0x00, 0x0A, 0x00, 0x00, 0x00, 0x8E, 0x00, 0x0B, 0x00, 0x00, 0x00, 0x8F, 0x00, 0x0C,
    0x00, 0x00, 0x00, 0x90, 0x00, 0x0D, 0x00, 0x00, 0x00, 0x91, 0x00, 0x0E, 0x00, 0x00, 0x00, 0x92,
    0x00, 0x0F, 0x00, 0x00,
};

const u8 lbl_8027296C[44] = {
    0x00, 0x16, 0x00, 0x1E, 0x00, 0x17, 0x00, 0x28, 0x00, 0x02, 0x00, 0x32, 0x00, 0x44, 0x00, 0x3C,
    0x00, 0x13, 0x00, 0x46, 0x00, 0x18, 0x00, 0x50, 0x00, 0x6E, 0x00, 0x5A, 0x00, 0x40, 0x00, 0x5F,
    0x00, 0x45, 0x00, 0x63, 0x00, 0xBB, 0x00, 0x01, 0x00, 0x00, 0x00, 0x00,
};

const u8 lbl_80272998[12] = {
    0x00, 0xB0, 0x00, 0xB1, 0x00, 0xB2, 0x00, 0xB3, 0x00, 0xB4, 0x00, 0x00,
};

const u8 lbl_802729A4[28] = {
    0x00, 0xA3, 0x00, 0xA4, 0x00, 0xA5, 0x00, 0xA6, 0x00, 0xA7, 0x00, 0xA8, 0x00, 0xA9, 0x00, 0xAA,
    0x00, 0xAB, 0x00, 0xAC, 0x00, 0xAD, 0x00, 0xAE, 0x00, 0x00, 0x00, 0x00,
};

const u8 lbl_802729C0[80] = {
    0x00, 0x00, 0x00, 0x4C, 0x00, 0x00, 0x00, 0x4D, 0x00, 0x00, 0x00, 0x4E, 0x00, 0x00, 0x00, 0x4F,
    0x00, 0x00, 0x00, 0x50, 0x00, 0x00, 0x00, 0x51, 0x00, 0x00, 0x00, 0x52, 0x00, 0x00, 0x00, 0x53,
    0x00, 0x00, 0x00, 0x54, 0x00, 0x00, 0x00, 0x55, 0x00, 0x00, 0x00, 0x56, 0x00, 0x00, 0x00, 0x57,
    0x00, 0x00, 0x00, 0x58, 0x00, 0x00, 0x00, 0x59, 0x00, 0x00, 0x00, 0x5A, 0x00, 0x00, 0x00, 0x5B,
    0x00, 0x00, 0x00, 0x5C, 0x00, 0x00, 0x00, 0x5D, 0x00, 0x00, 0x00, 0x5E, 0x00, 0x00, 0x00, 0x5F,
};

const u8 lbl_80272A10[40] = {
    0x00, 0x00, 0x00, 0x00, 0x00, 0xF7, 0x04, 0x00, 0x00, 0x00, 0x00, 0x01, 0x0D, 0x22, 0x04, 0x00,
    0x00, 0x00, 0x00, 0x02, 0x03, 0x1E, 0x04, 0x00, 0x00, 0x00, 0x00, 0x03, 0x0D, 0x27, 0x04, 0x00,
    0x00, 0x00, 0x00, 0x04, 0x0D, 0x26, 0x04, 0x00,
};

const u8 lbl_80272A38[32] = {
    0x00, 0x00, 0x00, 0x1C, 0x00, 0x00, 0x00, 0x21, 0xFF, 0xFF, 0xFF, 0xFF, 0xFF, 0xFF, 0xFF, 0xFF,
    0x00, 0x00, 0x00, 0x16, 0x00, 0x00, 0x00, 0x1B, 0xFF, 0xFF, 0xFF, 0xFF, 0xFF, 0xFF, 0xFF, 0xFF,
};

const u8 lbl_80272A58[73] = {
    0x47, 0x53, 0x65, 0x66, 0x66, 0x65, 0x63, 0x74, 0x3A, 0x20, 0x43, 0x61, 0x6E, 0x6E, 0x6F, 0x74,
    0x20, 0x74, 0x72, 0x69, 0x67, 0x67, 0x65, 0x72, 0x20, 0x65, 0x66, 0x66, 0x65, 0x63, 0x74, 0x20,
    0x2D, 0x20, 0x69, 0x6E, 0x73, 0x74, 0x61, 0x6E, 0x63, 0x65, 0x20, 0x75, 0x6E, 0x69, 0x6E, 0x69,
    0x74, 0x69, 0x61, 0x6C, 0x69, 0x73, 0x65, 0x64, 0x3A, 0x20, 0x65, 0x66, 0x66, 0x65, 0x63, 0x74,
    0x20, 0x49, 0x44, 0x20, 0x25, 0x64, 0x2E, 0x0A, 0x00,
};

const u8 gap_04_80272AA1_rodata[7] = {
    0x00, 0x00, 0x00, 0x00, 0x00, 0x00, 0x00,
};

const u8 lbl_80272AA8[16] = {
    0x25, 0x73, 0x2F, 0x74, 0x65, 0x73, 0x74, 0x25, 0x30, 0x34, 0x64, 0x2E, 0x74, 0x68, 0x70, 0x00,
};

const u8 lbl_80272AB8[37] = {
    0x4C, 0x61, 0x72, 0x67, 0x65, 0x73, 0x74, 0x20, 0x62, 0x6C, 0x6F, 0x63, 0x6B, 0x20, 0x69, 0x6E,
    0x63, 0x72, 0x65, 0x61, 0x73, 0x65, 0x64, 0x20, 0x62, 0x79, 0x20, 0x25, 0x64, 0x20, 0x62, 0x79,
    0x74, 0x65, 0x73, 0x0A, 0x00,
};

const u8 gap_04_80272ADD_rodata[3] = {
    0x00, 0x00, 0x00,
};

const u8 lbl_80272AE0[16] = {
    0x47, 0x53, 0x6D, 0x65, 0x6D, 0x20, 0x73, 0x74, 0x61, 0x74, 0x65, 0x20, 0x4F, 0x4B, 0x0A, 0x00,
};

const u8 lbl_80272AF0[21] = {
    0x47, 0x53, 0x6D, 0x65, 0x6D, 0x20, 0x73, 0x74, 0x61, 0x74, 0x65, 0x20, 0x62, 0x72, 0x6F, 0x6B,
    0x65, 0x6E, 0x21, 0x0A, 0x00,
};

const u8 gap_04_80272B05_rodata[3] = {
    0x00, 0x00, 0x00,
};

const u8 lbl_80272B08[51] = {
    0x74, 0x72, 0x61, 0x63, 0x65, 0x66, 0x78, 0x53, 0x74, 0x61, 0x72, 0x74, 0x45, 0x66, 0x66, 0x65,
    0x63, 0x74, 0x3A, 0x20, 0x43, 0x6F, 0x75, 0x6C, 0x64, 0x20, 0x6E, 0x6F, 0x74, 0x20, 0x73, 0x74,
    0x61, 0x72, 0x74, 0x20, 0x74, 0x72, 0x61, 0x69, 0x6C, 0x20, 0x65, 0x66, 0x66, 0x65, 0x63, 0x74,
    0x21, 0x0A, 0x00,
};

const u8 gap_04_80272B3B_rodata[5] = {
    0x00, 0x00, 0x00, 0x00, 0x00,
};

const u8 lbl_80272B40[240] = {
    0x6C, 0x69, 0x67, 0x68, 0x74, 0x6E, 0x69, 0x6E, 0x67, 0x53, 0x74, 0x61, 0x72, 0x74, 0x45, 0x66,
    0x66, 0x65, 0x63, 0x74, 0x3A, 0x20, 0x43, 0x6F, 0x75, 0x6C, 0x64, 0x20, 0x6E, 0x6F, 0x74, 0x20,
    0x73, 0x74, 0x61, 0x72, 0x74, 0x20, 0x6C, 0x69, 0x67, 0x68, 0x74, 0x6E, 0x69, 0x6E, 0x67, 0x20,
    0x65, 0x66, 0x66, 0x65, 0x63, 0x74, 0x20, 0x2D, 0x20, 0x69, 0x6E, 0x76, 0x61, 0x6C, 0x69, 0x64,
    0x20, 0x6D, 0x6F, 0x64, 0x65, 0x6C, 0x3A, 0x20, 0x67, 0x72, 0x6F, 0x75, 0x70, 0x20, 0x25, 0x64,
    0x2C, 0x20, 0x6D, 0x6F, 0x64, 0x65, 0x6C, 0x20, 0x25, 0x64, 0x2E, 0x0A, 0x00, 0x00, 0x00, 0x00,
    0x6C, 0x69, 0x67, 0x68, 0x74, 0x6E, 0x69, 0x6E, 0x67, 0x53, 0x74, 0x61, 0x72, 0x74, 0x45, 0x66,
    0x66, 0x65, 0x63, 0x74, 0x3A, 0x20, 0x43, 0x6F, 0x75, 0x6C, 0x64, 0x20, 0x6E, 0x6F, 0x74, 0x20,
    0x73, 0x74, 0x61, 0x72, 0x74, 0x20, 0x6C, 0x69, 0x67, 0x68, 0x74, 0x6E, 0x69, 0x6E, 0x67, 0x20,
    0x65, 0x66, 0x66, 0x65, 0x63, 0x74, 0x20, 0x2D, 0x20, 0x6E, 0x6F, 0x74, 0x20, 0x65, 0x6E, 0x6F,
    0x75, 0x67, 0x68, 0x20, 0x6D, 0x65, 0x6D, 0x6F, 0x72, 0x79, 0x21, 0x0A, 0x00, 0x00, 0x00, 0x00,
    0x6C, 0x69, 0x67, 0x68, 0x74, 0x6E, 0x69, 0x6E, 0x67, 0x53, 0x74, 0x61, 0x72, 0x74, 0x45, 0x66,
    0x66, 0x65, 0x63, 0x74, 0x3A, 0x20, 0x43, 0x6F, 0x75, 0x6C, 0x64, 0x20, 0x6E, 0x6F, 0x74, 0x20,
    0x73, 0x74, 0x61, 0x72, 0x74, 0x20, 0x6C, 0x69, 0x67, 0x68, 0x74, 0x6E, 0x69, 0x6E, 0x67, 0x20,
    0x65, 0x66, 0x66, 0x65, 0x63, 0x74, 0x21, 0x0A, 0x00, 0x00, 0x00, 0x00, 0x00, 0x00, 0x00, 0x00,
};

const u8 lbl_80272C30[96] = {
    0x6C, 0x65, 0x61, 0x66, 0x66, 0x78, 0x53, 0x74, 0x61, 0x72, 0x74, 0x45, 0x66, 0x66, 0x65, 0x63,
    0x74, 0x3A, 0x20, 0x43, 0x6F, 0x75, 0x6C, 0x64, 0x20, 0x6E, 0x6F, 0x74, 0x20, 0x73, 0x74, 0x61,
    0x72, 0x74, 0x20, 0x6C, 0x65, 0x61, 0x66, 0x20, 0x65, 0x66, 0x66, 0x65, 0x63, 0x74, 0x20, 0x2D,
    0x20, 0x69, 0x6E, 0x76, 0x61, 0x6C, 0x69, 0x64, 0x20, 0x6C, 0x65, 0x61, 0x66, 0x20, 0x6D, 0x6F,
    0x64, 0x65, 0x6C, 0x3A, 0x20, 0x67, 0x72, 0x6F, 0x75, 0x70, 0x52, 0x65, 0x73, 0x20, 0x25, 0x64,
    0x2C, 0x20, 0x6D, 0x6F, 0x64, 0x65, 0x6C, 0x52, 0x65, 0x73, 0x20, 0x25, 0x64, 0x21, 0x0A, 0x00,
};

const u8 lbl_80272C90[49] = {
    0x6C, 0x65, 0x61, 0x66, 0x66, 0x78, 0x53, 0x74, 0x61, 0x72, 0x74, 0x45, 0x66, 0x66, 0x65, 0x63,
    0x74, 0x3A, 0x20, 0x43, 0x6F, 0x75, 0x6C, 0x64, 0x20, 0x6E, 0x6F, 0x74, 0x20, 0x73, 0x74, 0x61,
    0x72, 0x74, 0x20, 0x6C, 0x65, 0x61, 0x66, 0x20, 0x65, 0x66, 0x66, 0x65, 0x63, 0x74, 0x21, 0x0A,
    0x00,
};

const u8 gap_04_80272CC1_rodata[3] = {
    0x00, 0x00, 0x00,
};

const u8 lbl_80272CC4[61] = {
    0x5F, 0x6C, 0x65, 0x61, 0x66, 0x66, 0x78, 0x47, 0x65, 0x6E, 0x65, 0x72, 0x61, 0x74, 0x65, 0x4C,
    0x65, 0x61, 0x66, 0x44, 0x61, 0x74, 0x61, 0x3A, 0x20, 0x43, 0x6F, 0x75, 0x6C, 0x64, 0x20, 0x6E,
    0x6F, 0x74, 0x20, 0x63, 0x72, 0x65, 0x61, 0x74, 0x65, 0x20, 0x6C, 0x65, 0x61, 0x66, 0x20, 0x63,
    0x6C, 0x6F, 0x6E, 0x65, 0x20, 0x6D, 0x6F, 0x64, 0x65, 0x6C, 0x2E, 0x0A, 0x00,
};

const u8 gap_04_80272D01_rodata[7] = {
    0x00, 0x00, 0x00, 0x00, 0x00, 0x00, 0x00,
};

const u8 lbl_80272D08[74] = {
    0x6C, 0x65, 0x61, 0x66, 0x66, 0x78, 0x53, 0x74, 0x61, 0x72, 0x74, 0x45, 0x66, 0x66, 0x65, 0x63,
    0x74, 0x3A, 0x20, 0x43, 0x6F, 0x75, 0x6C, 0x64, 0x20, 0x6E, 0x6F, 0x74, 0x20, 0x73, 0x74, 0x61,
    0x72, 0x74, 0x20, 0x6C, 0x69, 0x67, 0x68, 0x74, 0x6E, 0x69, 0x6E, 0x67, 0x20, 0x65, 0x66, 0x66,
    0x65, 0x63, 0x74, 0x20, 0x2D, 0x20, 0x6E, 0x6F, 0x74, 0x20, 0x65, 0x6E, 0x6F, 0x75, 0x67, 0x68,
    0x20, 0x6D, 0x65, 0x6D, 0x6F, 0x72, 0x79, 0x21, 0x0A, 0x00,
};

const u8 gap_04_80272D52_rodata[2] = {
    0x00, 0x00,
};

const u8 lbl_80272D54[54] = {
    0x6C, 0x65, 0x61, 0x66, 0x66, 0x78, 0x53, 0x74, 0x61, 0x72, 0x74, 0x45, 0x66, 0x66, 0x65, 0x63,
    0x74, 0x3A, 0x20, 0x43, 0x6F, 0x75, 0x6C, 0x64, 0x20, 0x6E, 0x6F, 0x74, 0x20, 0x73, 0x74, 0x61,
    0x72, 0x74, 0x20, 0x6C, 0x69, 0x67, 0x68, 0x74, 0x6E, 0x69, 0x6E, 0x67, 0x20, 0x65, 0x66, 0x66,
    0x65, 0x63, 0x74, 0x21, 0x0A, 0x00,
};

const u8 gap_04_80272D8A_rodata[6] = {
    0x00, 0x00, 0x00, 0x00, 0x00, 0x00,
};

const u8 lbl_80272D90[97] = {
    0x65, 0x6C, 0x65, 0x63, 0x74, 0x72, 0x6F, 0x6E, 0x53, 0x74, 0x61, 0x72, 0x74, 0x45, 0x66, 0x66,
    0x65, 0x63, 0x74, 0x3A, 0x20, 0x43, 0x6F, 0x75, 0x6C, 0x64, 0x20, 0x6E, 0x6F, 0x74, 0x20, 0x73,
    0x74, 0x61, 0x72, 0x74, 0x20, 0x65, 0x6C, 0x65, 0x63, 0x74, 0x72, 0x6F, 0x6E, 0x20, 0x65, 0x66,
    0x66, 0x65, 0x63, 0x74, 0x20, 0x2D, 0x20, 0x69, 0x6E, 0x76, 0x61, 0x6C, 0x69, 0x64, 0x20, 0x6D,
    0x6F, 0x64, 0x65, 0x6C, 0x3A, 0x20, 0x67, 0x72, 0x6F, 0x75, 0x70, 0x52, 0x65, 0x73, 0x20, 0x25,
    0x64, 0x2C, 0x20, 0x6D, 0x6F, 0x64, 0x65, 0x6C, 0x52, 0x65, 0x73, 0x20, 0x25, 0x64, 0x21, 0x0A,
    0x00,
};

const u8 gap_04_80272DF1_rodata[3] = {
    0x00, 0x00, 0x00,
};

const u8 lbl_80272DF4[53] = {
    0x6C, 0x65, 0x61, 0x66, 0x66, 0x78, 0x53, 0x74, 0x61, 0x72, 0x74, 0x45, 0x66, 0x66, 0x65, 0x63,
    0x74, 0x3A, 0x20, 0x43, 0x6F, 0x75, 0x6C, 0x64, 0x20, 0x6E, 0x6F, 0x74, 0x20, 0x73, 0x74, 0x61,
    0x72, 0x74, 0x20, 0x65, 0x6C, 0x65, 0x63, 0x74, 0x72, 0x6F, 0x6E, 0x20, 0x65, 0x66, 0x66, 0x65,
    0x63, 0x74, 0x21, 0x0A, 0x00,
};

const u8 gap_04_80272E29_rodata[7] = {
    0x00, 0x00, 0x00, 0x00, 0x00, 0x00, 0x00,
};

const u8 lbl_80272E30[62] = {
    0x66, 0x69, 0x6C, 0x74, 0x65, 0x72, 0x53, 0x74, 0x61, 0x72, 0x74, 0x3A, 0x20, 0x43, 0x6F, 0x75,
    0x6C, 0x64, 0x20, 0x6E, 0x6F, 0x74, 0x20, 0x73, 0x74, 0x61, 0x72, 0x74, 0x20, 0x66, 0x69, 0x6C,
    0x74, 0x65, 0x72, 0x20, 0x65, 0x66, 0x66, 0x65, 0x63, 0x74, 0x20, 0x2D, 0x20, 0x69, 0x6E, 0x76,
    0x61, 0x6C, 0x69, 0x64, 0x20, 0x66, 0x69, 0x6C, 0x74, 0x65, 0x72, 0x21, 0x0A, 0x00,
};

const u8 gap_04_80272E6E_rodata[2] = {
    0x00, 0x00,
};

const u8 lbl_80272E70[45] = {
    0x66, 0x69, 0x6C, 0x74, 0x65, 0x72, 0x53, 0x74, 0x61, 0x72, 0x74, 0x3A, 0x20, 0x43, 0x6F, 0x75,
    0x6C, 0x64, 0x20, 0x6E, 0x6F, 0x74, 0x20, 0x73, 0x74, 0x61, 0x72, 0x74, 0x20, 0x66, 0x69, 0x6C,
    0x74, 0x65, 0x72, 0x20, 0x65, 0x66, 0x66, 0x65, 0x63, 0x74, 0x21, 0x0A, 0x00,
};

const u8 gap_04_80272E9D_rodata[3] = {
    0x00, 0x00, 0x00,
};

const u8 lbl_80272EA0[47] = {
    0x73, 0x75, 0x72, 0x66, 0x45, 0x66, 0x66, 0x65, 0x63, 0x74, 0x53, 0x74, 0x61, 0x72, 0x74, 0x3A,
    0x20, 0x43, 0x6F, 0x75, 0x6C, 0x64, 0x20, 0x6E, 0x6F, 0x74, 0x20, 0x73, 0x74, 0x61, 0x72, 0x74,
    0x20, 0x77, 0x61, 0x76, 0x65, 0x20, 0x65, 0x66, 0x66, 0x65, 0x63, 0x74, 0x21, 0x0A, 0x00,
};

const u8 gap_04_80272ECF_rodata[1] = {
    0x00,
};

const u8 lbl_80272ED0[45] = {
    0x73, 0x65, 0x61, 0x45, 0x66, 0x66, 0x65, 0x63, 0x74, 0x53, 0x74, 0x61, 0x72, 0x74, 0x3A, 0x20,
    0x43, 0x6F, 0x75, 0x6C, 0x64, 0x20, 0x6E, 0x6F, 0x74, 0x20, 0x73, 0x74, 0x61, 0x72, 0x74, 0x20,
    0x73, 0x65, 0x61, 0x20, 0x65, 0x66, 0x66, 0x65, 0x63, 0x74, 0x21, 0x0A, 0x00,
};

const u8 gap_04_80272EFD_rodata[3] = {
    0x00, 0x00, 0x00,
};

const u8 lbl_80272F00[56] = {
    0x65, 0x6E, 0x76, 0x4D, 0x61, 0x70, 0x45, 0x66, 0x66, 0x65, 0x63, 0x74, 0x49, 0x6E, 0x69, 0x74,
    0x3A, 0x20, 0x43, 0x6F, 0x75, 0x6C, 0x64, 0x20, 0x6E, 0x6F, 0x74, 0x20, 0x69, 0x6E, 0x69, 0x74,
    0x69, 0x61, 0x6C, 0x69, 0x73, 0x65, 0x20, 0x65, 0x6E, 0x76, 0x20, 0x6D, 0x61, 0x70, 0x20, 0x65,
    0x66, 0x66, 0x65, 0x63, 0x74, 0x21, 0x0A, 0x00,
};

const u8 lbl_80272F38[52] = {
    0x65, 0x6E, 0x76, 0x4D, 0x61, 0x70, 0x45, 0x66, 0x66, 0x65, 0x63, 0x74, 0x53, 0x74, 0x61, 0x72,
    0x74, 0x3A, 0x20, 0x43, 0x6F, 0x75, 0x6C, 0x64, 0x20, 0x6E, 0x6F, 0x74, 0x20, 0x73, 0x74, 0x61,
    0x72, 0x74, 0x20, 0x65, 0x6E, 0x76, 0x20, 0x6D, 0x61, 0x70, 0x20, 0x65, 0x66, 0x66, 0x65, 0x63,
    0x74, 0x21, 0x0A, 0x00,
};

const u8 gap_04_80272F6C_rodata[4] = {
    0x00, 0x00, 0x00, 0x00,
};

const u8 lbl_80272F70[47] = {
    0x62, 0x6C, 0x75, 0x72, 0x45, 0x66, 0x66, 0x65, 0x63, 0x74, 0x53, 0x74, 0x61, 0x72, 0x74, 0x3A,
    0x20, 0x43, 0x6F, 0x75, 0x6C, 0x64, 0x20, 0x6E, 0x6F, 0x74, 0x20, 0x73, 0x74, 0x61, 0x72, 0x74,
    0x20, 0x62, 0x6C, 0x75, 0x72, 0x20, 0x65, 0x66, 0x66, 0x65, 0x63, 0x74, 0x21, 0x0A, 0x00,
};

const u8 gap_04_80272F9F_rodata[1] = {
    0x00,
};

const u8 lbl_80272FA0[47] = {
    0x61, 0x75, 0x72, 0x61, 0x45, 0x66, 0x66, 0x65, 0x63, 0x74, 0x53, 0x74, 0x61, 0x72, 0x74, 0x3A,
    0x20, 0x43, 0x6F, 0x75, 0x6C, 0x64, 0x20, 0x6E, 0x6F, 0x74, 0x20, 0x73, 0x74, 0x61, 0x72, 0x74,
    0x20, 0x61, 0x75, 0x72, 0x61, 0x20, 0x65, 0x66, 0x66, 0x65, 0x63, 0x74, 0x21, 0x0A, 0x00,
};

const u8 gap_04_80272FCF_rodata[1] = {
    0x00,
};

const u8 lbl_80272FD0[10] = {
    0x74, 0x72, 0x61, 0x6E, 0x73, 0x6C, 0x61, 0x74, 0x65, 0x00,
};

const u8 gap_04_80272FDA_rodata[6] = {
    0x00, 0x00, 0x00, 0x00, 0x00, 0x00,
};

const u8 lbl_80272FE0[59] = {
    0x64, 0x69, 0x73, 0x74, 0x6F, 0x72, 0x74, 0x69, 0x6F, 0x6E, 0x45, 0x66, 0x66, 0x65, 0x63, 0x74,
    0x53, 0x74, 0x61, 0x72, 0x74, 0x3A, 0x20, 0x43, 0x6F, 0x75, 0x6C, 0x64, 0x20, 0x6E, 0x6F, 0x74,
    0x20, 0x73, 0x74, 0x61, 0x72, 0x74, 0x20, 0x64, 0x69, 0x73, 0x74, 0x6F, 0x72, 0x74, 0x69, 0x6F,
    0x6E, 0x20, 0x65, 0x66, 0x66, 0x65, 0x63, 0x74, 0x21, 0x0A, 0x00,
};

const u8 gap_04_8027301B_rodata[1] = {
    0x00,
};

const u8 lbl_8027301C[68] = {
    0x5F, 0x64, 0x69, 0x73, 0x74, 0x6F, 0x72, 0x74, 0x69, 0x6F, 0x6E, 0x45, 0x66, 0x66, 0x65, 0x63,
    0x74, 0x55, 0x70, 0x64, 0x61, 0x74, 0x65, 0x4D, 0x61, 0x74, 0x72, 0x69, 0x63, 0x65, 0x73, 0x3A,
    0x20, 0x43, 0x6F, 0x75, 0x6C, 0x64, 0x20, 0x6E, 0x6F, 0x74, 0x20, 0x70, 0x72, 0x6F, 0x6A, 0x65,
    0x63, 0x74, 0x20, 0x70, 0x6F, 0x69, 0x6E, 0x74, 0x73, 0x20, 0x6F, 0x6E, 0x20, 0x73, 0x63, 0x72,
    0x65, 0x65, 0x6E, 0x00,
};

const u8 lbl_80273060[12] = {
    0x00, 0x00, 0x00, 0x00, 0x00, 0x00, 0x00, 0x00, 0x00, 0x00, 0x00, 0x00,
};

const u8 lbl_8027306C[12] = {
    0x3F, 0x80, 0x00, 0x00, 0x3F, 0x80, 0x00, 0x00, 0x3F, 0x80, 0x00, 0x00,
};

const u8 lbl_80273078[57] = {
    0x62, 0x69, 0x6C, 0x6C, 0x62, 0x6F, 0x61, 0x72, 0x64, 0x45, 0x66, 0x66, 0x65, 0x63, 0x74, 0x53,
    0x74, 0x61, 0x72, 0x74, 0x3A, 0x20, 0x43, 0x6F, 0x75, 0x6C, 0x64, 0x20, 0x6E, 0x6F, 0x74, 0x20,
    0x73, 0x74, 0x61, 0x72, 0x74, 0x20, 0x62, 0x69, 0x6C, 0x6C, 0x62, 0x6F, 0x61, 0x72, 0x64, 0x20,
    0x65, 0x66, 0x66, 0x65, 0x63, 0x74, 0x21, 0x0A, 0x00,
};

const u8 gap_04_802730B1_rodata[7] = {
    0x00, 0x00, 0x00, 0x00, 0x00, 0x00, 0x00,
};

const u8 lbl_802730B8[35] = {
    0x46, 0x61, 0x69, 0x6C, 0x65, 0x64, 0x20, 0x74, 0x6F, 0x20, 0x63, 0x72, 0x65, 0x61, 0x74, 0x65,
    0x20, 0x50, 0x61, 0x74, 0x63, 0x68, 0x69, 0x72, 0x75, 0x20, 0x74, 0x65, 0x78, 0x74, 0x75, 0x72,
    0x65, 0x0A, 0x00,
};

const u8 gap_04_802730DB_rodata[5] = {
    0x00, 0x00, 0x00, 0x00, 0x00,
};

const u8 lbl_802730E0[512] = {
    0x00, 0x00, 0x00, 0x00, 0x00, 0x00, 0x00, 0x00, 0x80, 0x00, 0x00, 0x00, 0x00, 0x00, 0x00, 0x00,
    0x00, 0x00, 0x00, 0x01, 0x00, 0x00, 0x00, 0x00, 0x40, 0x00, 0x00, 0x00, 0x00, 0x00, 0x00, 0x00,
    0x00, 0x00, 0x00, 0x02, 0x00, 0x00, 0x00, 0x00, 0x30, 0x00, 0x00, 0x00, 0x00, 0x00, 0x00, 0x00,
    0x00, 0x00, 0x00, 0x03, 0x00, 0x00, 0x00, 0x00, 0x0F, 0x00, 0x00, 0x00, 0x00, 0x00, 0x00, 0x01,
    0x00, 0x00, 0x00, 0x04, 0x00, 0x00, 0x00, 0x01, 0xF0, 0x00, 0x00, 0x00, 0x00, 0x00, 0x00, 0x01,
    0x00, 0x00, 0x00, 0x05, 0x00, 0x00, 0x00, 0x01, 0x0F, 0x00, 0x00, 0x00, 0x00, 0x00, 0x00, 0x01,
    0x00, 0x00, 0x00, 0x06, 0x00, 0x00, 0x00, 0x02, 0xF0, 0x00, 0x00, 0x00, 0x00, 0x00, 0x00, 0x01,
    0x00, 0x00, 0x00, 0x07, 0x00, 0x00, 0x00, 0x02, 0x0F, 0x00, 0x00, 0x00, 0x00, 0x00, 0x00, 0x01,
    0x00, 0x00, 0x00, 0x08, 0x00, 0x00, 0x00, 0x03, 0x80, 0x00, 0x00, 0x00, 0x00, 0x00, 0x00, 0x00,
    0x00, 0x00, 0x00, 0x09, 0x00, 0x00, 0x00, 0x03, 0x40, 0x00, 0x00, 0x00, 0x00, 0x00, 0x00, 0x00,
    0x00, 0x00, 0x00, 0x0A, 0x00, 0x00, 0x00, 0x03, 0x20, 0x00, 0x00, 0x00, 0x00, 0x00, 0x00, 0x00,
    0x00, 0x00, 0x00, 0x0B, 0x00, 0x00, 0x00, 0x03, 0x10, 0x00, 0x00, 0x00, 0x00, 0x00, 0x00, 0x00,
    0x00, 0x00, 0x00, 0x0C, 0x00, 0x00, 0x00, 0x03, 0x08, 0x00, 0x00, 0x00, 0x00, 0x00, 0x00, 0x00,
    0x00, 0x00, 0x00, 0x0D, 0x00, 0x00, 0x00, 0x03, 0x04, 0x00, 0x00, 0x00, 0x00, 0x00, 0x00, 0x00,
    0x00, 0x00, 0x00, 0x0E, 0x00, 0x00, 0x00, 0x03, 0x02, 0x00, 0x00, 0x00, 0x00, 0x00, 0x00, 0x00,
    0x00, 0x00, 0x00, 0x0F, 0x00, 0x00, 0x00, 0x03, 0x01, 0x00, 0x00, 0x00, 0x00, 0x00, 0x00, 0x00,
    0x00, 0x00, 0x00, 0x10, 0x00, 0x00, 0x00, 0x04, 0x20, 0x00, 0x00, 0x00, 0x00, 0x00, 0x00, 0x00,
    0x00, 0x00, 0x00, 0x11, 0x00, 0x00, 0x00, 0x04, 0x01, 0x00, 0x00, 0x00, 0x00, 0x00, 0x00, 0x02,
    0x00, 0x00, 0x00, 0x12, 0x00, 0x00, 0x00, 0x04, 0x02, 0x00, 0x00, 0x00, 0x00, 0x00, 0x00, 0x02,
    0x00, 0x00, 0x00, 0x13, 0x00, 0x00, 0x00, 0x04, 0x40, 0x00, 0x00, 0x00, 0x00, 0x00, 0x00, 0x00,
    0x00, 0x00, 0x00, 0x14, 0x00, 0x00, 0x00, 0x04, 0x04, 0x00, 0x00, 0x00, 0x00, 0x00, 0x00, 0x02,
    0x00, 0x00, 0x00, 0x15, 0x00, 0x00, 0x00, 0x04, 0x10, 0x00, 0x00, 0x00, 0x00, 0x00, 0x00, 0x00,
    0x00, 0x00, 0x00, 0x16, 0x00, 0x00, 0x00, 0x04, 0x08, 0x00, 0x00, 0x00, 0x00, 0x00, 0x00, 0x02,
    0x00, 0x00, 0x00, 0x17, 0x00, 0x00, 0x00, 0x04, 0x80, 0x00, 0x00, 0x00, 0x00, 0x00, 0x00, 0x00,
    0x00, 0x00, 0x00, 0x18, 0x00, 0x00, 0x00, 0x05, 0x01, 0x00, 0x00, 0x00, 0x00, 0x00, 0x00, 0x02,
    0x00, 0x00, 0x00, 0x19, 0x00, 0x00, 0x00, 0x05, 0x02, 0x00, 0x00, 0x00, 0x00, 0x00, 0x00, 0x02,
    0x00, 0x00, 0x00, 0x1A, 0x00, 0x00, 0x00, 0x05, 0x04, 0x00, 0x00, 0x00, 0x00, 0x00, 0x00, 0x02,
    0x00, 0x00, 0x00, 0x1B, 0x00, 0x00, 0x00, 0x05, 0x08, 0x00, 0x00, 0x00, 0x00, 0x00, 0x00, 0x02,
    0x00, 0x00, 0x00, 0x1C, 0x00, 0x00, 0x00, 0x05, 0x10, 0x00, 0x00, 0x00, 0x00, 0x00, 0x00, 0x00,
    0x00, 0x00, 0x00, 0x1D, 0x00, 0x00, 0x00, 0x05, 0x20, 0x00, 0x00, 0x00, 0x00, 0x00, 0x00, 0x03,
    0x00, 0x00, 0x00, 0x1E, 0x00, 0x00, 0x00, 0x05, 0x40, 0x00, 0x00, 0x00, 0x00, 0x00, 0x00, 0x03,
    0x00, 0x00, 0x00, 0x1F, 0x00, 0x00, 0x00, 0x05, 0x80, 0x00, 0x00, 0x00, 0x00, 0x00, 0x00, 0x03,
};

const u8 lbl_802732E0[64] = {
    0x05, 0xBE, 0x0B, 0x7C, 0x0B, 0x7C, 0x11, 0x3A, 0x08, 0xB6, 0x11, 0x6C, 0x11, 0x6C, 0x1A, 0x22,
    0x09, 0xA6, 0x13, 0x4C, 0x13, 0x4C, 0x1C, 0xF2, 0x0E, 0x97, 0x1D, 0x2E, 0x1D, 0x2E, 0x2B, 0xC5,
    0x0B, 0x7C, 0x0D, 0x3A, 0x0B, 0x7C, 0x0D, 0x3A, 0x0B, 0x7C, 0x0D, 0x3A, 0x0B, 0x7C, 0x0D, 0x3A,
    0x13, 0x4C, 0x16, 0x37, 0x13, 0x4C, 0x16, 0x37, 0x13, 0x4C, 0x16, 0x37, 0x13, 0x4C, 0x16, 0x37,
};

const u8 lbl_80273320[24] = {
    0x00, 0x0A, 0x00, 0x0C, 0x00, 0x18, 0x00, 0x0E, 0x00, 0x10, 0x00, 0x1A, 0x00, 0x12, 0x00, 0x14,
    0x00, 0x16, 0x00, 0x00, 0x00, 0x00, 0x00, 0x00,
};

const u8 lbl_80273338[136] = {
    0x00, 0x00, 0x00, 0x00, 0x00, 0x00, 0x00, 0x7F, 0x00, 0x00, 0x40, 0x7F, 0x00, 0x00, 0x00, 0x00,
    0x00, 0x00, 0x00, 0x00, 0x00, 0x00, 0x00, 0x00, 0x00, 0x00, 0x00, 0x00, 0x00, 0x00, 0x00, 0x00,
    0x00, 0x00, 0x00, 0x00, 0x00, 0x00, 0x00, 0x00, 0x00, 0x00, 0x00, 0x00, 0x00, 0x00, 0x00, 0x00,
    0x00, 0x00, 0x00, 0x00, 0x00, 0x00, 0x00, 0x00, 0x00, 0x00, 0x00, 0x00, 0x00, 0x00, 0x00, 0x00,
    0x00, 0x00, 0x00, 0x00, 0x00, 0x00, 0x00, 0x00, 0x00, 0x00, 0x00, 0x00, 0x00, 0x00, 0x00, 0x00,
    0x00, 0x00, 0x00, 0x00, 0x00, 0x00, 0x00, 0x00, 0x00, 0x00, 0x00, 0x00, 0x00, 0x00, 0x00, 0x00,
    0x00, 0x00, 0x7F, 0x7F, 0x7F, 0x7F, 0x00, 0x00, 0x00, 0x00, 0x00, 0x00, 0x00, 0x00, 0x00, 0x00,
    0x00, 0x00, 0x00, 0x00, 0x00, 0x00, 0x00, 0x00, 0x00, 0x00, 0x00, 0x00, 0x00, 0x00, 0x00, 0x00,
    0x40, 0x00, 0x00, 0x00, 0x40, 0x00, 0x00, 0x00,
};

const u8 lbl_802733C0[136] = {
    0xFF, 0x00, 0xFF, 0xFF, 0xFF, 0xFF, 0xFF, 0xFF, 0xFF, 0xFF, 0xFF, 0x7F, 0xFF, 0xFF, 0xFF, 0xFF,
    0xFF, 0xFF, 0xFF, 0xFF, 0xFF, 0xFF, 0xFF, 0xFF, 0xFF, 0xFF, 0xFF, 0xFF, 0xFF, 0xFF, 0xFF, 0xFF,
    0xFF, 0x00, 0xFF, 0xFF, 0xFF, 0xFF, 0xFF, 0xFF, 0xFF, 0xFF, 0xFF, 0x7F, 0xFF, 0xFF, 0xFF, 0xFF,
    0xFF, 0xFF, 0xFF, 0xFF, 0xFF, 0xFF, 0xFF, 0xFF, 0xFF, 0xFF, 0xFF, 0xFF, 0xFF, 0xFF, 0xFF, 0xFF,
    0x00, 0x00, 0x00, 0x00, 0xFF, 0x00, 0xFF, 0xFF, 0xFF, 0xFF, 0xFF, 0xFF, 0xFF, 0xFF, 0xFF, 0xFF,
    0xFF, 0xFF, 0xFF, 0xFF, 0xFF, 0xFF, 0xFF, 0xFF, 0xFF, 0xFF, 0xFF, 0xFF, 0xFF, 0xFF, 0xFF, 0xFF,
    0xFF, 0xFF, 0xFF, 0xFF, 0xFF, 0xFF, 0xFF, 0xFF, 0xFF, 0xFF, 0xFF, 0xFF, 0xFF, 0xFF, 0xFF, 0xFF,
    0xFF, 0xFF, 0xFF, 0xFF, 0xFF, 0xFF, 0xFF, 0xFF, 0xFF, 0xFF, 0xFF, 0xFF, 0xFF, 0xFF, 0xFF, 0xFF,
    0x40, 0xFF, 0xFF, 0xFF, 0xFF, 0xFF, 0x00, 0x00,
};

const u8 lbl_80273448[256] = {
    0x00, 0x00, 0x00, 0x00, 0x00, 0x00, 0x00, 0x00, 0x00, 0x00, 0x00, 0x00, 0x00, 0x00, 0x00, 0x00,
    0x00, 0x00, 0x00, 0x00, 0x00, 0x00, 0x00, 0x01, 0x00, 0x01, 0x00, 0x01, 0x00, 0x01, 0x00, 0x01,
    0x00, 0x01, 0x00, 0x01, 0x00, 0x02, 0x00, 0x02, 0x00, 0x02, 0x00, 0x02, 0x00, 0x02, 0x00, 0x03,
    0x00, 0x03, 0x00, 0x03, 0x00, 0x03, 0x00, 0x03, 0x00, 0x04, 0x00, 0x04, 0x00, 0x04, 0x00, 0x04,
    0x00, 0x05, 0x00, 0x05, 0x00, 0x05, 0x00, 0x06, 0x00, 0x06, 0x00, 0x06, 0x00, 0x07, 0x00, 0x07,
    0x00, 0x07, 0x00, 0x08, 0x00, 0x08, 0x00, 0x08, 0x00, 0x09, 0x00, 0x09, 0x00, 0x09, 0x00, 0x0A,
    0x00, 0x0A, 0x00, 0x0A, 0x00, 0x0B, 0x00, 0x0B, 0x00, 0x0C, 0x00, 0x0C, 0x00, 0x0C, 0x00, 0x0D,
    0x00, 0x0D, 0x00, 0x0D, 0x00, 0x0E, 0x00, 0x0E, 0x00, 0x0F, 0x00, 0x0F, 0x00, 0x0F, 0x00, 0x10,
    0x00, 0x10, 0x00, 0x11, 0x00, 0x11, 0x00, 0x11, 0x00, 0x12, 0x00, 0x12, 0x00, 0x13, 0x00, 0x13,
    0x00, 0x13, 0x00, 0x14, 0x00, 0x14, 0x00, 0x14, 0x00, 0x15, 0x00, 0x15, 0x00, 0x16, 0x00, 0x16,
    0x00, 0x16, 0x00, 0x17, 0x00, 0x17, 0x00, 0x17, 0x00, 0x18, 0x00, 0x18, 0x00, 0x18, 0x00, 0x19,
    0x00, 0x19, 0x00, 0x19, 0x00, 0x1A, 0x00, 0x1A, 0x00, 0x1A, 0x00, 0x1B, 0x00, 0x1B, 0x00, 0x1B,
    0x00, 0x1C, 0x00, 0x1C, 0x00, 0x1C, 0x00, 0x1C, 0x00, 0x1D, 0x00, 0x1D, 0x00, 0x1D, 0x00, 0x1D,
    0x00, 0x1D, 0x00, 0x1E, 0x00, 0x1E, 0x00, 0x1E, 0x00, 0x1E, 0x00, 0x1E, 0x00, 0x1F, 0x00, 0x1F,
    0x00, 0x1F, 0x00, 0x1F, 0x00, 0x1F, 0x00, 0x1F, 0x00, 0x1F, 0x00, 0x20, 0x00, 0x20, 0x00, 0x20,
    0x00, 0x20, 0x00, 0x20, 0x00, 0x20, 0x00, 0x20, 0x00, 0x20, 0x00, 0x20, 0x00, 0x20, 0x00, 0x20,
};

const u8 lbl_80273548[32] = {
    0x45, 0x52, 0x52, 0x4F, 0x52, 0x3A, 0x20, 0x63, 0x61, 0x6E, 0x27, 0x74, 0x20, 0x6F, 0x70, 0x65,
    0x6E, 0x20, 0x57, 0x41, 0x56, 0x45, 0x20, 0x49, 0x44, 0x20, 0x3D, 0x20, 0x25, 0x64, 0x0A, 0x00,
};

const u8 lbl_80273568[34] = {
    0x45, 0x52, 0x52, 0x4F, 0x52, 0x3A, 0x20, 0x63, 0x61, 0x6E, 0x27, 0x74, 0x20, 0x6F, 0x70, 0x65,
    0x6E, 0x20, 0x57, 0x41, 0x56, 0x45, 0x20, 0x46, 0x69, 0x6C, 0x65, 0x20, 0x3D, 0x20, 0x25, 0x73,
    0x0A, 0x00,
};

const u8 gap_04_8027358A_rodata[2] = {
    0x00, 0x00,
};

const u8 lbl_8027358C[55] = {
    0x73, 0x6F, 0x75, 0x6E, 0x64, 0x53, 0x74, 0x6F, 0x70, 0x3A, 0x20, 0x57, 0x61, 0x72, 0x6E, 0x69,
    0x6E, 0x67, 0x21, 0x20, 0x42, 0x47, 0x4D, 0x20, 0x63, 0x61, 0x6E, 0x6E, 0x6F, 0x74, 0x20, 0x62,
    0x65, 0x20, 0x73, 0x74, 0x6F, 0x70, 0x70, 0x65, 0x64, 0x2E, 0x28, 0x73, 0x6E, 0x64, 0x5F, 0x69,
    0x64, 0x3D, 0x25, 0x64, 0x29, 0x0A, 0x00,
};

const u8 gap_04_802735C3_rodata[1] = {
    0x00,
};

const u8 lbl_802735C4[52] = {
    0x45, 0x52, 0x52, 0x4F, 0x52, 0x28, 0x73, 0x6F, 0x75, 0x6E, 0x64, 0x2E, 0x63, 0x29, 0x3A, 0x20,
    0x69, 0x6E, 0x76, 0x61, 0x6C, 0x69, 0x64, 0x20, 0x66, 0x69, 0x6C, 0x65, 0x5F, 0x69, 0x6E, 0x66,
    0x6F, 0x20, 0x6E, 0x75, 0x6D, 0x62, 0x65, 0x72, 0x20, 0x73, 0x6E, 0x64, 0x5F, 0x69, 0x64, 0x3D,
    0x25, 0x64, 0x0A, 0x00,
};

const u8 lbl_802735F8[212] = {
    0x45, 0x52, 0x52, 0x4F, 0x52, 0x28, 0x73, 0x6F, 0x75, 0x6E, 0x64, 0x2E, 0x63, 0x29, 0x3A, 0x20,
    0x43, 0x61, 0x6E, 0x27, 0x74, 0x20, 0x50, 0x6C, 0x61, 0x79, 0x20, 0x53, 0x6F, 0x75, 0x6E, 0x64,
    0x2E, 0x20, 0x73, 0x6E, 0x64, 0x5F, 0x69, 0x64, 0x3D, 0x25, 0x64, 0x0A, 0x00, 0x00, 0x00, 0x00,
    0x45, 0x52, 0x52, 0x4F, 0x52, 0x3A, 0x20, 0x55, 0x6E, 0x61, 0x62, 0x6C, 0x65, 0x20, 0x74, 0x6F,
    0x20, 0x6F, 0x70, 0x65, 0x6E, 0x20, 0x27, 0x25, 0x73, 0x27, 0x0A, 0x00, 0x45, 0x52, 0x52, 0x4F,
    0x52, 0x3A, 0x20, 0x5A, 0x65, 0x72, 0x6F, 0x20, 0x6C, 0x65, 0x6E, 0x67, 0x74, 0x68, 0x20, 0x66,
    0x69, 0x6C, 0x65, 0x20, 0x27, 0x25, 0x73, 0x27, 0x0A, 0x00, 0x00, 0x00, 0x45, 0x52, 0x52, 0x4F,
    0x52, 0x3A, 0x20, 0x55, 0x6E, 0x61, 0x62, 0x6C, 0x65, 0x20, 0x74, 0x6F, 0x20, 0x61, 0x6C, 0x6C,
    0x6F, 0x63, 0x61, 0x74, 0x65, 0x20, 0x62, 0x75, 0x66, 0x66, 0x65, 0x72, 0x0A, 0x00, 0x00, 0x00,
    0x45, 0x52, 0x52, 0x4F, 0x52, 0x3A, 0x20, 0x46, 0x61, 0x69, 0x6C, 0x65, 0x64, 0x20, 0x74, 0x6F,
    0x20, 0x72, 0x65, 0x61, 0x64, 0x20, 0x64, 0x61, 0x74, 0x61, 0x20, 0x66, 0x72, 0x6F, 0x6D, 0x20,
    0x27, 0x25, 0x73, 0x27, 0x0A, 0x00, 0x00, 0x00, 0x45, 0x52, 0x52, 0x4F, 0x52, 0x3A, 0x20, 0x4F,
    0x76, 0x65, 0x72, 0x20, 0x53, 0x6F, 0x75, 0x6E, 0x64, 0x20, 0x42, 0x75, 0x66, 0x66, 0x65, 0x72,
    0x0A, 0x00, 0x00, 0x00,
};

const u8 lbl_802736CC[30] = {
    0x45, 0x52, 0x52, 0x4F, 0x52, 0x3A, 0x20, 0x43, 0x61, 0x6E, 0x27, 0x74, 0x20, 0x52, 0x65, 0x61,
    0x64, 0x20, 0x47, 0x72, 0x6F, 0x75, 0x70, 0x28, 0x25, 0x64, 0x29, 0x0A, 0x0A, 0x00,
};

const u8 gap_04_802736EA_rodata[6] = {
    0x00, 0x00, 0x00, 0x00, 0x00, 0x00,
};

const u8 lbl_802736F0[41] = {
    0x47, 0x53, 0x73, 0x6E, 0x64, 0x47, 0x65, 0x74, 0x53, 0x74, 0x61, 0x74, 0x75, 0x73, 0x3A, 0x46,
    0x6F, 0x72, 0x63, 0x65, 0x64, 0x20, 0x74, 0x65, 0x72, 0x6D, 0x69, 0x6E, 0x61, 0x74, 0x69, 0x6F,
    0x6E, 0x20, 0x53, 0x45, 0x3D, 0x25, 0x64, 0x0A, 0x00,
};

const u8 gap_04_80273719_rodata[3] = {
    0x00, 0x00, 0x00,
};

const u8 lbl_8027371C[42] = {
    0x47, 0x53, 0x73, 0x6E, 0x64, 0x47, 0x65, 0x74, 0x53, 0x74, 0x61, 0x74, 0x75, 0x73, 0x3A, 0x46,
    0x6F, 0x72, 0x63, 0x65, 0x64, 0x20, 0x74, 0x65, 0x72, 0x6D, 0x69, 0x6E, 0x61, 0x74, 0x69, 0x6F,
    0x6E, 0x20, 0x42, 0x47, 0x4D, 0x3D, 0x25, 0x64, 0x0A, 0x00,
};

const u8 gap_04_80273746_rodata[2] = {
    0x00, 0x00,
};

const u8 lbl_80273748[27] = {
    0x5F, 0x73, 0x6E, 0x64, 0x43, 0x68, 0x65, 0x63, 0x6B, 0x53, 0x6E, 0x64, 0x57, 0x6F, 0x72, 0x6B,
    0x41, 0x4C, 0x4C, 0x3A, 0x53, 0x74, 0x61, 0x72, 0x74, 0x0A, 0x00,
};

const u8 gap_04_80273763_rodata[1] = {
    0x00,
};

const u8 lbl_80273764[25] = {
    0x5F, 0x73, 0x6E, 0x64, 0x43, 0x68, 0x65, 0x63, 0x6B, 0x53, 0x6E, 0x64, 0x57, 0x6F, 0x72, 0x6B,
    0x41, 0x4C, 0x4C, 0x3A, 0x45, 0x6E, 0x64, 0x0A, 0x00,
};

const u8 gap_04_8027377D_rodata[3] = {
    0x00, 0x00, 0x00,
};

const u8 lbl_80273780[49] = {
    0x5B, 0x47, 0x53, 0x44, 0x56, 0x44, 0x5F, 0x45, 0x52, 0x52, 0x4F, 0x52, 0x5F, 0x53, 0x54, 0x41,
    0x54, 0x45, 0x5F, 0x43, 0x4F, 0x56, 0x45, 0x52, 0x4F, 0x50, 0x45, 0x4E, 0x5F, 0x57, 0x41, 0x49,
    0x54, 0x5D, 0x20, 0x20, 0x73, 0x74, 0x61, 0x74, 0x75, 0x73, 0x20, 0x3D, 0x20, 0x25, 0x64, 0x0A,
    0x00,
};

const u8 gap_04_802737B1_rodata[7] = {
    0x00, 0x00, 0x00, 0x00, 0x00, 0x00, 0x00,
};

const u8 lbl_802737B8[9] = {
    0x70, 0x73, 0x6C, 0x69, 0x73, 0x74, 0x2E, 0x63, 0x00,
};

const u8 gap_04_802737C1_rodata[3] = {
    0x00, 0x00, 0x00,
};

const u8 lbl_802737C4[92] = {
    0x6C, 0x69, 0x6E, 0x6B, 0x4E, 0x6F, 0x20, 0x3E, 0x3D, 0x20, 0x30, 0x20, 0x26, 0x26, 0x20, 0x6C,
    0x69, 0x6E, 0x6B, 0x4E, 0x6F, 0x20, 0x3C, 0x20, 0x50, 0x53, 0x5F, 0x4E, 0x55, 0x4D, 0x5F, 0x4C,
    0x49, 0x4E, 0x4B, 0x00, 0x61, 0x63, 0x74, 0x69, 0x76, 0x65, 0x50, 0x61, 0x72, 0x74, 0x69, 0x63,
    0x6C, 0x65, 0x5B, 0x70, 0x70, 0x2D, 0x3E, 0x6C, 0x69, 0x6E, 0x6B, 0x4E, 0x6F, 0x5D, 0x20, 0x3D,
    0x3D, 0x20, 0x70, 0x70, 0x00, 0x00, 0x00, 0x00, 0x70, 0x61, 0x72, 0x65, 0x6E, 0x74, 0x2D, 0x3E,
    0x6E, 0x65, 0x78, 0x74, 0x20, 0x3D, 0x3D, 0x20, 0x70, 0x70, 0x00, 0x00,
};

const u8 lbl_80273820[9] = {
    0x6F, 0x62, 0x6A, 0x65, 0x63, 0x74, 0x2E, 0x68, 0x00,
};

const u8 gap_04_80273829_rodata[3] = {
    0x00, 0x00, 0x00,
};

const u8 lbl_8027382C[140] = {
    0x48, 0x53, 0x44, 0x5F, 0x4F, 0x42, 0x4A, 0x28, 0x6F, 0x29, 0x2D, 0x3E, 0x72, 0x65, 0x66, 0x5F,
    0x63, 0x6F, 0x75, 0x6E, 0x74, 0x20, 0x21, 0x3D, 0x20, 0x48, 0x53, 0x44, 0x5F, 0x4F, 0x42, 0x4A,
    0x5F, 0x4E, 0x4F, 0x52, 0x45, 0x46, 0x00, 0x00, 0x70, 0x61, 0x72, 0x74, 0x69, 0x63, 0x6C, 0x65,
    0x2E, 0x63, 0x00, 0x00, 0x69, 0x6C, 0x6C, 0x69, 0x67, 0x61, 0x6C, 0x20, 0x66, 0x6F, 0x72, 0x6D,
    0x20, 0x64, 0x61, 0x74, 0x61, 0x20, 0x28, 0x73, 0x74, 0x72, 0x61, 0x6E, 0x67, 0x65, 0x20, 0x6E,
    0x75, 0x6D, 0x62, 0x65, 0x72, 0x20, 0x6F, 0x66, 0x20, 0x67, 0x72, 0x6F, 0x75, 0x70, 0x29, 0x0A,
    0x00, 0x00, 0x00, 0x00, 0x70, 0x73, 0x49, 0x6E, 0x69, 0x74, 0x44, 0x61, 0x74, 0x61, 0x42, 0x61,
    0x6E, 0x6B, 0x73, 0x3A, 0x20, 0x75, 0x6E, 0x6B, 0x6E, 0x6F, 0x77, 0x6E, 0x20, 0x76, 0x65, 0x72,
    0x73, 0x69, 0x6F, 0x6E, 0x0A, 0x00, 0x00, 0x00, 0x00, 0x00, 0x00, 0x00,
};

const u8 lbl_802738B8[176] = {
    0x3F, 0x80, 0x00, 0x00, 0x3F, 0x80, 0x00, 0x00, 0x3F, 0x80, 0x00, 0x00, 0x00, 0x00, 0x00, 0x00,
    0x00, 0x00, 0x00, 0x00, 0x00, 0x00, 0x00, 0x00, 0x00, 0x00, 0x00, 0x00, 0x00, 0x00, 0x00, 0x00,
    0x00, 0x00, 0x00, 0x00, 0x00, 0x00, 0x00, 0x00, 0x3F, 0x80, 0x00, 0x00, 0x3F, 0x80, 0x00, 0x00,
    0x3F, 0x80, 0x00, 0x00, 0x00, 0x00, 0x00, 0x00, 0x00, 0x00, 0x00, 0x00, 0x00, 0x00, 0x00, 0x00,
    0x00, 0x00, 0x00, 0x00, 0x00, 0x00, 0x00, 0x00, 0x00, 0x00, 0x00, 0x00, 0x00, 0x00, 0x00, 0x00,
    0x3F, 0x80, 0x00, 0x00, 0x00, 0x00, 0x00, 0x00, 0x00, 0x00, 0x00, 0x00, 0x00, 0x00, 0x00, 0x00,
    0x00, 0x00, 0x00, 0x00, 0x3F, 0x80, 0x00, 0x00, 0x00, 0x00, 0x00, 0x00, 0x00, 0x00, 0x00, 0x00,
    0x00, 0x00, 0x00, 0x00, 0x00, 0x00, 0x00, 0x00, 0x3F, 0x80, 0x00, 0x00, 0x00, 0x00, 0x00, 0x00,
    0x50, 0x61, 0x72, 0x74, 0x69, 0x63, 0x6C, 0x65, 0x3A, 0x73, 0x65, 0x74, 0x42, 0x6C, 0x65, 0x6E,
    0x64, 0x4D, 0x6F, 0x64, 0x65, 0x3A, 0x55, 0x6E, 0x6B, 0x6E, 0x6F, 0x77, 0x6E, 0x20, 0x6D, 0x6F,
    0x64, 0x65, 0x0A, 0x00, 0x70, 0x73, 0x64, 0x69, 0x73, 0x70, 0x2E, 0x63, 0x00, 0x00, 0x00, 0x00,
};

const u8 lbl_80273968[9] = {
    0x6F, 0x62, 0x6A, 0x65, 0x63, 0x74, 0x2E, 0x68, 0x00,
};

const u8 gap_04_80273971_rodata[3] = {
    0x00, 0x00, 0x00,
};

const u8 lbl_80273974[39] = {
    0x48, 0x53, 0x44, 0x5F, 0x4F, 0x42, 0x4A, 0x28, 0x6F, 0x29, 0x2D, 0x3E, 0x72, 0x65, 0x66, 0x5F,
    0x63, 0x6F, 0x75, 0x6E, 0x74, 0x20, 0x21, 0x3D, 0x20, 0x48, 0x53, 0x44, 0x5F, 0x4F, 0x42, 0x4A,
    0x5F, 0x4E, 0x4F, 0x52, 0x45, 0x46, 0x00,
};

const u8 gap_04_8027399B_rodata[5] = {
    0x00, 0x00, 0x00, 0x00, 0x00,
};

const u8 lbl_802739A0[14] = {
    0x70, 0x73, 0x69, 0x6E, 0x74, 0x65, 0x72, 0x70, 0x72, 0x65, 0x74, 0x2E, 0x63, 0x00,
};

const u8 gap_04_802739AE_rodata[2] = {
    0x00, 0x00,
};

const u8 lbl_802739B0[9] = {
    0x6F, 0x62, 0x6A, 0x65, 0x63, 0x74, 0x2E, 0x68, 0x00,
};

const u8 gap_04_802739B9_rodata[3] = {
    0x00, 0x00, 0x00,
};

const u8 lbl_802739BC[39] = {
    0x48, 0x53, 0x44, 0x5F, 0x4F, 0x42, 0x4A, 0x28, 0x6F, 0x29, 0x2D, 0x3E, 0x72, 0x65, 0x66, 0x5F,
    0x63, 0x6F, 0x75, 0x6E, 0x74, 0x20, 0x21, 0x3D, 0x20, 0x48, 0x53, 0x44, 0x5F, 0x4F, 0x42, 0x4A,
    0x5F, 0x4E, 0x4F, 0x52, 0x45, 0x46, 0x00,
};

const u8 gap_04_802739E3_rodata[1] = {
    0x00,
};

const u8 lbl_802739E4[12] = {
    0x67, 0x65, 0x6E, 0x65, 0x72, 0x61, 0x74, 0x6F, 0x72, 0x2E, 0x63, 0x00,
};

const u8 lbl_802739F0[9] = {
    0x70, 0x73, 0x43, 0x61, 0x6D, 0x65, 0x72, 0x61, 0x00,
};

const u8 gap_04_802739F9_rodata[7] = {
    0x00, 0x00, 0x00, 0x00, 0x00, 0x00, 0x00,
};

const u8 lbl_80273A00[11] = {
    0x67, 0x73, 0x25, 0x30, 0x34, 0x64, 0x2E, 0x78, 0x66, 0x62, 0x00,
};

const u8 gap_04_80273A0B_rodata[5] = {
    0x00, 0x00, 0x00, 0x00, 0x00,
};

const u8 lbl_80273A10[904] = {
    0x47, 0x53, 0x73, 0x70, 0x6C, 0x69, 0x6E, 0x65, 0x47, 0x65, 0x74, 0x56, 0x65, 0x63, 0x74, 0x6F,
    0x72, 0x56, 0x61, 0x6C, 0x75, 0x65, 0x3A, 0x20, 0x73, 0x70, 0x6C, 0x69, 0x6E, 0x65, 0x20, 0x70,
    0x61, 0x72, 0x61, 0x6D, 0x65, 0x74, 0x65, 0x72, 0x73, 0x20, 0x6E, 0x6F, 0x74, 0x20, 0x69, 0x6E,
    0x69, 0x74, 0x69, 0x61, 0x6C, 0x69, 0x73, 0x65, 0x64, 0x21, 0x00, 0x00, 0x47, 0x53, 0x73, 0x70,
    0x6C, 0x69, 0x6E, 0x65, 0x47, 0x65, 0x74, 0x56, 0x65, 0x63, 0x74, 0x6F, 0x72, 0x56, 0x61, 0x6C,
    0x75, 0x65, 0x3A, 0x20, 0x77, 0x72, 0x6F, 0x6E, 0x67, 0x20, 0x64, 0x61, 0x74, 0x61, 0x20, 0x74,
    0x79, 0x70, 0x65, 0x21, 0x00, 0x00, 0x00, 0x00, 0x47, 0x53, 0x73, 0x70, 0x6C, 0x69, 0x6E, 0x65,
    0x47, 0x65, 0x74, 0x46, 0x6C, 0x6F, 0x61, 0x74, 0x56, 0x61, 0x6C, 0x75, 0x65, 0x3A, 0x20, 0x73,
    0x70, 0x6C, 0x69, 0x6E, 0x65, 0x20, 0x70, 0x61, 0x72, 0x61, 0x6D, 0x65, 0x74, 0x65, 0x72, 0x73,
    0x20, 0x6E, 0x6F, 0x74, 0x20, 0x69, 0x6E, 0x69, 0x74, 0x69, 0x61, 0x6C, 0x69, 0x73, 0x65, 0x64,
    0x21, 0x00, 0x00, 0x00, 0x47, 0x53, 0x73, 0x70, 0x6C, 0x69, 0x6E, 0x65, 0x47, 0x65, 0x74, 0x46,
    0x6C, 0x6F, 0x61, 0x74, 0x56, 0x61, 0x6C, 0x75, 0x65, 0x3A, 0x20, 0x77, 0x72, 0x6F, 0x6E, 0x67,
    0x20, 0x64, 0x61, 0x74, 0x61, 0x20, 0x74, 0x79, 0x70, 0x65, 0x21, 0x00, 0x47, 0x53, 0x73, 0x70,
    0x6C, 0x69, 0x6E, 0x65, 0x41, 0x64, 0x64, 0x43, 0x6F, 0x6E, 0x74, 0x72, 0x6F, 0x6C, 0x56, 0x65,
    0x63, 0x74, 0x6F, 0x72, 0x56, 0x61, 0x6C, 0x75, 0x65, 0x3A, 0x20, 0x57, 0x61, 0x72, 0x6E, 0x69,
    0x6E, 0x67, 0x21, 0x20, 0x57, 0x65, 0x20, 0x61, 0x72, 0x65, 0x20, 0x67, 0x6F, 0x69, 0x6E, 0x67,
    0x20, 0x62, 0x61, 0x63, 0x6B, 0x20, 0x69, 0x6E, 0x20, 0x54, 0x69, 0x6D, 0x65, 0x21, 0x00, 0x00,
    0x47, 0x53, 0x73, 0x70, 0x6C, 0x69, 0x6E, 0x65, 0x41, 0x64, 0x64, 0x43, 0x6F, 0x6E, 0x74, 0x72,
    0x6F, 0x6C, 0x56, 0x65, 0x63, 0x74, 0x6F, 0x72, 0x56, 0x61, 0x6C, 0x75, 0x65, 0x3A, 0x20, 0x63,
    0x61, 0x6E, 0x6E, 0x6F, 0x74, 0x20, 0x61, 0x64, 0x64, 0x20, 0x63, 0x6F, 0x6E, 0x74, 0x72, 0x6F,
    0x6C, 0x20, 0x70, 0x6F, 0x69, 0x6E, 0x74, 0x21, 0x00, 0x00, 0x00, 0x00, 0x47, 0x53, 0x73, 0x70,
    0x6C, 0x69, 0x6E, 0x65, 0x41, 0x64, 0x64, 0x43, 0x6F, 0x6E, 0x74, 0x72, 0x6F, 0x6C, 0x56, 0x65,
    0x63, 0x74, 0x6F, 0x72, 0x56, 0x61, 0x6C, 0x75, 0x65, 0x3A, 0x20, 0x77, 0x72, 0x6F, 0x6E, 0x67,
    0x20, 0x64, 0x61, 0x74, 0x61, 0x20, 0x74, 0x79, 0x70, 0x65, 0x21, 0x00, 0x47, 0x53, 0x73, 0x70,
    0x6C, 0x69, 0x6E, 0x65, 0x41, 0x64, 0x64, 0x43, 0x6F, 0x6E, 0x74, 0x72, 0x6F, 0x6C, 0x46, 0x6C,
    0x6F, 0x61, 0x74, 0x56, 0x61, 0x6C, 0x75, 0x65, 0x3A, 0x20, 0x57, 0x61, 0x72, 0x6E, 0x69, 0x6E,
    0x67, 0x21, 0x20, 0x57, 0x65, 0x20, 0x61, 0x72, 0x65, 0x20, 0x67, 0x6F, 0x69, 0x6E, 0x67, 0x20,
    0x62, 0x61, 0x63, 0x6B, 0x20, 0x69, 0x6E, 0x20, 0x54, 0x69, 0x6D, 0x65, 0x21, 0x00, 0x00, 0x00,
    0x47, 0x53, 0x73, 0x70, 0x6C, 0x69, 0x6E, 0x65, 0x41, 0x64, 0x64, 0x43, 0x6F, 0x6E, 0x74, 0x72,
    0x6F, 0x6C, 0x46, 0x6C, 0x6F, 0x61, 0x74, 0x56, 0x61, 0x6C, 0x75, 0x65, 0x3A, 0x20, 0x63, 0x61,
    0x6E, 0x6E, 0x6F, 0x74, 0x20, 0x61, 0x64, 0x64, 0x20, 0x63, 0x6F, 0x6E, 0x74, 0x72, 0x6F, 0x6C,
    0x20, 0x70, 0x6F, 0x69, 0x6E, 0x74, 0x21, 0x00, 0x47, 0x53, 0x73, 0x70, 0x6C, 0x69, 0x6E, 0x65,
    0x41, 0x64, 0x64, 0x43, 0x6F, 0x6E, 0x74, 0x72, 0x6F, 0x6C, 0x46, 0x6C, 0x6F, 0x61, 0x74, 0x56,
    0x61, 0x6C, 0x75, 0x65, 0x3A, 0x20, 0x77, 0x72, 0x6F, 0x6E, 0x67, 0x20, 0x64, 0x61, 0x74, 0x61,
    0x20, 0x74, 0x79, 0x70, 0x65, 0x21, 0x00, 0x00, 0x47, 0x53, 0x73, 0x70, 0x6C, 0x69, 0x6E, 0x65,
    0x49, 0x6E, 0x69, 0x74, 0x69, 0x61, 0x6C, 0x69, 0x73, 0x65, 0x3A, 0x20, 0x69, 0x6E, 0x76, 0x61,
    0x6C, 0x69, 0x64, 0x20, 0x6E, 0x75, 0x6D, 0x62, 0x65, 0x72, 0x20, 0x6F, 0x66, 0x20, 0x63, 0x6F,
    0x6E, 0x74, 0x72, 0x6F, 0x6C, 0x20, 0x70, 0x6F, 0x69, 0x6E, 0x74, 0x73, 0x21, 0x00, 0x00, 0x00,
    0x47, 0x53, 0x73, 0x70, 0x6C, 0x69, 0x6E, 0x65, 0x43, 0x72, 0x65, 0x61, 0x74, 0x65, 0x3A, 0x20,
    0x74, 0x6F, 0x6F, 0x20, 0x66, 0x65, 0x77, 0x20, 0x63, 0x6F, 0x6E, 0x74, 0x72, 0x6F, 0x6C, 0x20,
    0x70, 0x6F, 0x69, 0x6E, 0x74, 0x73, 0x3B, 0x20, 0x6D, 0x69, 0x6E, 0x69, 0x6D, 0x75, 0x6D, 0x20,
    0x69, 0x73, 0x20, 0x32, 0x21, 0x00, 0x00, 0x00, 0x47, 0x53, 0x73, 0x70, 0x6C, 0x69, 0x6E, 0x65,
    0x43, 0x72, 0x65, 0x61, 0x74, 0x65, 0x3A, 0x20, 0x69, 0x6E, 0x76, 0x61, 0x6C, 0x69, 0x64, 0x20,
    0x6E, 0x75, 0x6D, 0x62, 0x65, 0x72, 0x20, 0x6F, 0x66, 0x20, 0x63, 0x6F, 0x6E, 0x74, 0x72, 0x6F,
    0x6C, 0x20, 0x70, 0x6F, 0x69, 0x6E, 0x74, 0x73, 0x2E, 0x20, 0x46, 0x6F, 0x72, 0x63, 0x69, 0x6E,
    0x67, 0x20, 0x4C, 0x69, 0x6E, 0x65, 0x61, 0x72, 0x20, 0x69, 0x6E, 0x74, 0x65, 0x72, 0x70, 0x6F,
    0x6C, 0x61, 0x74, 0x69, 0x6F, 0x6E, 0x21, 0x00, 0x47, 0x53, 0x73, 0x70, 0x6C, 0x69, 0x6E, 0x65,
    0x43, 0x72, 0x65, 0x61, 0x74, 0x65, 0x3A, 0x20, 0x69, 0x6E, 0x76, 0x61, 0x6C, 0x69, 0x64, 0x20,
    0x6E, 0x75, 0x6D, 0x62, 0x65, 0x72, 0x20, 0x6F, 0x66, 0x20, 0x63, 0x6F, 0x6E, 0x74, 0x72, 0x6F,
    0x6C, 0x20, 0x70, 0x6F, 0x69, 0x6E, 0x74, 0x73, 0x2E, 0x20, 0x46, 0x6F, 0x72, 0x63, 0x69, 0x6E,
    0x67, 0x20, 0x4C, 0x61, 0x67, 0x72, 0x61, 0x6E, 0x63, 0x65, 0x20, 0x69, 0x6E, 0x74, 0x65, 0x72,
    0x70, 0x6F, 0x6C, 0x61, 0x74, 0x69, 0x6F, 0x6E, 0x21, 0x00, 0x00, 0x00, 0x47, 0x53, 0x73, 0x70,
    0x6C, 0x69, 0x6E, 0x65, 0x43, 0x72, 0x65, 0x61, 0x74, 0x65, 0x3A, 0x20, 0x73, 0x70, 0x6C, 0x69,
    0x6E, 0x65, 0x20, 0x68, 0x61, 0x73, 0x20, 0x32, 0x20, 0x63, 0x6F, 0x6E, 0x74, 0x72, 0x6F, 0x6C,
    0x20, 0x70, 0x6F, 0x69, 0x6E, 0x74, 0x73, 0x3B, 0x20, 0x66, 0x6F, 0x72, 0x63, 0x69, 0x6E, 0x67,
    0x20, 0x4C, 0x69, 0x6E, 0x65, 0x61, 0x72, 0x20, 0x69, 0x6E, 0x74, 0x65, 0x72, 0x70, 0x6F, 0x6C,
    0x61, 0x74, 0x69, 0x6F, 0x6E, 0x21, 0x00, 0x00,
};

const void* lbl_80273D98[12] = {
    (void*)0x00000000,
    (void*)0x41600000,
    (void*)0x00000000,
    (void*)0x00000000,
    (void*)0x3F800000,
    (void*)0x00000000,
    (void*)0x00000000,
    (void*)0x00000000,
    (void*)0x42C80000,
    (void*)fn_80179EA4,
    (void*)fn_80179E04,
    (void*)fn_80179DFC,
};

const u8 lbl_80273DC8[364] = {
    0x00, 0x00, 0x00, 0x00, 0x00, 0x00, 0x00, 0x00, 0x00, 0x00, 0x00, 0x00, 0x00, 0x00, 0x00, 0x00,
    0x00, 0x00, 0x00, 0x00, 0x00, 0x00, 0x00, 0x00, 0x00, 0x00, 0x00, 0x00, 0x00, 0x00, 0x00, 0x00,
    0x00, 0x00, 0x00, 0x00, 0x00, 0x00, 0x00, 0x00, 0x00, 0x00, 0x00, 0x00, 0x00, 0x00, 0x00, 0x00,
    0x54, 0x61, 0x72, 0x67, 0x65, 0x74, 0x46, 0x6F, 0x6C, 0x6C, 0x6F, 0x77, 0x00, 0x00, 0x00, 0x00,
    0x4F, 0x66, 0x66, 0x73, 0x65, 0x74, 0x20, 0x41, 0x6E, 0x69, 0x6D, 0x65, 0x00, 0x00, 0x00, 0x00,
    0x54, 0x79, 0x70, 0x65, 0x3A, 0x20, 0x20, 0x5B, 0x25, 0x73, 0x5D, 0x00, 0x50, 0x6F, 0x73, 0x3A,
    0x20, 0x20, 0x28, 0x25, 0x2E, 0x33, 0x66, 0x2C, 0x20, 0x25, 0x2E, 0x33, 0x66, 0x2C, 0x20, 0x25,
    0x2E, 0x33, 0x66, 0x29, 0x00, 0x00, 0x00, 0x00, 0x52, 0x6F, 0x74, 0x3A, 0x20, 0x20, 0x20, 0x20,
    0x28, 0x25, 0x2E, 0x33, 0x66, 0x2C, 0x20, 0x25, 0x2E, 0x33, 0x66, 0x2C, 0x20, 0x25, 0x2E, 0x33,
    0x66, 0x29, 0x00, 0x00, 0x44, 0x69, 0x73, 0x3A, 0x20, 0x20, 0x20, 0x20, 0x28, 0x25, 0x2E, 0x33,
    0x66, 0x29, 0x00, 0x00, 0x48, 0x65, 0x69, 0x67, 0x68, 0x74, 0x3A, 0x20, 0x28, 0x25, 0x2E, 0x33,
    0x66, 0x29, 0x00, 0x00, 0x74, 0x61, 0x72, 0x67, 0x65, 0x74, 0x49, 0x44, 0x5B, 0x25, 0x30, 0x38,
    0x78, 0x3A, 0x20, 0x25, 0x30, 0x38, 0x78, 0x5D, 0x00, 0x00, 0x00, 0x00, 0x54, 0x61, 0x72, 0x67,
    0x65, 0x74, 0x3A, 0x20, 0x28, 0x25, 0x2E, 0x32, 0x66, 0x2C, 0x20, 0x25, 0x2E, 0x32, 0x66, 0x2C,
    0x20, 0x25, 0x2E, 0x32, 0x66, 0x29, 0x00, 0x00, 0x54, 0x61, 0x72, 0x67, 0x65, 0x74, 0x4F, 0x66,
    0x73, 0x3A, 0x28, 0x25, 0x2E, 0x32, 0x66, 0x2C, 0x20, 0x25, 0x2E, 0x32, 0x66, 0x2C, 0x20, 0x25,
    0x2E, 0x32, 0x66, 0x29, 0x00, 0x00, 0x00, 0x00, 0x4C, 0x6F, 0x6F, 0x6B, 0x41, 0x74, 0x3A, 0x20,
    0x28, 0x25, 0x2E, 0x32, 0x66, 0x2C, 0x20, 0x25, 0x2E, 0x32, 0x66, 0x2C, 0x20, 0x25, 0x2E, 0x32,
    0x66, 0x29, 0x00, 0x00, 0x46, 0x69, 0x65, 0x6C, 0x64, 0x20, 0x6F, 0x66, 0x20, 0x56, 0x69, 0x65,
    0x77, 0x3A, 0x28, 0x25, 0x2E, 0x33, 0x66, 0x29, 0x00, 0x00, 0x00, 0x00, 0x41, 0x73, 0x70, 0x65,
    0x63, 0x74, 0x3A, 0x28, 0x25, 0x2E, 0x33, 0x66, 0x29, 0x00, 0x00, 0x00, 0x4E, 0x65, 0x61, 0x72,
    0x20, 0x5A, 0x3A, 0x28, 0x25, 0x2E, 0x32, 0x66, 0x29, 0x00, 0x00, 0x00, 0x46, 0x61, 0x72, 0x20,
    0x5A, 0x3A, 0x28, 0x25, 0x2E, 0x32, 0x66, 0x29, 0x00, 0x00, 0x00, 0x00,
};

const u8 lbl_80273F34[60] = {
    0x63, 0x61, 0x6D, 0x65, 0x72, 0x61, 0x57, 0x61, 0x69, 0x74, 0x53, 0x79, 0x6E, 0x63, 0x41, 0x6E,
    0x69, 0x6D, 0x65, 0x28, 0x29, 0x20, 0x20, 0x83, 0x58, 0x83, 0x8C, 0x83, 0x62, 0x83, 0x68, 0x82,
    0xA9, 0x82, 0xE7, 0x8C, 0xC4, 0x82, 0xD4, 0x82, 0xE6, 0x82, 0xA4, 0x82, 0xC9, 0x82, 0xB5, 0x82,
    0xC4, 0x82, 0xAD, 0x82, 0xBE, 0x82, 0xB3, 0x82, 0xA2, 0x0A, 0x00, 0x00,
};

const u8 lbl_80273F70[11] = {
    0x67, 0x73, 0x66, 0x73, 0x79, 0x73, 0x2E, 0x74, 0x6F, 0x63, 0x00,
};

const u8 gap_04_80273F7B_rodata[5] = {
    0x00, 0x00, 0x00, 0x00, 0x00,
};

const u8 lbl_80273F80[12] = {
    0x73, 0x31, 0x5F, 0x6F, 0x75, 0x74, 0x2E, 0x66, 0x73, 0x79, 0x73, 0x00,
};

const u8 gap_04_80273F8C_rodata[4] = {
    0x00, 0x00, 0x00, 0x00,
};

const void* lbl_80273F90[6] = {
    (void*)peopleBiosPopData,
    (void*)peopleBiosPushData,
    (void*)peopleBiosGetPushDataSize,
    (void*)0x00000000,
    (void*)0x00000000,
    (void*)0x00000000,
};

const u8 lbl_80273FA8[12] = {
    0x00, 0x00, 0x00, 0x00, 0x00, 0x00, 0x00, 0x00, 0x00, 0x00, 0x00, 0x00,
};

const u8 lbl_80273FB4[12] = {
    0x00, 0x00, 0x00, 0x00, 0x00, 0x00, 0x00, 0x00, 0x00, 0x00, 0x00, 0x00,
};

const u8 lbl_80273FC0[24] = {
    0x00, 0x00, 0x00, 0x00, 0x00, 0x00, 0x00, 0x00, 0x00, 0x00, 0x00, 0x00, 0x00, 0x00, 0x00, 0x00,
    0x00, 0x00, 0x00, 0x00, 0x00, 0x00, 0x00, 0x00,
};

const u8 lbl_80273FD8[46] = {
    0x57, 0x61, 0x72, 0x69, 0x6E, 0x69, 0x6E, 0x67, 0x3A, 0x20, 0x70, 0x65, 0x6F, 0x70, 0x6C, 0x65,
    0x5B, 0x25, 0x64, 0x2C, 0x25, 0x64, 0x5D, 0x20, 0x67, 0x72, 0x6F, 0x75, 0x70, 0x20, 0x69, 0x73,
    0x20, 0x64, 0x69, 0x66, 0x66, 0x65, 0x72, 0x65, 0x6E, 0x74, 0x21, 0x21, 0x0A, 0x00,
};

const u8 gap_04_80274006_rodata[2] = {
    0x00, 0x00,
};

const u8 lbl_80274008[68] = {
    0x5B, 0x25, 0x73, 0x5D, 0x20, 0x70, 0x65, 0x6F, 0x70, 0x6C, 0x65, 0x5B, 0x25, 0x64, 0x2C, 0x25,
    0x64, 0x5D, 0x20, 0x83, 0x8B, 0x81, 0x5B, 0x83, 0x76, 0x83, 0x82, 0x81, 0x5B, 0x83, 0x56, 0x83,
    0x87, 0x83, 0x93, 0x82, 0xAA, 0x82, 0xA8, 0x82, 0xED, 0x82, 0xE9, 0x82, 0xDC, 0x82, 0xC5, 0x82,
    0xDC, 0x82, 0xC6, 0x82, 0xA4, 0x82, 0xC6, 0x82, 0xB5, 0x82, 0xDC, 0x82, 0xB5, 0x82, 0xBD, 0x0A,
    0x00, 0x00, 0x00, 0x00,
};

const u8 lbl_8027404C[44] = {
    0x70, 0x65, 0x6F, 0x70, 0x6C, 0x65, 0x41, 0x64, 0x64, 0x57, 0x61, 0x6C, 0x6B, 0x4C, 0x69, 0x73,
    0x74, 0x3A, 0x20, 0x20, 0x93, 0x6F, 0x98, 0x5E, 0x83, 0x8A, 0x83, 0x58, 0x83, 0x67, 0x82, 0xAA,
    0x91, 0xBD, 0x82, 0xB7, 0x82, 0xAC, 0x82, 0xDC, 0x82, 0xB7, 0x0A, 0x00,
};

const u8 lbl_80274078[384] = {
    0x5B, 0x25, 0x73, 0x5D, 0x3A, 0x20, 0x20, 0x88, 0xDA, 0x93, 0xAE, 0x82, 0xAA, 0x8F, 0x49, 0x82,
    0xE7, 0x82, 0xC8, 0x82, 0xA2, 0x82, 0xCC, 0x82, 0xC5, 0x8B, 0xAD, 0x90, 0xA7, 0x93, 0x49, 0x82,
    0xC9, 0x8F, 0x49, 0x97, 0xB9, 0x82, 0xB5, 0x82, 0xDC, 0x82, 0xB5, 0x82, 0xBD, 0x0A, 0x00, 0x00,
    0x74, 0x61, 0x6C, 0x6B, 0x20, 0x2D, 0x3E, 0x20, 0x20, 0x70, 0x65, 0x6F, 0x70, 0x6C, 0x65, 0x28,
    0x25, 0x64, 0x2C, 0x25, 0x64, 0x29, 0x20, 0x20, 0x6C, 0x65, 0x6E, 0x20, 0x3D, 0x25, 0x2E, 0x32,
    0x66, 0x20, 0x20, 0x61, 0x6E, 0x67, 0x20, 0x3D, 0x25, 0x2E, 0x32, 0x66, 0x20, 0x20, 0x61, 0x72,
    0x65, 0x61, 0x20, 0x3D, 0x25, 0x2E, 0x32, 0x66, 0x0A, 0x00, 0x00, 0x00, 0x57, 0x61, 0x72, 0x6E,
    0x69, 0x6E, 0x67, 0x81, 0x46, 0x20, 0x70, 0x65, 0x6F, 0x70, 0x6C, 0x65, 0x4F, 0x70, 0x65, 0x6E,
    0x28, 0x25, 0x30, 0x38, 0x78, 0x2C, 0x25, 0x30, 0x38, 0x78, 0x29, 0x20, 0x82, 0x51, 0x8F, 0x64,
    0x83, 0x49, 0x81, 0x5B, 0x83, 0x76, 0x83, 0x93, 0x0A, 0x00, 0x00, 0x00, 0x83, 0x47, 0x83, 0x89,
    0x81, 0x5B, 0x81, 0x46, 0x20, 0x70, 0x65, 0x6F, 0x70, 0x6C, 0x65, 0x4F, 0x70, 0x65, 0x6E, 0x28,
    0x25, 0x30, 0x38, 0x78, 0x2C, 0x25, 0x30, 0x38, 0x78, 0x29, 0x20, 0x83, 0x8F, 0x81, 0x5B, 0x83,
    0x4E, 0x82, 0xCC, 0x8A, 0x6D, 0x95, 0xDB, 0x82, 0xC9, 0x8E, 0xB8, 0x94, 0x73, 0x0A, 0x00, 0x00,
    0x83, 0x47, 0x83, 0x89, 0x81, 0x5B, 0x81, 0x46, 0x20, 0x70, 0x65, 0x6F, 0x70, 0x6C, 0x65, 0x4F,
    0x70, 0x65, 0x6E, 0x28, 0x25, 0x30, 0x38, 0x78, 0x2C, 0x25, 0x30, 0x38, 0x78, 0x29, 0x20, 0x90,
    0x6C, 0x82, 0xCC, 0x83, 0x49, 0x81, 0x5B, 0x83, 0x76, 0x83, 0x93, 0x82, 0xC9, 0x8E, 0xB8, 0x94,
    0x73, 0x0A, 0x00, 0x00, 0x45, 0x52, 0x52, 0x4F, 0x52, 0x21, 0x20, 0x5B, 0x25, 0x73, 0x5D, 0x3A,
    0x20, 0x50, 0x65, 0x6F, 0x70, 0x6C, 0x65, 0x5B, 0x25, 0x64, 0x2C, 0x25, 0x64, 0x5D, 0x20, 0x57,
    0x61, 0x6C, 0x6B, 0x4D, 0x6F, 0x74, 0x69, 0x6F, 0x6E, 0x5B, 0x25, 0x64, 0x5D, 0x20, 0x69, 0x73,
    0x20, 0x66, 0x72, 0x61, 0x6D, 0x65, 0x20, 0x7A, 0x65, 0x72, 0x6F, 0x2E, 0x0A, 0x00, 0x00, 0x00,
    0x45, 0x52, 0x52, 0x4F, 0x52, 0x21, 0x20, 0x5B, 0x25, 0x73, 0x5D, 0x3A, 0x20, 0x50, 0x65, 0x6F,
    0x70, 0x6C, 0x65, 0x5B, 0x25, 0x64, 0x2C, 0x25, 0x64, 0x5D, 0x20, 0x52, 0x75, 0x6E, 0x4D, 0x6F,
    0x74, 0x69, 0x6F, 0x6E, 0x5B, 0x25, 0x64, 0x5D, 0x20, 0x69, 0x73, 0x20, 0x66, 0x72, 0x61, 0x6D,
    0x65, 0x20, 0x7A, 0x65, 0x72, 0x6F, 0x2E, 0x0A, 0x00, 0x00, 0x00, 0x00, 0x00, 0x00, 0x00, 0x00,
};

const u8 lbl_802741F8[51] = {
    0x45, 0x52, 0x52, 0x4F, 0x52, 0x5B, 0x47, 0x53, 0x66, 0x6C, 0x61, 0x67, 0x53, 0x65, 0x74, 0x5D,
    0x3A, 0x49, 0x6E, 0x69, 0x74, 0x69, 0x61, 0x6C, 0x69, 0x7A, 0x61, 0x74, 0x69, 0x6F, 0x6E, 0x20,
    0x68, 0x61, 0x73, 0x20, 0x6E, 0x6F, 0x74, 0x20, 0x66, 0x69, 0x6E, 0x69, 0x73, 0x68, 0x65, 0x64,
    0x2E, 0x0A, 0x00,
};

const u8 gap_04_8027422B_rodata[1] = {
    0x00,
};

const u8 lbl_8027422C[88] = {
    0x45, 0x52, 0x52, 0x4F, 0x52, 0x5B, 0x47, 0x53, 0x66, 0x6C, 0x61, 0x67, 0x53, 0x65, 0x74, 0x5D,
    0x3A, 0x4F, 0x76, 0x65, 0x72, 0x66, 0x6C, 0x6F, 0x77, 0x20, 0x42, 0x69, 0x74, 0x56, 0x61, 0x6C,
    0x75, 0x65, 0x20, 0x46, 0x6C, 0x61, 0x67, 0x49, 0x44, 0x3D, 0x25, 0x64, 0x20, 0x56, 0x61, 0x6C,
    0x75, 0x65, 0x3D, 0x25, 0x64, 0x20, 0x28, 0x25, 0x64, 0x20, 0x42, 0x69, 0x74, 0x4C, 0x65, 0x6E,
    0x67, 0x74, 0x68, 0x3D, 0x25, 0x64, 0x29, 0x3E, 0x28, 0x4C, 0x69, 0x6D, 0x69, 0x74, 0x3D, 0x25,
    0x64, 0x42, 0x69, 0x74, 0x29, 0x2E, 0x0A, 0x00,
};

const u8 lbl_80274284[51] = {
    0x45, 0x52, 0x52, 0x4F, 0x52, 0x5B, 0x47, 0x53, 0x66, 0x6C, 0x61, 0x67, 0x47, 0x65, 0x74, 0x5D,
    0x3A, 0x49, 0x6E, 0x69, 0x74, 0x69, 0x61, 0x6C, 0x69, 0x7A, 0x61, 0x74, 0x69, 0x6F, 0x6E, 0x20,
    0x68, 0x61, 0x73, 0x20, 0x6E, 0x6F, 0x74, 0x20, 0x66, 0x69, 0x6E, 0x69, 0x73, 0x68, 0x65, 0x64,
    0x2E, 0x0A, 0x00,
};

const u8 gap_04_802742B7_rodata[1] = {
    0x00,
};

const u8 lbl_802742B8[432] = {
    0x45, 0x52, 0x52, 0x4F, 0x52, 0x5B, 0x47, 0x53, 0x66, 0x6C, 0x61, 0x67, 0x43, 0x6C, 0x65, 0x61,
    0x72, 0x5D, 0x3A, 0x49, 0x6E, 0x69, 0x74, 0x69, 0x61, 0x6C, 0x69, 0x7A, 0x61, 0x74, 0x69, 0x6F,
    0x6E, 0x20, 0x68, 0x61, 0x73, 0x20, 0x6E, 0x6F, 0x74, 0x20, 0x66, 0x69, 0x6E, 0x69, 0x73, 0x68,
    0x65, 0x64, 0x2E, 0x0A, 0x00, 0x00, 0x00, 0x00, 0x45, 0x52, 0x52, 0x4F, 0x52, 0x5B, 0x47, 0x53,
    0x66, 0x6C, 0x61, 0x67, 0x49, 0x6E, 0x69, 0x74, 0x5D, 0x3A, 0x4F, 0x76, 0x65, 0x72, 0x66, 0x6C,
    0x6F, 0x77, 0x20, 0x42, 0x69, 0x74, 0x4C, 0x65, 0x6E, 0x67, 0x74, 0x68, 0x20, 0x46, 0x6C, 0x61,
    0x67, 0x49, 0x44, 0x3D, 0x25, 0x64, 0x20, 0x28, 0x4C, 0x65, 0x6E, 0x67, 0x74, 0x68, 0x3D, 0x25,
    0x64, 0x29, 0x3E, 0x28, 0x4C, 0x69, 0x6D, 0x69, 0x74, 0x3D, 0x25, 0x64, 0x42, 0x69, 0x74, 0x29,
    0x2E, 0x0A, 0x00, 0x00, 0x45, 0x52, 0x52, 0x4F, 0x52, 0x5B, 0x47, 0x53, 0x66, 0x6C, 0x61, 0x67,
    0x49, 0x6E, 0x69, 0x74, 0x5D, 0x3A, 0x5A, 0x65, 0x72, 0x6F, 0x20, 0x42, 0x69, 0x74, 0x4C, 0x65,
    0x6E, 0x67, 0x74, 0x68, 0x20, 0x46, 0x6C, 0x61, 0x67, 0x49, 0x44, 0x3D, 0x25, 0x64, 0x20, 0x28,
    0x4C, 0x65, 0x6E, 0x67, 0x74, 0x68, 0x3D, 0x25, 0x64, 0x29, 0x3E, 0x28, 0x4C, 0x69, 0x6D, 0x69,
    0x74, 0x3D, 0x25, 0x64, 0x42, 0x69, 0x74, 0x29, 0x2E, 0x0A, 0x00, 0x00, 0x45, 0x52, 0x52, 0x4F,
    0x52, 0x5B, 0x47, 0x53, 0x66, 0x6C, 0x61, 0x67, 0x49, 0x6E, 0x69, 0x74, 0x5D, 0x3A, 0x4F, 0x76,
    0x65, 0x72, 0x66, 0x6C, 0x6F, 0x77, 0x20, 0x46, 0x6C, 0x61, 0x67, 0x4C, 0x65, 0x76, 0x65, 0x6C,
    0x30, 0x20, 0x28, 0x55, 0x73, 0x65, 0x20, 0x42, 0x79, 0x74, 0x65, 0x73, 0x3D, 0x25, 0x64, 0x29,
    0x3E, 0x3D, 0x28, 0x4C, 0x69, 0x6D, 0x69, 0x74, 0x20, 0x42, 0x79, 0x74, 0x65, 0x73, 0x3D, 0x25,
    0x64, 0x29, 0x2E, 0x0A, 0x00, 0x00, 0x00, 0x00, 0x45, 0x52, 0x52, 0x4F, 0x52, 0x5B, 0x47, 0x53,
    0x66, 0x6C, 0x61, 0x67, 0x49, 0x6E, 0x69, 0x74, 0x5D, 0x3A, 0x4F, 0x76, 0x65, 0x72, 0x66, 0x6C,
    0x6F, 0x77, 0x20, 0x46, 0x6C, 0x61, 0x67, 0x4C, 0x65, 0x76, 0x65, 0x6C, 0x31, 0x20, 0x28, 0x55,
    0x73, 0x65, 0x20, 0x42, 0x79, 0x74, 0x65, 0x73, 0x3D, 0x25, 0x64, 0x29, 0x3E, 0x3D, 0x28, 0x4C,
    0x69, 0x6D, 0x69, 0x74, 0x20, 0x42, 0x79, 0x74, 0x65, 0x73, 0x3D, 0x25, 0x64, 0x29, 0x2E, 0x0A,
    0x00, 0x00, 0x00, 0x00, 0x45, 0x52, 0x52, 0x4F, 0x52, 0x5B, 0x47, 0x53, 0x66, 0x6C, 0x61, 0x67,
    0x49, 0x6E, 0x69, 0x74, 0x5D, 0x3A, 0x4F, 0x76, 0x65, 0x72, 0x66, 0x6C, 0x6F, 0x77, 0x20, 0x46,
    0x6C, 0x61, 0x67, 0x4C, 0x65, 0x76, 0x65, 0x6C, 0x32, 0x20, 0x28, 0x55, 0x73, 0x65, 0x20, 0x42,
    0x79, 0x74, 0x65, 0x73, 0x3D, 0x25, 0x64, 0x29, 0x3E, 0x3D, 0x28, 0x4C, 0x69, 0x6D, 0x69, 0x74,
    0x20, 0x42, 0x79, 0x74, 0x65, 0x73, 0x3D, 0x25, 0x64, 0x29, 0x2E, 0x0A, 0x00, 0x00, 0x00, 0x00,
};

const u8 lbl_80274468[24] = {
    0x73, 0x79, 0x73, 0x64, 0x6F, 0x6C, 0x70, 0x68, 0x69, 0x6E, 0x5F, 0x62, 0x61, 0x73, 0x65, 0x5F,
    0x6C, 0x69, 0x62, 0x72, 0x61, 0x72, 0x79, 0x00,
};

const u8 lbl_80274480[9] = {
    0x68, 0x61, 0x64, 0x5F, 0x77, 0x6F, 0x62, 0x6A, 0x00,
};

const u8 gap_04_80274489_rodata[3] = {
    0x00, 0x00, 0x00,
};

const u8 lbl_8027448C[11] = {
    0x77, 0x6F, 0x62, 0x6A, 0x2D, 0x3E, 0x61, 0x6F, 0x62, 0x6A, 0x00,
};

const u8 gap_04_80274497_rodata[1] = {
    0x00,
};

const u8 lbl_80274498[13] = {
    0x6A, 0x70, 0x2D, 0x3E, 0x75, 0x2E, 0x73, 0x70, 0x6C, 0x69, 0x6E, 0x65, 0x00,
};

const u8 gap_04_802744A5_rodata[3] = {
    0x00, 0x00, 0x00,
};

const u8 lbl_802744A8[65] = {
    0x48, 0x53, 0x44, 0x5F, 0x41, 0x72, 0x63, 0x68, 0x69, 0x76, 0x65, 0x50, 0x61, 0x72, 0x73, 0x65,
    0x3A, 0x20, 0x62, 0x79, 0x74, 0x65, 0x2D, 0x6F, 0x72, 0x64, 0x65, 0x72, 0x20, 0x6D, 0x69, 0x73,
    0x6D, 0x61, 0x74, 0x63, 0x68, 0x21, 0x20, 0x50, 0x6C, 0x65, 0x61, 0x73, 0x65, 0x20, 0x63, 0x68,
    0x65, 0x63, 0x6B, 0x20, 0x64, 0x61, 0x74, 0x61, 0x20, 0x66, 0x6F, 0x72, 0x6D, 0x61, 0x74, 0x0A,
    0x00,
};

const u8 gap_04_802744E9_rodata[7] = {
    0x00, 0x00, 0x00, 0x00, 0x00, 0x00, 0x00,
};

const u8 lbl_802744F0[160] = {
    0x62, 0x79, 0x74, 0x65, 0x63, 0x6F, 0x64, 0x65, 0x2E, 0x63, 0x00, 0x00, 0x6F, 0x70, 0x65, 0x72,
    0x61, 0x6E, 0x64, 0x20, 0x3C, 0x20, 0x6E, 0x62, 0x5F, 0x61, 0x72, 0x67, 0x73, 0x00, 0x00, 0x00,
    0x73, 0x70, 0x65, 0x63, 0x69, 0x66, 0x69, 0x65, 0x64, 0x20, 0x73, 0x74, 0x61, 0x63, 0x6B, 0x20,
    0x64, 0x6F, 0x65, 0x73, 0x6E, 0x27, 0x74, 0x20, 0x65, 0x78, 0x69, 0x73, 0x74, 0x20, 0x28, 0x25,
    0x64, 0x29, 0x2E, 0x0A, 0x00, 0x00, 0x00, 0x00, 0x6E, 0x6F, 0x74, 0x20, 0x79, 0x65, 0x74, 0x20,
    0x69, 0x6D, 0x70, 0x6C, 0x65, 0x6D, 0x65, 0x6E, 0x74, 0x65, 0x64, 0x2E, 0x0A, 0x00, 0x00, 0x00,
    0x75, 0x6E, 0x65, 0x78, 0x70, 0x65, 0x63, 0x74, 0x65, 0x64, 0x20, 0x62, 0x79, 0x74, 0x65, 0x20,
    0x63, 0x6F, 0x64, 0x65, 0x2E, 0x0A, 0x00, 0x00, 0x73, 0x74, 0x61, 0x63, 0x6B, 0x2D, 0x3E, 0x6E,
    0x65, 0x78, 0x74, 0x00, 0x75, 0x6E, 0x65, 0x78, 0x70, 0x65, 0x63, 0x74, 0x65, 0x64, 0x20, 0x6F,
    0x70, 0x63, 0x6F, 0x64, 0x65, 0x20, 0x30, 0x78, 0x25, 0x78, 0x2E, 0x0A, 0x00, 0x00, 0x00, 0x00,
};

const u8 lbl_80274590[24] = {
    0x73, 0x79, 0x73, 0x64, 0x6F, 0x6C, 0x70, 0x68, 0x69, 0x6E, 0x5F, 0x62, 0x61, 0x73, 0x65, 0x5F,
    0x6C, 0x69, 0x62, 0x72, 0x61, 0x72, 0x79, 0x00,
};

const u8 lbl_802745A8[10] = {
    0x68, 0x73, 0x64, 0x5F, 0x63, 0x6C, 0x61, 0x73, 0x73, 0x00,
};

const u8 gap_04_802745B2_rodata[2] = {
    0x00, 0x00,
};

const u8 lbl_802745B4[56] = {
    0x63, 0x6C, 0x61, 0x73, 0x73, 0x5F, 0x69, 0x6E, 0x66, 0x6F, 0x2D, 0x3E, 0x68, 0x65, 0x61, 0x64,
    0x2E, 0x6F, 0x62, 0x6A, 0x5F, 0x73, 0x69, 0x7A, 0x65, 0x20, 0x3E, 0x3D, 0x20, 0x70, 0x61, 0x72,
    0x65, 0x6E, 0x74, 0x5F, 0x69, 0x6E, 0x66, 0x6F, 0x2D, 0x3E, 0x68, 0x65, 0x61, 0x64, 0x2E, 0x6F,
    0x62, 0x6A, 0x5F, 0x73, 0x69, 0x7A, 0x65, 0x00,
};

const u8 lbl_802745EC[58] = {
    0x63, 0x6C, 0x61, 0x73, 0x73, 0x5F, 0x69, 0x6E, 0x66, 0x6F, 0x2D, 0x3E, 0x68, 0x65, 0x61, 0x64,
    0x2E, 0x69, 0x6E, 0x66, 0x6F, 0x5F, 0x73, 0x69, 0x7A, 0x65, 0x20, 0x3E, 0x3D, 0x20, 0x70, 0x61,
    0x72, 0x65, 0x6E, 0x74, 0x5F, 0x69, 0x6E, 0x66, 0x6F, 0x2D, 0x3E, 0x68, 0x65, 0x61, 0x64, 0x2E,
    0x69, 0x6E, 0x66, 0x6F, 0x5F, 0x73, 0x69, 0x7A, 0x65, 0x00,
};

const u8 gap_04_80274626_rodata[2] = {
    0x00, 0x00,
};

const u8 lbl_80274628[24] = {
    0x73, 0x79, 0x73, 0x64, 0x6F, 0x6C, 0x70, 0x68, 0x69, 0x6E, 0x5F, 0x62, 0x61, 0x73, 0x65, 0x5F,
    0x6C, 0x69, 0x62, 0x72, 0x61, 0x72, 0x79, 0x00,
};

const u8 lbl_80274640[9] = {
    0x68, 0x73, 0x64, 0x5F, 0x63, 0x6F, 0x62, 0x6A, 0x00,
};

const u8 gap_04_80274649_rodata[3] = {
    0x00, 0x00, 0x00,
};

const u8 lbl_8027464C[19] = {
    0x69, 0x6C, 0x6C, 0x65, 0x67, 0x61, 0x6C, 0x20, 0x75, 0x70, 0x20, 0x76, 0x65, 0x63, 0x74, 0x6F,
    0x72, 0x2E, 0x00,
};

const u8 gap_04_8027465F_rodata[1] = {
    0x00,
};

const u8 lbl_80274660[13] = {
    0x63, 0x6F, 0x62, 0x6A, 0x2D, 0x3E, 0x65, 0x79, 0x65, 0x70, 0x6F, 0x73, 0x00,
};

const u8 gap_04_8027466D_rodata[3] = {
    0x00, 0x00, 0x00,
};

const u8 lbl_80274670[15] = {
    0x63, 0x6F, 0x62, 0x6A, 0x2D, 0x3E, 0x69, 0x6E, 0x74, 0x65, 0x72, 0x65, 0x73, 0x74, 0x00,
};

const u8 gap_04_8027467F_rodata[1] = {
    0x00,
};

const u8 lbl_80274680[29] = {
    0x75, 0x6E, 0x6B, 0x6F, 0x77, 0x6E, 0x20, 0x74, 0x79, 0x70, 0x65, 0x20, 0x6F, 0x66, 0x20, 0x72,
    0x65, 0x6E, 0x64, 0x65, 0x72, 0x20, 0x70, 0x61, 0x73, 0x73, 0x2E, 0x0A, 0x00,
};

const u8 gap_04_8027469D_rodata[3] = {
    0x00, 0x00, 0x00,
};

const u8 lbl_802746A0[22] = {
    0x25, 0x73, 0x20, 0x69, 0x6E, 0x20, 0x25, 0x73, 0x20, 0x6F, 0x6E, 0x20, 0x6C, 0x69, 0x6E, 0x65,
    0x20, 0x25, 0x64, 0x2E, 0x0A, 0x00,
};

const u8 gap_04_802746B6_rodata[2] = {
    0x00, 0x00,
};

const u8 lbl_802746B8[22] = {
    0x61, 0x73, 0x73, 0x65, 0x72, 0x74, 0x69, 0x6F, 0x6E, 0x20, 0x22, 0x25, 0x73, 0x22, 0x20, 0x66,
    0x61, 0x69, 0x6C, 0x65, 0x64, 0x00,
};

const u8 gap_04_802746CE_rodata[2] = {
    0x00, 0x00,
};

const u8 lbl_802746D0[12] = {
    0x00, 0x00, 0x00, 0x00, 0x00, 0x00, 0x00, 0x00, 0x3F, 0x80, 0x00, 0x00,
};

const u8 lbl_802746DC[14] = {
    0x64, 0x69, 0x73, 0x70, 0x6C, 0x61, 0x79, 0x66, 0x75, 0x6E, 0x63, 0x2E, 0x63, 0x00,
};

const u8 gap_04_802746EA_rodata[2] = {
    0x00, 0x00,
};

const u8 lbl_802746EC[27] = {
    0x75, 0x6E, 0x6B, 0x6F, 0x77, 0x6E, 0x20, 0x74, 0x79, 0x70, 0x65, 0x20, 0x6F, 0x66, 0x20, 0x62,
    0x69, 0x6C, 0x6C, 0x62, 0x6F, 0x61, 0x72, 0x64, 0x2E, 0x0A, 0x00,
};

const u8 gap_04_80274707_rodata[1] = {
    0x00,
};

const u8 lbl_80274708[24] = {
    0x73, 0x79, 0x73, 0x64, 0x6F, 0x6C, 0x70, 0x68, 0x69, 0x6E, 0x5F, 0x62, 0x61, 0x73, 0x65, 0x5F,
    0x6C, 0x69, 0x62, 0x72, 0x61, 0x72, 0x79, 0x00,
};

const u8 lbl_80274720[9] = {
    0x68, 0x73, 0x64, 0x5F, 0x64, 0x6F, 0x62, 0x6A, 0x00,
};

const u8 gap_04_80274729_rodata[3] = {
    0x00, 0x00, 0x00,
};

const u8 lbl_8027472C[43] = {
    0x6D, 0x6F, 0x62, 0x6A, 0x20, 0x68, 0x61, 0x73, 0x20, 0x75, 0x6E, 0x65, 0x78, 0x70, 0x65, 0x63,
    0x74, 0x65, 0x64, 0x20, 0x62, 0x6C, 0x65, 0x6E, 0x64, 0x69, 0x6E, 0x67, 0x20, 0x66, 0x6C, 0x61,
    0x67, 0x73, 0x20, 0x28, 0x30, 0x78, 0x25, 0x78, 0x29, 0x2E, 0x00,
};

const u8 gap_04_80274757_rodata[1] = {
    0x00,
};

const u8 lbl_80274758[12] = {
    0x66, 0x6F, 0x62, 0x6A, 0x3A, 0x20, 0x61, 0x6C, 0x6C, 0x6F, 0x63, 0x00,
};

const u8 lbl_80274764[21] = {
    0x73, 0x74, 0x20, 0x3D, 0x3D, 0x20, 0x46, 0x4F, 0x42, 0x4A, 0x5F, 0x4C, 0x4F, 0x41, 0x44, 0x5F,
    0x57, 0x41, 0x49, 0x54, 0x00,
};

const u8 gap_04_80274779_rodata[3] = {
    0x00, 0x00, 0x00,
};

const u8 lbl_8027477C[46] = {
    0x73, 0x74, 0x20, 0x3D, 0x3D, 0x20, 0x46, 0x4F, 0x42, 0x4A, 0x5F, 0x4C, 0x4F, 0x41, 0x44, 0x5F,
    0x44, 0x41, 0x54, 0x41, 0x30, 0x20, 0x7C, 0x7C, 0x20, 0x73, 0x74, 0x20, 0x3D, 0x3D, 0x20, 0x46,
    0x4F, 0x42, 0x4A, 0x5F, 0x4C, 0x4F, 0x41, 0x44, 0x5F, 0x44, 0x41, 0x54, 0x41, 0x00,
};

const u8 gap_04_802747AA_rodata[2] = {
    0x00, 0x00,
};

const u8 lbl_802747AC[11] = {
    0x66, 0x6F, 0x62, 0x6A, 0x3A, 0x20, 0x66, 0x72, 0x65, 0x65, 0x00,
};

const u8 gap_04_802747B7_rodata[1] = {
    0x00,
};

const u8 lbl_802747B8[24] = {
    0x73, 0x79, 0x73, 0x64, 0x6F, 0x6C, 0x70, 0x68, 0x69, 0x6E, 0x5F, 0x62, 0x61, 0x73, 0x65, 0x5F,
    0x6C, 0x69, 0x62, 0x72, 0x61, 0x72, 0x79, 0x00,
};

const u8 lbl_802747D0[11] = {
    0x68, 0x73, 0x64, 0x5F, 0x66, 0x6F, 0x67, 0x61, 0x64, 0x6A, 0x00,
};

const u8 gap_04_802747DB_rodata[1] = {
    0x00,
};

const u8 lbl_802747DC[30] = {
    0x59, 0x6F, 0x75, 0x20, 0x6D, 0x75, 0x73, 0x74, 0x20, 0x73, 0x70, 0x65, 0x63, 0x69, 0x66, 0x79,
    0x20, 0x43, 0x4F, 0x62, 0x6A, 0x20, 0x66, 0x69, 0x72, 0x73, 0x74, 0x2E, 0x0A, 0x00,
};

const u8 gap_04_802747FA_rodata[6] = {
    0x00, 0x00, 0x00, 0x00, 0x00, 0x00,
};

const u8 lbl_80274800[23] = {
    0x69, 0x64, 0x78, 0x20, 0x3C, 0x20, 0x68, 0x61, 0x73, 0x68, 0x2D, 0x3E, 0x74, 0x61, 0x62, 0x6C,
    0x65, 0x5F, 0x73, 0x69, 0x7A, 0x65, 0x00,
};

const u8 gap_04_80274817_rodata[1] = {
    0x00,
};

const void* lbl_80274818[115] = {
    (void*)_HSD_AObjForgetMemory,
    (void*)_HSD_DispForgetMemory,
    (void*)_HSD_IDForgetMemory,
    (void*)_HSD_ObjAllocForgetMemory,
    (void*)_HSD_RandForgetMemory,
    (void*)_HSD_RObjForgetMemory,
    (void*)0x00000000,
    (void*)HSD_AObjGetAllocData,
    (void*)lbl_8047DAB0,
    (void*)HSD_FObjGetAllocData,
    (void*)lbl_8047DAB8,
    (void*)HSD_IDGetAllocData,
    (void*)lbl_8047DAC0,
    (void*)HSD_SListGetAllocData,
    (void*)lbl_8047DAC4,
    (void*)HSD_DListGetAllocData,
    (void*)lbl_8047DACC,
    (void*)HSD_VecGetAllocData,
    (void*)lbl_8047DAD4,
    (void*)HSD_MtxGetAllocData,
    (void*)lbl_8047DAD8,
    (void*)HSD_RvalueObjGetAllocData,
    (void*)lbl_8047DADC,
    (void*)HSD_RObjGetAllocData,
    (void*)lbl_8047DAE4,
    (void*)HSD_ShadowGetAllocData,
    (void*)lbl_8047DAEC,
    (void*)HSD_RenderGetAllocData,
    (void*)lbl_8047DAF4,
    (void*)HSD_ChanGetAllocData,
    (void*)lbl_8047DAFC,
    (void*)HSD_TevRegGetAllocData,
    (void*)lbl_8047DB04,
    (void*)0x00000000,
    (void*)0x00000000,
    (void*)0x696E6974,
    (void*)0x20706172,
    (void*)0x616D6574,
    (void*)0x65722073,
    (void*)0x686F756C,
    (void*)0x64206265,
    (void*)0x20736574,
    (void*)0x20626566,
    (void*)0x6F726520,
    (void*)0x696E766F,
    (void*)0x6B696E67,
    (void*)0x20485344,
    (void*)0x5F496E69,
    (void*)0x7428292E,
    (void*)0x0A000000,
    (void*)0x4552524F,
    (void*)0x5220696E,
    (void*)0x20485344,
    (void*)0x5F536574,
    (void*)0x496E6974,
    (void*)0x50617261,
    (void*)0x6D657465,
    (void*)0x7228293A,
    (void*)0x0A000000,
    (void*)0x20204853,
    (void*)0x445F494E,
    (void*)0x49545F4D,
    (void*)0x454D4F52,
    (void*)0x595F4341,
    (void*)0x4C4C4241,
    (void*)0x434B5320,
    (void*)0x77617320,
    (void*)0x67697665,
    (void*)0x6E20696E,
    (void*)0x76616C69,
    (void*)0x64206172,
    (void*)0x67756D65,
    (void*)0x6E74732E,
    (void*)0x0A000000,
    (void*)0x20204853,
    (void*)0x445F494E,
    (void*)0x49545F48,
    (void*)0x4541505F,
    (void*)0x4D41585F,
    (void*)0x4E554D20,
    (void*)0x6973206F,
    (void*)0x62736F6C,
    (void*)0x65746520,
    (void*)0x73696E63,
    (void*)0x6520312E,
    (void*)0x332E302E,
    (void*)0x302E200A,
    (void*)0x00000000,
    (void*)0x20204853,
    (void*)0x445F494E,
    (void*)0x49545F41,
    (void*)0x5544494F,
    (void*)0x5F484541,
    (void*)0x505F5349,
    (void*)0x5A452069,
    (void*)0x73206F62,
    (void*)0x736F6C65,
    (void*)0x74652073,
    (void*)0x696E6365,
    (void*)0x20312E33,
    (void*)0x2E302E30,
    (void*)0x2E200A00,
    (void*)0x6F626A61,
    (void*)0x6C6C6F63,
    (void*)0x2E680000,
    (void*)0x6F626A61,
    (void*)0x6C6C6F63,
    (void*)0x3A202573,
    (void*)0x09757369,
    (void*)0x6E672025,
    (void*)0x64096672,
    (void*)0x65656420,
    (void*)0x25640970,
    (void*)0x65616B20,
    (void*)0x25640A00,
};

const u8 lbl_802749E4[13] = {
    0x69, 0x6E, 0x69, 0x74, 0x69, 0x61, 0x6C, 0x69, 0x7A, 0x65, 0x2E, 0x63, 0x00,
};

const u8 gap_04_802749F1_rodata[3] = {
    0x00, 0x00, 0x00,
};

const u8 lbl_802749F4[52] = {
    0x70, 0x69, 0x78, 0x5F, 0x66, 0x6D, 0x74, 0x20, 0x21, 0x3D, 0x20, 0x47, 0x58, 0x5F, 0x50, 0x46,
    0x5F, 0x52, 0x47, 0x42, 0x35, 0x36, 0x35, 0x5F, 0x5A, 0x31, 0x36, 0x00, 0x73, 0x79, 0x73, 0x64,
    0x6F, 0x6C, 0x70, 0x68, 0x69, 0x6E, 0x5F, 0x62, 0x61, 0x73, 0x65, 0x5F, 0x6C, 0x69, 0x62, 0x72,
    0x61, 0x72, 0x79, 0x00,
};

const u8 lbl_80274A28[120] = {
    0x21, 0x69, 0x70, 0x61, 0x72, 0x61, 0x6D, 0x5F, 0x6D, 0x65, 0x6D, 0x6F, 0x72, 0x79, 0x5F, 0x63,
    0x61, 0x6C, 0x6C, 0x62, 0x61, 0x63, 0x6B, 0x73, 0x00, 0x00, 0x00, 0x00, 0x6D, 0x69, 0x73, 0x73,
    0x69, 0x6E, 0x67, 0x20, 0x61, 0x72, 0x67, 0x75, 0x6D, 0x65, 0x6E, 0x74, 0x2E, 0x0A, 0x00, 0x00,
    0x6E, 0x6F, 0x20, 0x73, 0x70, 0x61, 0x63, 0x65, 0x20, 0x72, 0x65, 0x6D, 0x61, 0x69, 0x6E, 0x73,
    0x20, 0x66, 0x6F, 0x72, 0x20, 0x67, 0x78, 0x20, 0x66, 0x69, 0x66, 0x6F, 0x2E, 0x0A, 0x00, 0x00,
    0x4E, 0x6F, 0x20, 0x6D, 0x65, 0x6D, 0x6F, 0x72, 0x79, 0x20, 0x73, 0x70, 0x61, 0x63, 0x65, 0x20,
    0x72, 0x65, 0x6D, 0x61, 0x69, 0x6E, 0x73, 0x20, 0x66, 0x6F, 0x72, 0x20, 0x58, 0x46, 0x42, 0x2E,
    0x0A, 0x00, 0x00, 0x00, 0x00, 0x00, 0x00, 0x00,
};

const u8 lbl_80274AA0[36] = {
    0x3F, 0x80, 0x00, 0x00, 0x3F, 0x80, 0x00, 0x00, 0x3F, 0x80, 0x00, 0x00, 0x00, 0x00, 0x00, 0x00,
    0x00, 0x00, 0x00, 0x00, 0x00, 0x00, 0x00, 0x00, 0x00, 0x00, 0x00, 0x00, 0x00, 0x00, 0x00, 0x00,
    0x3F, 0x80, 0x00, 0x00,
};

const u8 lbl_80274AC4[12] = {
    0x3F, 0x80, 0x00, 0x00, 0x3F, 0x80, 0x00, 0x00, 0x3F, 0x80, 0x00, 0x00,
};

const u8 lbl_80274AD0[24] = {
    0x73, 0x79, 0x73, 0x64, 0x6F, 0x6C, 0x70, 0x68, 0x69, 0x6E, 0x5F, 0x62, 0x61, 0x73, 0x65, 0x5F,
    0x6C, 0x69, 0x62, 0x72, 0x61, 0x72, 0x79, 0x00,
};

const u8 lbl_80274AE8[9] = {
    0x68, 0x73, 0x64, 0x5F, 0x6A, 0x6F, 0x62, 0x6A, 0x00,
};

const u8 gap_04_80274AF1_rodata[3] = {
    0x00, 0x00, 0x00,
};

const u8 lbl_80274AF4[9] = {
    0x6F, 0x62, 0x6A, 0x65, 0x63, 0x74, 0x2E, 0x68, 0x00,
};

const u8 gap_04_80274AFD_rodata[3] = {
    0x00, 0x00, 0x00,
};

const u8 lbl_80274B00[38] = {
    0x48, 0x53, 0x44, 0x5F, 0x4F, 0x42, 0x4A, 0x28, 0x6F, 0x29, 0x2D, 0x3E, 0x72, 0x65, 0x66, 0x5F,
    0x63, 0x6F, 0x75, 0x6E, 0x74, 0x5F, 0x69, 0x6E, 0x64, 0x69, 0x76, 0x69, 0x64, 0x75, 0x61, 0x6C,
    0x20, 0x21, 0x3D, 0x20, 0x30, 0x00,
};

const u8 gap_04_80274B26_rodata[2] = {
    0x00, 0x00,
};

const u8 lbl_80274B28[57] = {
    0x63, 0x61, 0x6E, 0x20, 0x6E, 0x6F, 0x74, 0x20, 0x66, 0x69, 0x6E, 0x64, 0x20, 0x73, 0x70, 0x65,
    0x63, 0x69, 0x66, 0x69, 0x65, 0x64, 0x20, 0x6A, 0x6F, 0x62, 0x6A, 0x2E, 0x20, 0x6D, 0x61, 0x79,
    0x62, 0x65, 0x20, 0x6A, 0x6F, 0x62, 0x6A, 0x20, 0x74, 0x72, 0x65, 0x65, 0x20, 0x69, 0x73, 0x20,
    0x62, 0x72, 0x6F, 0x6B, 0x65, 0x6E, 0x2E, 0x0A, 0x00,
};

const u8 gap_04_80274B61_rodata[3] = {
    0x00, 0x00, 0x00,
};

const u8 lbl_80274B64[480] = {
    0x48, 0x53, 0x44, 0x5F, 0x4F, 0x42, 0x4A, 0x28, 0x6F, 0x29, 0x2D, 0x3E, 0x72, 0x65, 0x66, 0x5F,
    0x63, 0x6F, 0x75, 0x6E, 0x74, 0x20, 0x21, 0x3D, 0x20, 0x48, 0x53, 0x44, 0x5F, 0x4F, 0x42, 0x4A,
    0x5F, 0x4E, 0x4F, 0x52, 0x45, 0x46, 0x00, 0x00, 0x6A, 0x6F, 0x62, 0x6A, 0x5B, 0x25, 0x64, 0x2C,
    0x25, 0x64, 0x5D, 0x00, 0x53, 0x4B, 0x45, 0x4C, 0x45, 0x54, 0x4F, 0x4E, 0x5F, 0x52, 0x4F, 0x4F,
    0x54, 0x20, 0x00, 0x00, 0x53, 0x4B, 0x45, 0x4C, 0x45, 0x54, 0x4F, 0x4E, 0x20, 0x00, 0x00, 0x00,
    0x45, 0x4E, 0x56, 0x45, 0x4C, 0x4F, 0x50, 0x45, 0x5F, 0x4D, 0x4F, 0x44, 0x45, 0x4C, 0x20, 0x00,
    0x45, 0x46, 0x46, 0x45, 0x43, 0x54, 0x4F, 0x52, 0x20, 0x00, 0x00, 0x00, 0x20, 0x20, 0x72, 0x6F,
    0x74, 0x28, 0x4C, 0x29, 0x3A, 0x20, 0x00, 0x00, 0x20, 0x20, 0x73, 0x63, 0x61, 0x28, 0x4C, 0x29,
    0x3A, 0x20, 0x00, 0x00, 0x20, 0x20, 0x74, 0x72, 0x61, 0x28, 0x4C, 0x29, 0x3A, 0x20, 0x00, 0x00,
    0x20, 0x20, 0x72, 0x6F, 0x74, 0x28, 0x47, 0x29, 0x3A, 0x20, 0x00, 0x00, 0x20, 0x20, 0x73, 0x63,
    0x61, 0x28, 0x47, 0x29, 0x3A, 0x20, 0x00, 0x00, 0x20, 0x20, 0x74, 0x72, 0x61, 0x28, 0x47, 0x29,
    0x3A, 0x20, 0x00, 0x00, 0x63, 0x68, 0x69, 0x6C, 0x64, 0x20, 0x73, 0x68, 0x6F, 0x75, 0x6C, 0x64,
    0x20, 0x62, 0x65, 0x20, 0x61, 0x20, 0x6F, 0x72, 0x70, 0x68, 0x61, 0x6E, 0x2E, 0x0A, 0x00, 0x00,
    0x63, 0x68, 0x69, 0x6C, 0x64, 0x2D, 0x3E, 0x70, 0x61, 0x72, 0x65, 0x6E, 0x74, 0x20, 0x3D, 0x3D,
    0x20, 0x4E, 0x55, 0x4C, 0x4C, 0x00, 0x00, 0x00, 0x63, 0x68, 0x69, 0x6C, 0x64, 0x20, 0x73, 0x68,
    0x6F, 0x75, 0x6C, 0x64, 0x20, 0x6E, 0x6F, 0x74, 0x20, 0x68, 0x61, 0x76, 0x65, 0x20, 0x73, 0x69,
    0x62, 0x6C, 0x69, 0x6E, 0x67, 0x73, 0x00, 0x00, 0x63, 0x68, 0x69, 0x6C, 0x64, 0x2D, 0x3E, 0x6E,
    0x65, 0x78, 0x74, 0x20, 0x3D, 0x3D, 0x20, 0x4E, 0x55, 0x4C, 0x4C, 0x00, 0x21, 0x28, 0x6A, 0x6F,
    0x62, 0x6A, 0x2D, 0x3E, 0x66, 0x6C, 0x61, 0x67, 0x73, 0x20, 0x26, 0x20, 0x4A, 0x4F, 0x42, 0x4A,
    0x5F, 0x49, 0x4E, 0x53, 0x54, 0x41, 0x4E, 0x43, 0x45, 0x29, 0x00, 0x00, 0x6C, 0x61, 0x73, 0x74,
    0x20, 0x21, 0x3D, 0x20, 0x63, 0x68, 0x69, 0x6C, 0x64, 0x00, 0x00, 0x00, 0x6A, 0x6F, 0x62, 0x6A,
    0x2D, 0x3E, 0x63, 0x68, 0x69, 0x6C, 0x64, 0x00, 0x6A, 0x6F, 0x62, 0x6A, 0x5F, 0x72, 0x6F, 0x6F,
    0x74, 0x00, 0x00, 0x00, 0x6A, 0x6F, 0x62, 0x6A, 0x5F, 0x72, 0x6F, 0x6F, 0x74, 0x20, 0x3D, 0x3D,
    0x20, 0x4E, 0x55, 0x4C, 0x4C, 0x00, 0x00, 0x00, 0x68, 0x73, 0x64, 0x49, 0x73, 0x44, 0x65, 0x73,
    0x63, 0x65, 0x6E, 0x64, 0x61, 0x6E, 0x74, 0x4F, 0x66, 0x28, 0x69, 0x6E, 0x66, 0x6F, 0x2C, 0x20,
    0x26, 0x68, 0x73, 0x64, 0x4A, 0x4F, 0x62, 0x6A, 0x29, 0x00, 0x00, 0x00, 0x6A, 0x6F, 0x62, 0x6A,
    0x2D, 0x3E, 0x61, 0x6F, 0x62, 0x6A, 0x00, 0x00, 0x6A, 0x70, 0x2D, 0x3E, 0x75, 0x2E, 0x73, 0x70,
    0x6C, 0x69, 0x6E, 0x65, 0x00, 0x00, 0x00, 0x00, 0x21, 0x28, 0x6A, 0x6F, 0x62, 0x6A, 0x2D, 0x3E,
    0x66, 0x6C, 0x61, 0x67, 0x73, 0x20, 0x26, 0x20, 0x4A, 0x4F, 0x42, 0x4A, 0x5F, 0x55, 0x53, 0x45,
    0x5F, 0x51, 0x55, 0x41, 0x54, 0x45, 0x52, 0x4E, 0x49, 0x4F, 0x4E, 0x29, 0x00, 0x00, 0x00, 0x00,
};

const u8 lbl_80274D44[13] = {
    0x6A, 0x6F, 0x62, 0x6A, 0x2D, 0x3E, 0x70, 0x61, 0x72, 0x65, 0x6E, 0x74, 0x00,
};

const u8 gap_04_80274D51_rodata[7] = {
    0x00, 0x00, 0x00, 0x00, 0x00, 0x00, 0x00,
};

const u8 lbl_80274D58[12] = {
    0x00, 0x00, 0x00, 0x00, 0x00, 0x00, 0x00, 0x00, 0x00, 0x00, 0x00, 0x00,
};

const u8 lbl_80274D64[12] = {
    0x00, 0x00, 0x00, 0x00, 0x00, 0x00, 0x00, 0x00, 0x00, 0x00, 0x00, 0x00,
};

const u8 lbl_80274D70[24] = {
    0x73, 0x79, 0x73, 0x64, 0x6F, 0x6C, 0x70, 0x68, 0x69, 0x6E, 0x5F, 0x62, 0x61, 0x73, 0x65, 0x5F,
    0x6C, 0x69, 0x62, 0x72, 0x61, 0x72, 0x79, 0x00,
};

const u8 lbl_80274D88[9] = {
    0x68, 0x73, 0x64, 0x5F, 0x6C, 0x6F, 0x62, 0x6A, 0x00,
};

const u8 gap_04_80274D91_rodata[3] = {
    0x00, 0x00, 0x00,
};

const u8 lbl_80274D94[33] = {
    0x75, 0x6E, 0x65, 0x78, 0x70, 0x65, 0x63, 0x74, 0x65, 0x64, 0x20, 0x6C, 0x69, 0x67, 0x68, 0x74,
    0x64, 0x65, 0x73, 0x63, 0x20, 0x66, 0x6C, 0x61, 0x67, 0x73, 0x20, 0x28, 0x25, 0x78, 0x29, 0x0A,
    0x00,
};

const u8 gap_04_80274DB5_rodata[3] = {
    0x00, 0x00, 0x00,
};

const u8 lbl_80274DB8[15] = {
    0x6C, 0x6F, 0x62, 0x6A, 0x2D, 0x3E, 0x69, 0x6E, 0x74, 0x65, 0x72, 0x65, 0x73, 0x74, 0x00,
};

const u8 gap_04_80274DC7_rodata[1] = {
    0x00,
};

const u8 lbl_80274DC8[15] = {
    0x6C, 0x6F, 0x62, 0x6A, 0x2D, 0x3E, 0x70, 0x6F, 0x73, 0x69, 0x74, 0x69, 0x6F, 0x6E, 0x00,
};

const u8 gap_04_80274DD7_rodata[1] = {
    0x00,
};

const u8 lbl_80274DD8[9] = {
    0x6F, 0x62, 0x6A, 0x65, 0x63, 0x74, 0x2E, 0x68, 0x00,
};

const u8 gap_04_80274DE1_rodata[3] = {
    0x00, 0x00, 0x00,
};

const u8 lbl_80274DE4[39] = {
    0x48, 0x53, 0x44, 0x5F, 0x4F, 0x42, 0x4A, 0x28, 0x6F, 0x29, 0x2D, 0x3E, 0x72, 0x65, 0x66, 0x5F,
    0x63, 0x6F, 0x75, 0x6E, 0x74, 0x20, 0x21, 0x3D, 0x20, 0x48, 0x53, 0x44, 0x5F, 0x4F, 0x42, 0x4A,
    0x5F, 0x4E, 0x4F, 0x52, 0x45, 0x46, 0x00,
};

const u8 gap_04_80274E0B_rodata[5] = {
    0x00, 0x00, 0x00, 0x00, 0x00,
};

const u8 lbl_80274E10[9] = {
    0x6D, 0x65, 0x6D, 0x6F, 0x72, 0x79, 0x2E, 0x63, 0x00,
};

const u8 gap_04_80274E19_rodata[3] = {
    0x00, 0x00, 0x00,
};

const u8 lbl_80274E1C[25] = {
    0x73, 0x69, 0x7A, 0x65, 0x20, 0x3D, 0x3D, 0x20, 0x73, 0x69, 0x7A, 0x65, 0x6F, 0x66, 0x28, 0x5F,
    0x5F, 0x6D, 0x65, 0x6D, 0x5F, 0x63, 0x62, 0x29, 0x00,
};

const u8 gap_04_80274E35_rodata[3] = {
    0x00, 0x00, 0x00,
};

const u8 lbl_80274E38[24] = {
    0x73, 0x79, 0x73, 0x64, 0x6F, 0x6C, 0x70, 0x68, 0x69, 0x6E, 0x5F, 0x62, 0x61, 0x73, 0x65, 0x5F,
    0x6C, 0x69, 0x62, 0x72, 0x61, 0x72, 0x79, 0x00,
};

const u8 lbl_80274E50[9] = {
    0x68, 0x73, 0x64, 0x5F, 0x6D, 0x6F, 0x62, 0x6A, 0x00,
};

const u8 gap_04_80274E59_rodata[3] = {
    0x00, 0x00, 0x00,
};

const u8 lbl_80274E5C[14] = {
    0x6D, 0x6F, 0x62, 0x6A, 0x2D, 0x3E, 0x74, 0x65, 0x76, 0x64, 0x65, 0x73, 0x63, 0x00,
};

const u8 gap_04_80274E6A_rodata[2] = {
    0x00, 0x00,
};

const u8 lbl_80274E6C[34] = {
    0x68, 0x73, 0x64, 0x49, 0x73, 0x44, 0x65, 0x73, 0x63, 0x65, 0x6E, 0x64, 0x61, 0x6E, 0x74, 0x4F,
    0x66, 0x28, 0x69, 0x6E, 0x66, 0x6F, 0x2C, 0x20, 0x26, 0x68, 0x73, 0x64, 0x4D, 0x4F, 0x62, 0x6A,
    0x29, 0x00,
};

const u8 gap_04_80274E8E_rodata[2] = {
    0x00, 0x00,
};

const u8 lbl_80274E90[56] = {
    0x6F, 0x62, 0x6A, 0x61, 0x6C, 0x6C, 0x6F, 0x63, 0x2E, 0x63, 0x00, 0x00, 0x61, 0x6C, 0x69, 0x67,
    0x6E, 0x20, 0x3C, 0x3D, 0x20, 0x33, 0x32, 0x00, 0x48, 0x53, 0x44, 0x5F, 0x47, 0x65, 0x74, 0x4E,
    0x62, 0x42, 0x69, 0x74, 0x73, 0x28, 0x61, 0x6C, 0x69, 0x67, 0x6E, 0x29, 0x20, 0x3D, 0x3D, 0x20,
    0x31, 0x00, 0x00, 0x00, 0x00, 0x00, 0x00, 0x00,
};

const u8 lbl_80274EC8[24] = {
    0x73, 0x79, 0x73, 0x64, 0x6F, 0x6C, 0x70, 0x68, 0x69, 0x6E, 0x5F, 0x62, 0x61, 0x73, 0x65, 0x5F,
    0x6C, 0x69, 0x62, 0x72, 0x61, 0x72, 0x79, 0x00,
};

const u8 lbl_80274EE0[24] = {
    0x73, 0x79, 0x73, 0x64, 0x6F, 0x6C, 0x70, 0x68, 0x69, 0x6E, 0x5F, 0x62, 0x61, 0x73, 0x65, 0x5F,
    0x6C, 0x69, 0x62, 0x72, 0x61, 0x72, 0x79, 0x00,
};

const u8 lbl_80274EF8[9] = {
    0x68, 0x73, 0x64, 0x5F, 0x70, 0x6F, 0x62, 0x6A, 0x00,
};

const u8 gap_04_80274F01_rodata[3] = {
    0x00, 0x00, 0x00,
};

const u8 lbl_80274F04[224] = {
    0x70, 0x6F, 0x62, 0x6A, 0x2D, 0x3E, 0x75, 0x2E, 0x73, 0x68, 0x61, 0x70, 0x65, 0x5F, 0x73, 0x65,
    0x74, 0x00, 0x00, 0x00, 0x65, 0x6E, 0x76, 0x65, 0x6C, 0x6F, 0x70, 0x65, 0x00, 0x00, 0x00, 0x00,
    0x65, 0x6E, 0x76, 0x65, 0x6C, 0x6F, 0x70, 0x65, 0x2D, 0x3E, 0x6A, 0x6F, 0x62, 0x6A, 0x00, 0x00,
    0x6A, 0x70, 0x2D, 0x3E, 0x65, 0x6E, 0x76, 0x65, 0x6C, 0x6F, 0x70, 0x65, 0x6D, 0x74, 0x78, 0x00,
    0x76, 0x65, 0x72, 0x74, 0x65, 0x78, 0x5F, 0x62, 0x75, 0x66, 0x66, 0x65, 0x72, 0x5F, 0x73, 0x69,
    0x7A, 0x65, 0x20, 0x3E, 0x3D, 0x20, 0x73, 0x68, 0x61, 0x70, 0x65, 0x5F, 0x73, 0x65, 0x74, 0x2D,
    0x3E, 0x6E, 0x62, 0x5F, 0x76, 0x65, 0x72, 0x74, 0x65, 0x78, 0x5F, 0x69, 0x6E, 0x64, 0x65, 0x78,
    0x00, 0x00, 0x00, 0x00, 0x6E, 0x6F, 0x72, 0x6D, 0x61, 0x6C, 0x5F, 0x62, 0x75, 0x66, 0x66, 0x65,
    0x72, 0x5F, 0x73, 0x69, 0x7A, 0x65, 0x20, 0x3E, 0x3D, 0x20, 0x73, 0x68, 0x61, 0x70, 0x65, 0x5F,
    0x73, 0x65, 0x74, 0x2D, 0x3E, 0x6E, 0x62, 0x5F, 0x6E, 0x6F, 0x72, 0x6D, 0x61, 0x6C, 0x5F, 0x69,
    0x6E, 0x64, 0x65, 0x78, 0x00, 0x00, 0x00, 0x00, 0x6E, 0x6F, 0x72, 0x6D, 0x61, 0x6C, 0x5F, 0x62,
    0x75, 0x66, 0x66, 0x65, 0x72, 0x5F, 0x73, 0x69, 0x7A, 0x65, 0x20, 0x3E, 0x3D, 0x20, 0x73, 0x68,
    0x61, 0x70, 0x65, 0x5F, 0x73, 0x65, 0x74, 0x2D, 0x3E, 0x6E, 0x62, 0x5F, 0x6E, 0x6F, 0x72, 0x6D,
    0x61, 0x6C, 0x5F, 0x69, 0x6E, 0x64, 0x65, 0x78, 0x20, 0x2A, 0x20, 0x33, 0x00, 0x00, 0x00, 0x00,
};

const u8 lbl_80274FE4[88] = {
    0x61, 0x74, 0x74, 0x72, 0x28, 0x25, 0x64, 0x29, 0x20, 0x69, 0x73, 0x20, 0x6E, 0x6F, 0x74, 0x20,
    0x73, 0x75, 0x70, 0x70, 0x6F, 0x72, 0x74, 0x65, 0x64, 0x20, 0x62, 0x79, 0x20, 0x73, 0x79, 0x73,
    0x64, 0x6F, 0x6C, 0x70, 0x68, 0x69, 0x6E, 0x0A, 0x00, 0x00, 0x00, 0x00, 0x73, 0x68, 0x61, 0x70,
    0x65, 0x5F, 0x73, 0x65, 0x74, 0x2D, 0x3E, 0x6E, 0x6F, 0x72, 0x6D, 0x61, 0x6C, 0x5F, 0x64, 0x65,
    0x73, 0x63, 0x2D, 0x3E, 0x61, 0x74, 0x74, 0x72, 0x20, 0x3D, 0x3D, 0x20, 0x47, 0x58, 0x5F, 0x56,
    0x41, 0x5F, 0x4E, 0x42, 0x54, 0x00, 0x00, 0x00,
};

const u8 lbl_8027503C[47] = {
    0x73, 0x68, 0x61, 0x70, 0x65, 0x5F, 0x73, 0x65, 0x74, 0x2D, 0x3E, 0x6E, 0x6F, 0x72, 0x6D, 0x61,
    0x6C, 0x5F, 0x64, 0x65, 0x73, 0x63, 0x2D, 0x3E, 0x63, 0x6F, 0x6D, 0x70, 0x5F, 0x63, 0x6E, 0x74,
    0x20, 0x3D, 0x3D, 0x20, 0x47, 0x58, 0x5F, 0x4E, 0x52, 0x4D, 0x5F, 0x58, 0x59, 0x5A, 0x00,
};

const u8 gap_04_8027506B_rodata[1] = {
    0x00,
};

const u8 lbl_8027506C[24] = {
    0x75, 0x6E, 0x65, 0x78, 0x70, 0x65, 0x63, 0x74, 0x65, 0x64, 0x20, 0x6E, 0x6F, 0x72, 0x6D, 0x61,
    0x6C, 0x20, 0x74, 0x79, 0x70, 0x65, 0x2E, 0x00,
};

const u8 lbl_80275084[47] = {
    0x73, 0x68, 0x61, 0x70, 0x65, 0x5F, 0x73, 0x65, 0x74, 0x2D, 0x3E, 0x76, 0x65, 0x72, 0x74, 0x65,
    0x78, 0x5F, 0x64, 0x65, 0x73, 0x63, 0x2D, 0x3E, 0x63, 0x6F, 0x6D, 0x70, 0x5F, 0x63, 0x6E, 0x74,
    0x20, 0x3D, 0x3D, 0x20, 0x47, 0x58, 0x5F, 0x50, 0x4F, 0x53, 0x5F, 0x58, 0x59, 0x5A, 0x00,
};

const u8 gap_04_802750B3_rodata[1] = {
    0x00,
};

const u8 lbl_802750B4[180] = {
    0x75, 0x6E, 0x65, 0x78, 0x70, 0x65, 0x63, 0x74, 0x65, 0x64, 0x20, 0x76, 0x65, 0x72, 0x74, 0x65,
    0x78, 0x20, 0x74, 0x79, 0x70, 0x65, 0x2E, 0x0A, 0x00, 0x00, 0x00, 0x00, 0x65, 0x6E, 0x76, 0x2D,
    0x3E, 0x6A, 0x6F, 0x62, 0x6A, 0x00, 0x00, 0x00, 0x6F, 0x62, 0x6A, 0x65, 0x63, 0x74, 0x2E, 0x68,
    0x00, 0x00, 0x00, 0x00, 0x48, 0x53, 0x44, 0x5F, 0x4F, 0x42, 0x4A, 0x28, 0x6F, 0x29, 0x2D, 0x3E,
    0x72, 0x65, 0x66, 0x5F, 0x63, 0x6F, 0x75, 0x6E, 0x74, 0x5F, 0x69, 0x6E, 0x64, 0x69, 0x76, 0x69,
    0x64, 0x75, 0x61, 0x6C, 0x20, 0x21, 0x3D, 0x20, 0x30, 0x00, 0x00, 0x00, 0x70, 0x6F, 0x62, 0x6A,
    0x2D, 0x3E, 0x75, 0x2E, 0x6A, 0x6F, 0x62, 0x6A, 0x00, 0x00, 0x00, 0x00, 0x68, 0x73, 0x64, 0x49,
    0x73, 0x44, 0x65, 0x73, 0x63, 0x65, 0x6E, 0x64, 0x61, 0x6E, 0x74, 0x4F, 0x66, 0x28, 0x69, 0x6E,
    0x66, 0x6F, 0x2C, 0x20, 0x26, 0x68, 0x73, 0x64, 0x50, 0x4F, 0x62, 0x6A, 0x29, 0x00, 0x00, 0x00,
    0x73, 0x68, 0x61, 0x70, 0x65, 0x5F, 0x73, 0x65, 0x74, 0x00, 0x00, 0x00, 0x70, 0x6F, 0x62, 0x6A,
    0x3A, 0x20, 0x75, 0x6E, 0x65, 0x78, 0x65, 0x63, 0x74, 0x65, 0x64, 0x20, 0x74, 0x79, 0x70, 0x65,
    0x2E, 0x0A, 0x00, 0x00,
};

const u8 lbl_80275168[144] = {
    0x00, 0x00, 0x00, 0x00, 0x00, 0x00, 0x00, 0x00, 0x00, 0x00, 0x00, 0x00, 0x3F, 0x80, 0x00, 0x00,
    0x3F, 0x80, 0x00, 0x00, 0x3F, 0x80, 0x00, 0x00, 0x00, 0x00, 0x00, 0x00, 0x3F, 0x80, 0x00, 0x00,
    0x00, 0x00, 0x00, 0x00, 0x6F, 0x62, 0x6A, 0x65, 0x63, 0x74, 0x2E, 0x68, 0x00, 0x00, 0x00, 0x00,
    0x48, 0x53, 0x44, 0x5F, 0x4F, 0x42, 0x4A, 0x28, 0x6F, 0x29, 0x2D, 0x3E, 0x72, 0x65, 0x66, 0x5F,
    0x63, 0x6F, 0x75, 0x6E, 0x74, 0x5F, 0x69, 0x6E, 0x64, 0x69, 0x76, 0x69, 0x64, 0x75, 0x61, 0x6C,
    0x20, 0x21, 0x3D, 0x20, 0x30, 0x00, 0x00, 0x00, 0x63, 0x6F, 0x6E, 0x73, 0x74, 0x72, 0x61, 0x69,
    0x6E, 0x74, 0x20, 0x6F, 0x6E, 0x6C, 0x79, 0x20, 0x73, 0x75, 0x70, 0x70, 0x6F, 0x72, 0x74, 0x20,
    0x6A, 0x6F, 0x62, 0x6A, 0x20, 0x74, 0x61, 0x72, 0x67, 0x65, 0x74, 0x2E, 0x0A, 0x00, 0x00, 0x00,
    0x72, 0x76, 0x61, 0x6C, 0x75, 0x65, 0x2D, 0x3E, 0x6A, 0x6F, 0x62, 0x6A, 0x00, 0x00, 0x00, 0x00,
};

const u8 lbl_802751F8[132] = {
    0x4E, 0x75, 0x6D, 0x62, 0x65, 0x72, 0x20, 0x6F, 0x66, 0x20, 0x61, 0x72, 0x67, 0x6D, 0x65, 0x6E,
    0x74, 0x20, 0x6F, 0x66, 0x20, 0x65, 0x78, 0x70, 0x72, 0x65, 0x73, 0x73, 0x69, 0x6F, 0x6E, 0x20,
    0x65, 0x78, 0x63, 0x65, 0x65, 0x64, 0x73, 0x20, 0x74, 0x68, 0x65, 0x20, 0x61, 0x72, 0x67, 0x75,
    0x6D, 0x65, 0x6E, 0x74, 0x20, 0x62, 0x75, 0x66, 0x66, 0x65, 0x72, 0x0A, 0x73, 0x69, 0x7A, 0x65,
    0x2E, 0x20, 0x28, 0x72, 0x65, 0x71, 0x75, 0x65, 0x73, 0x74, 0x65, 0x64, 0x20, 0x6E, 0x75, 0x6D,
    0x20, 0x6F, 0x66, 0x20, 0x61, 0x72, 0x67, 0x20, 0x25, 0x64, 0x2C, 0x20, 0x61, 0x6C, 0x6C, 0x6F,
    0x63, 0x61, 0x74, 0x65, 0x64, 0x20, 0x25, 0x64, 0x29, 0x0A, 0x00, 0x00, 0x28, 0x70, 0x74, 0x72,
    0x20, 0x26, 0x26, 0x20, 0x6E, 0x69, 0x74, 0x65, 0x6D, 0x73, 0x29, 0x20, 0x7C, 0x7C, 0x20, 0x21,
    0x70, 0x74, 0x72, 0x00,
};

const u8 lbl_8027527C[12] = {
    0x72, 0x6F, 0x62, 0x6A, 0x3A, 0x20, 0x61, 0x6C, 0x6C, 0x6F, 0x63, 0x00,
};

const u8 lbl_80275288[44] = {
    0x75, 0x6E, 0x65, 0x78, 0x70, 0x65, 0x63, 0x74, 0x65, 0x64, 0x20, 0x74, 0x79, 0x70, 0x65, 0x20,
    0x6F, 0x66, 0x20, 0x72, 0x6F, 0x62, 0x6A, 0x2E, 0x0A, 0x00, 0x00, 0x00, 0x72, 0x6F, 0x62, 0x6A,
    0x2D, 0x3E, 0x75, 0x2E, 0x6A, 0x6F, 0x62, 0x6A, 0x00, 0x00, 0x00, 0x00,
};

const u8 lbl_802752B4[11] = {
    0x72, 0x70, 0x2D, 0x3E, 0x75, 0x2E, 0x6A, 0x6F, 0x62, 0x6A, 0x00,
};

const u8 gap_04_802752BF_rodata[1] = {
    0x00,
};

const u8 lbl_802752C0[9] = {
    0x73, 0x68, 0x61, 0x64, 0x6F, 0x77, 0x2E, 0x63, 0x00,
};

const u8 gap_04_802752C9_rodata[3] = {
    0x00, 0x00, 0x00,
};

const u8 lbl_802752CC[40] = {
    0x70, 0x6F, 0x73, 0x69, 0x74, 0x69, 0x6F, 0x6E, 0x00, 0x00, 0x00, 0x00, 0x72, 0x61, 0x64, 0x69,
    0x75, 0x73, 0x20, 0x3E, 0x20, 0x30, 0x2E, 0x30, 0x46, 0x00, 0x00, 0x00, 0x61, 0x20, 0x3E, 0x20,
    0x30, 0x2E, 0x30, 0x46, 0x00, 0x00, 0x00, 0x00,
};

const u8 lbl_802752F4[32] = {
    0x64, 0x69, 0x73, 0x74, 0x61, 0x6E, 0x63, 0x65, 0x20, 0x3E, 0x20, 0x30, 0x2E, 0x30, 0x46, 0x00,
    0x73, 0x63, 0x61, 0x6C, 0x65, 0x20, 0x3E, 0x20, 0x30, 0x2E, 0x30, 0x46, 0x00, 0x00, 0x00, 0x00,
};

const u8 lbl_80275314[9] = {
    0x6F, 0x62, 0x6A, 0x65, 0x63, 0x74, 0x2E, 0x68, 0x00,
};

const u8 gap_04_8027531D_rodata[3] = {
    0x00, 0x00, 0x00,
};

const u8 lbl_80275320[136] = {
    0x48, 0x53, 0x44, 0x5F, 0x4F, 0x42, 0x4A, 0x28, 0x6F, 0x29, 0x2D, 0x3E, 0x72, 0x65, 0x66, 0x5F,
    0x63, 0x6F, 0x75, 0x6E, 0x74, 0x20, 0x21, 0x3D, 0x20, 0x48, 0x53, 0x44, 0x5F, 0x4F, 0x42, 0x4A,
    0x5F, 0x4E, 0x4F, 0x52, 0x45, 0x46, 0x00, 0x00, 0x77, 0x69, 0x64, 0x74, 0x68, 0x20, 0x3E, 0x20,
    0x30, 0x00, 0x00, 0x00, 0x68, 0x65, 0x69, 0x67, 0x68, 0x74, 0x20, 0x3E, 0x20, 0x30, 0x00, 0x00,
    0x73, 0x69, 0x7A, 0x65, 0x20, 0x3E, 0x20, 0x30, 0x00, 0x00, 0x00, 0x00, 0x73, 0x68, 0x61, 0x64,
    0x6F, 0x77, 0x2D, 0x3E, 0x63, 0x61, 0x6D, 0x65, 0x72, 0x61, 0x00, 0x00, 0x73, 0x68, 0x61, 0x64,
    0x6F, 0x77, 0x2D, 0x3E, 0x74, 0x65, 0x78, 0x74, 0x75, 0x72, 0x65, 0x00, 0x73, 0x68, 0x61, 0x64,
    0x6F, 0x77, 0x2D, 0x3E, 0x74, 0x65, 0x78, 0x74, 0x75, 0x72, 0x65, 0x2D, 0x3E, 0x69, 0x6D, 0x61,
    0x67, 0x65, 0x64, 0x65, 0x73, 0x63, 0x00, 0x00,
};

const u8 lbl_802753A8[10] = {
    0x74, 0x65, 0x78, 0x70, 0x5F, 0x6C, 0x69, 0x73, 0x74, 0x00,
};

const u8 gap_04_802753B2_rodata[2] = {
    0x00, 0x00,
};

const u8 lbl_802753B4[9] = {
    0x76, 0x61, 0x6C, 0x20, 0x3E, 0x3D, 0x20, 0x30, 0x00,
};

const u8 gap_04_802753BD_rodata[3] = {
    0x00, 0x00, 0x00,
};

const u8 lbl_802753C0[27] = {
    0x63, 0x6C, 0x69, 0x73, 0x74, 0x2D, 0x3E, 0x74, 0x79, 0x70, 0x65, 0x20, 0x3D, 0x3D, 0x20, 0x48,
    0x53, 0x44, 0x5F, 0x54, 0x45, 0x5F, 0x43, 0x4E, 0x53, 0x54, 0x00,
};

const u8 gap_04_802753DB_rodata[1] = {
    0x00,
};

const u8 lbl_802753DC[500] = {
    0x48, 0x53, 0x44, 0x5F, 0x54, 0x45, 0x78, 0x70, 0x47, 0x65, 0x74, 0x54, 0x79, 0x70, 0x65, 0x28,
    0x74, 0x65, 0x78, 0x70, 0x29, 0x20, 0x3D, 0x3D, 0x20, 0x48, 0x53, 0x44, 0x5F, 0x54, 0x45, 0x5F,
    0x54, 0x45, 0x56, 0x00, 0x74, 0x65, 0x76, 0x2D, 0x3E, 0x63, 0x5F, 0x64, 0x73, 0x74, 0x20, 0x21,
    0x3D, 0x20, 0x48, 0x53, 0x44, 0x5F, 0x54, 0x45, 0x5F, 0x55, 0x4E, 0x44, 0x45, 0x46, 0x00, 0x00,
    0x74, 0x65, 0x76, 0x2D, 0x3E, 0x61, 0x5F, 0x64, 0x73, 0x74, 0x20, 0x21, 0x3D, 0x20, 0x48, 0x53,
    0x44, 0x5F, 0x54, 0x45, 0x5F, 0x55, 0x4E, 0x44, 0x45, 0x46, 0x00, 0x00, 0x74, 0x65, 0x76, 0x2D,
    0x3E, 0x6B, 0x61, 0x73, 0x65, 0x6C, 0x20, 0x3D, 0x3D, 0x20, 0x6B, 0x73, 0x65, 0x6C, 0x00, 0x00,
    0x73, 0x65, 0x6C, 0x20, 0x3D, 0x3D, 0x20, 0x48, 0x53, 0x44, 0x5F, 0x54, 0x45, 0x5F, 0x41, 0x00,
    0x69, 0x64, 0x78, 0x20, 0x3D, 0x3D, 0x20, 0x33, 0x20, 0x7C, 0x7C, 0x20, 0x65, 0x78, 0x70, 0x2D,
    0x3E, 0x74, 0x65, 0x76, 0x2E, 0x61, 0x5F, 0x63, 0x6C, 0x61, 0x6D, 0x70, 0x00, 0x00, 0x00, 0x00,
    0x73, 0x65, 0x6C, 0x20, 0x3D, 0x3D, 0x20, 0x48, 0x53, 0x44, 0x5F, 0x54, 0x45, 0x5F, 0x41, 0x20,
    0x7C, 0x7C, 0x20, 0x73, 0x65, 0x6C, 0x20, 0x3D, 0x3D, 0x20, 0x48, 0x53, 0x44, 0x5F, 0x54, 0x45,
    0x5F, 0x58, 0x00, 0x00, 0x65, 0x78, 0x70, 0x2D, 0x3E, 0x63, 0x6E, 0x73, 0x74, 0x2E, 0x63, 0x6F,
    0x6D, 0x70, 0x20, 0x3D, 0x3D, 0x20, 0x48, 0x53, 0x44, 0x5F, 0x54, 0x45, 0x5F, 0x58, 0x00, 0x00,
    0x74, 0x65, 0x76, 0x20, 0x63, 0x61, 0x6E, 0x27, 0x74, 0x20, 0x73, 0x65, 0x6C, 0x65, 0x63, 0x74,
    0x20, 0x6D, 0x75, 0x6C, 0x74, 0x69, 0x70, 0x6C, 0x65, 0x20, 0x6B, 0x6F, 0x6E, 0x73, 0x74, 0x20,
    0x69, 0x6E, 0x70, 0x75, 0x74, 0x2E, 0x0A, 0x00, 0x73, 0x65, 0x6C, 0x20, 0x3D, 0x3D, 0x20, 0x48,
    0x53, 0x44, 0x5F, 0x54, 0x45, 0x5F, 0x52, 0x47, 0x42, 0x20, 0x7C, 0x7C, 0x20, 0x73, 0x65, 0x6C,
    0x20, 0x3D, 0x3D, 0x20, 0x48, 0x53, 0x44, 0x5F, 0x54, 0x45, 0x5F, 0x41, 0x00, 0x00, 0x00, 0x00,
    0x69, 0x64, 0x78, 0x20, 0x3D, 0x3D, 0x20, 0x33, 0x20, 0x7C, 0x7C, 0x20, 0x73, 0x65, 0x6C, 0x20,
    0x21, 0x3D, 0x20, 0x48, 0x53, 0x44, 0x5F, 0x54, 0x45, 0x5F, 0x52, 0x47, 0x42, 0x20, 0x7C, 0x7C,
    0x20, 0x65, 0x78, 0x70, 0x2D, 0x3E, 0x74, 0x65, 0x76, 0x2E, 0x63, 0x5F, 0x63, 0x6C, 0x61, 0x6D,
    0x70, 0x00, 0x00, 0x00, 0x69, 0x64, 0x78, 0x20, 0x3D, 0x3D, 0x20, 0x33, 0x20, 0x7C, 0x7C, 0x20,
    0x73, 0x65, 0x6C, 0x20, 0x21, 0x3D, 0x20, 0x48, 0x53, 0x44, 0x5F, 0x54, 0x45, 0x5F, 0x41, 0x20,
    0x7C, 0x7C, 0x20, 0x65, 0x78, 0x70, 0x2D, 0x3E, 0x74, 0x65, 0x76, 0x2E, 0x61, 0x5F, 0x63, 0x6C,
    0x61, 0x6D, 0x70, 0x00, 0x73, 0x77, 0x61, 0x70, 0x20, 0x3D, 0x3D, 0x20, 0x48, 0x53, 0x44, 0x5F,
    0x54, 0x45, 0x5F, 0x55, 0x4E, 0x44, 0x45, 0x46, 0x20, 0x7C, 0x7C, 0x20, 0x74, 0x65, 0x76, 0x2D,
    0x3E, 0x74, 0x65, 0x78, 0x5F, 0x73, 0x77, 0x61, 0x70, 0x20, 0x3D, 0x3D, 0x20, 0x73, 0x77, 0x61,
    0x70, 0x00, 0x00, 0x00, 0x73, 0x77, 0x61, 0x70, 0x20, 0x3D, 0x3D, 0x20, 0x48, 0x53, 0x44, 0x5F,
    0x54, 0x45, 0x5F, 0x55, 0x4E, 0x44, 0x45, 0x46, 0x20, 0x7C, 0x7C, 0x20, 0x74, 0x65, 0x76, 0x2D,
    0x3E, 0x72, 0x61, 0x73, 0x5F, 0x73, 0x77, 0x61, 0x70, 0x20, 0x3D, 0x3D, 0x20, 0x73, 0x77, 0x61,
    0x70, 0x00, 0x00, 0x00,
};

const u8 lbl_802755D0[25] = {
    0x74, 0x65, 0x78, 0x70, 0x2D, 0x3E, 0x63, 0x6E, 0x73, 0x74, 0x2E, 0x63, 0x74, 0x79, 0x70, 0x65,
    0x20, 0x3D, 0x3D, 0x20, 0x74, 0x79, 0x70, 0x65, 0x00,
};

const u8 gap_04_802755E9_rodata[7] = {
    0x00, 0x00, 0x00, 0x00, 0x00, 0x00, 0x00,
};

const u8 lbl_802755F0[72] = {
    0x74, 0x65, 0x78, 0x70, 0x64, 0x61, 0x67, 0x2E, 0x63, 0x00, 0x00, 0x00, 0x48, 0x53, 0x44, 0x5F,
    0x54, 0x45, 0x78, 0x70, 0x47, 0x65, 0x74, 0x54, 0x79, 0x70, 0x65, 0x28, 0x72, 0x6F, 0x6F, 0x74,
    0x29, 0x20, 0x3D, 0x3D, 0x20, 0x48, 0x53, 0x44, 0x5F, 0x54, 0x45, 0x5F, 0x54, 0x45, 0x56, 0x00,
    0x6A, 0x3C, 0x48, 0x53, 0x44, 0x5F, 0x54, 0x45, 0x58, 0x50, 0x5F, 0x4D, 0x41, 0x58, 0x5F, 0x4E,
    0x55, 0x4D, 0x00, 0x00, 0x00, 0x00, 0x00, 0x00,
};

const u8 lbl_80275638[24] = {
    0x73, 0x79, 0x73, 0x64, 0x6F, 0x6C, 0x70, 0x68, 0x69, 0x6E, 0x5F, 0x62, 0x61, 0x73, 0x65, 0x5F,
    0x6C, 0x69, 0x62, 0x72, 0x61, 0x72, 0x79, 0x00,
};

const u8 lbl_80275650[9] = {
    0x68, 0x73, 0x64, 0x5F, 0x74, 0x6F, 0x62, 0x6A, 0x00,
};

const u8 gap_04_80275659_rodata[3] = {
    0x00, 0x00, 0x00,
};

const u8 lbl_8027565C[42] = {
    0x74, 0x65, 0x78, 0x6D, 0x74, 0x78, 0x20, 0x69, 0x6E, 0x64, 0x65, 0x78, 0x20, 0x65, 0x78, 0x63,
    0x65, 0x65, 0x64, 0x20, 0x68, 0x61, 0x72, 0x64, 0x77, 0x61, 0x72, 0x65, 0x20, 0x6C, 0x69, 0x6D,
    0x69, 0x74, 0x20, 0x28, 0x25, 0x64, 0x29, 0x2E, 0x0A, 0x00,
};

const u8 gap_04_80275686_rodata[2] = {
    0x00, 0x00,
};

const u8 lbl_80275688[10] = {
    0x69, 0x6D, 0x61, 0x67, 0x65, 0x64, 0x65, 0x73, 0x63, 0x00,
};

const u8 gap_04_80275692_rodata[2] = {
    0x00, 0x00,
};

const u8 lbl_80275694[21] = {
    0x69, 0x6D, 0x61, 0x67, 0x65, 0x64, 0x65, 0x73, 0x63, 0x2D, 0x3E, 0x69, 0x6D, 0x61, 0x67, 0x65,
    0x5F, 0x70, 0x74, 0x72, 0x00,
};

const u8 gap_04_802756A9_rodata[3] = {
    0x00, 0x00, 0x00,
};

const u8 lbl_802756AC[23] = {
    0x75, 0x6E, 0x65, 0x78, 0x70, 0x65, 0x63, 0x74, 0x65, 0x64, 0x20, 0x74, 0x65, 0x78, 0x6D, 0x61,
    0x70, 0x20, 0x69, 0x64, 0x2E, 0x0A, 0x00,
};

const u8 gap_04_802756C3_rodata[1] = {
    0x00,
};

const u8 lbl_802756C4[33] = {
    0x74, 0x6F, 0x62, 0x6A, 0x2D, 0x3E, 0x72, 0x65, 0x70, 0x65, 0x61, 0x74, 0x5F, 0x73, 0x20, 0x26,
    0x26, 0x20, 0x74, 0x6F, 0x62, 0x6A, 0x2D, 0x3E, 0x72, 0x65, 0x70, 0x65, 0x61, 0x74, 0x5F, 0x74,
    0x00,
};

const u8 gap_04_802756E5_rodata[3] = {
    0x00, 0x00, 0x00,
};

const u8 lbl_802756E8[15] = {
    0x74, 0x6F, 0x62, 0x6A, 0x2D, 0x3E, 0x69, 0x6D, 0x61, 0x67, 0x65, 0x74, 0x62, 0x6C, 0x00,
};

const u8 gap_04_802756F7_rodata[1] = {
    0x00,
};

const u8 lbl_802756F8[100] = {
    0x69, 0x64, 0x78, 0x20, 0x21, 0x3D, 0x20, 0x2D, 0x31, 0x00, 0x00, 0x00, 0x5F, 0x70, 0x2D, 0x3E,
    0x78, 0x66, 0x62, 0x5B, 0x69, 0x64, 0x78, 0x5D, 0x2E, 0x73, 0x74, 0x61, 0x74, 0x75, 0x73, 0x20,
    0x3D, 0x3D, 0x20, 0x48, 0x53, 0x44, 0x5F, 0x56, 0x49, 0x5F, 0x58, 0x46, 0x42, 0x5F, 0x44, 0x52,
    0x41, 0x57, 0x49, 0x4E, 0x47, 0x00, 0x00, 0x00, 0x5F, 0x70, 0x2D, 0x3E, 0x78, 0x66, 0x62, 0x5B,
    0x69, 0x64, 0x78, 0x5D, 0x2E, 0x73, 0x74, 0x61, 0x74, 0x75, 0x73, 0x20, 0x3D, 0x3D, 0x20, 0x48,
    0x53, 0x44, 0x5F, 0x56, 0x49, 0x5F, 0x58, 0x46, 0x42, 0x5F, 0x57, 0x41, 0x49, 0x54, 0x44, 0x4F,
    0x4E, 0x45, 0x00, 0x00,
};

const u8 lbl_8027575C[33] = {
    0x75, 0x6E, 0x65, 0x78, 0x70, 0x65, 0x63, 0x74, 0x65, 0x64, 0x20, 0x74, 0x79, 0x70, 0x65, 0x20,
    0x6F, 0x66, 0x20, 0x72, 0x65, 0x6E, 0x64, 0x65, 0x72, 0x20, 0x70, 0x61, 0x73, 0x73, 0x2E, 0x0A,
    0x00,
};

const u8 gap_04_8027577D_rodata[3] = {
    0x00, 0x00, 0x00,
};

const u8 lbl_80275780[29] = {
    0x75, 0x6E, 0x65, 0x78, 0x70, 0x65, 0x63, 0x74, 0x65, 0x64, 0x20, 0x61, 0x72, 0x67, 0x75, 0x6D,
    0x65, 0x6E, 0x74, 0x20, 0x66, 0x6F, 0x72, 0x6D, 0x61, 0x74, 0x2E, 0x0A, 0x00,
};

const u8 gap_04_8027579D_rodata[3] = {
    0x00, 0x00, 0x00,
};

const u8 lbl_802757A0[28] = {
    0x75, 0x6E, 0x65, 0x78, 0x70, 0x65, 0x63, 0x74, 0x65, 0x64, 0x20, 0x74, 0x79, 0x70, 0x65, 0x20,
    0x6F, 0x66, 0x20, 0x6F, 0x62, 0x6A, 0x65, 0x63, 0x74, 0x2E, 0x0A, 0x00,
};

const u8 lbl_802757BC[9] = {
    0x6F, 0x62, 0x6A, 0x65, 0x63, 0x74, 0x2E, 0x68, 0x00,
};

const u8 gap_04_802757C5_rodata[3] = {
    0x00, 0x00, 0x00,
};

const u8 lbl_802757C8[39] = {
    0x48, 0x53, 0x44, 0x5F, 0x4F, 0x42, 0x4A, 0x28, 0x6F, 0x29, 0x2D, 0x3E, 0x72, 0x65, 0x66, 0x5F,
    0x63, 0x6F, 0x75, 0x6E, 0x74, 0x20, 0x21, 0x3D, 0x20, 0x48, 0x53, 0x44, 0x5F, 0x4F, 0x42, 0x4A,
    0x5F, 0x4E, 0x4F, 0x52, 0x45, 0x46, 0x00,
};

const u8 gap_04_802757EF_rodata[1] = {
    0x00,
};

const u8 lbl_802757F0[12] = {
    0x00, 0x00, 0x00, 0x00, 0x00, 0x00, 0x00, 0x00, 0x00, 0x00, 0x00, 0x00,
};

const u8 lbl_802757FC[11] = {
    0x73, 0x63, 0x65, 0x6E, 0x65, 0x5F, 0x64, 0x61, 0x74, 0x61, 0x00,
};

const u8 gap_04_80275807_rodata[1] = {
    0x00,
};

const u8 lbl_80275808[40] = {
    0x62, 0x61, 0x74, 0x74, 0x6C, 0x65, 0x47, 0x72, 0x69, 0x64, 0x52, 0x65, 0x70, 0x6C, 0x61, 0x63,
    0x65, 0x50, 0x6F, 0x6B, 0x65, 0x6D, 0x6F, 0x6E, 0x3A, 0x20, 0x4E, 0x55, 0x4C, 0x4C, 0x20, 0x61,
    0x72, 0x67, 0x75, 0x6D, 0x65, 0x6E, 0x74, 0x00,
};

const u8 lbl_80275830[41] = {
    0x62, 0x61, 0x74, 0x74, 0x6C, 0x65, 0x47, 0x72, 0x69, 0x64, 0x52, 0x65, 0x70, 0x6C, 0x61, 0x63,
    0x65, 0x54, 0x72, 0x61, 0x69, 0x6E, 0x65, 0x72, 0x3A, 0x20, 0x4E, 0x55, 0x4C, 0x4C, 0x20, 0x61,
    0x72, 0x67, 0x75, 0x6D, 0x65, 0x6E, 0x74, 0x21, 0x00,
};

const u8 gap_04_80275859_rodata[7] = {
    0x00, 0x00, 0x00, 0x00, 0x00, 0x00, 0x00,
};

const u8 lbl_80275860[59] = {
    0x57, 0x61, 0x72, 0x6E, 0x69, 0x6E, 0x67, 0x3A, 0x20, 0x66, 0x61, 0x64, 0x65, 0x46, 0x6C, 0x75,
    0x69, 0x64, 0x20, 0x63, 0x20, 0x70, 0x61, 0x72, 0x6D, 0x2E, 0x20, 0x4C, 0x69, 0x6D, 0x69, 0x74,
    0x20, 0x4F, 0x76, 0x65, 0x72, 0x21, 0x21, 0x20, 0x2D, 0x3E, 0x20, 0x30, 0x2E, 0x30, 0x66, 0x20,
    0x3C, 0x20, 0x25, 0x66, 0x20, 0x3C, 0x20, 0x25, 0x66, 0x0A, 0x00,
};

const u8 gap_04_8027589B_rodata[5] = {
    0x00, 0x00, 0x00, 0x00, 0x00,
};

const u8 lbl_802758A0[12] = {
    0x00, 0x00, 0x00, 0x00, 0x00, 0x00, 0x00, 0x00, 0x00, 0x00, 0x00, 0x00,
};

const u8 lbl_802758AC[28] = {
    0x83, 0x89, 0x83, 0x43, 0x83, 0x67, 0x5B, 0x25, 0x64, 0x5D, 0x82, 0xCC, 0x8E, 0xE6, 0x93, 0xBE,
    0x82, 0xC9, 0x82, 0xB5, 0x82, 0xC1, 0x82, 0xCF, 0x82, 0xA2, 0x0A, 0x00,
};

const u8 lbl_802758C8[32] = {
    0x5B, 0x25, 0x73, 0x5D, 0x20, 0x83, 0x58, 0x83, 0x8C, 0x83, 0x62, 0x83, 0x68, 0x82, 0xAA, 0x82,
    0xA0, 0x82, 0xE8, 0x82, 0xDC, 0x82, 0xB9, 0x82, 0xF1, 0x0A, 0x00, 0x00, 0x00, 0x00, 0x00, 0x00,
};

const void* lbl_802758E8[3712] = {
    (void*)0x00000000,
    (void*)0x00000000,
    (void*)0x00000000,
    (void*)0x00000000,
    (void*)0x00000000,
    (void*)0x00000000,
    (void*)0x00000000,
    (void*)0x00000000,
    (void*)0x00000000,
    (void*)0x00000000,
    (void*)0x00000000,
    (void*)0x00000000,
    (void*)0x00000000,
    (void*)0x00000000,
    (void*)0x00000000,
    (void*)0x00000000,
    (void*)0x00000000,
    (void*)0x00000000,
    (void*)0x00000000,
    (void*)0x00000000,
    (void*)0x00000000,
    (void*)0x00000000,
    (void*)0x00000000,
    (void*)0x00000000,
    (void*)0x00000000,
    (void*)0x00000000,
    (void*)0x00000000,
    (void*)0x00000000,
    (void*)0x00000000,
    (void*)0x00000000,
    (void*)0x00000000,
    (void*)0x00000000,
    (void*)0x00000000,
    (void*)0x00000000,
    (void*)0x00000000,
    (void*)0x00000000,
    (void*)0x00000000,
    (void*)0x00000000,
    (void*)0x00000000,
    (void*)0x00000000,
    (void*)0x00000000,
    (void*)0x00000000,
    (void*)0x00000000,
    (void*)0x00000000,
    (void*)0x00000000,
    (void*)0x00000000,
    (void*)0x00000000,
    (void*)0x00000000,
    (void*)0x00000000,
    (void*)0x00000000,
    (void*)0x00000000,
    (void*)0x00000000,
    (void*)0x00000000,
    (void*)0x00000000,
    (void*)0x20136159,
    (void*)0x899591B5,
    (void*)0x00000000,
    (void*)0x00000000,
    (void*)0x00000000,
    (void*)0x00000000,
    (void*)0x00000000,
    (void*)0x00000000,
    (void*)0x95B499D5,
    (void*)0x95B6626A,
    (void*)0x00000000,
    (void*)0x00000000,
    (void*)0x00000000,
    (void*)0x00000000,
    (void*)0x00000000,
    (void*)0x00000000,
    (void*)0x21230000,
    (void*)0x00000000,
    (void*)0x00000000,
    (void*)0x00000000,
    (void*)0x00000000,
    (void*)0x00000000,
    (void*)0x00000000,
    (void*)0x00000000,
    (void*)0x00004135,
    (void*)0x89748D95,
    (void*)0x00000000,
    (void*)0x00000000,
    (void*)0x00000000,
    (void*)0x00000000,
    (void*)0x00013134,
    (void*)0x40252123,
    (void*)0x95B491B5,
    (void*)0x897495B6,
    (void*)0x00000000,
    (void*)0x00000000,
    (void*)0x00000000,
    (void*)0x00000000,
    (void*)0x00000000,
    (void*)0x0000A1F5,
    (void*)0x52470000,
    (void*)0xA1D48974,
    (void*)0x00006036,
    (void*)0x85753124,
    (void*)0x62588972,
    (void*)0xB62E99D5,
    (void*)0xB62EFF20,
    (void*)0xFF2095D2,
    (void*)0x89728572,
    (void*)0x8DB45047,
    (void*)0x00000000,
    (void*)0x00000000,
    (void*)0x00000000,
    (void*)0x00000000,
    (void*)0x61590000,
    (void*)0x00000000,
    (void*)0x00015146,
    (void*)0x61596159,
    (void*)0x00000000,
    (void*)0x00000000,
    (void*)0x00000000,
    (void*)0x00000000,
    (void*)0x00000000,
    (void*)0x00000000,
    (void*)0x85328D74,
    (void*)0x99D599D5,
    (void*)0x00000000,
    (void*)0x00000000,
    (void*)0x00000000,
    (void*)0x00000000,
    (void*)0x00000000,
    (void*)0x00000000,
    (void*)0x62690000,
    (void*)0x00000000,
    (void*)0x00000000,
    (void*)0x00000000,
    (void*)0x00000000,
    (void*)0x00000000,
    (void*)0x00000000,
    (void*)0x00000000,
    (void*)0x10010000,
    (void*)0x00000000,
    (void*)0x00000000,
    (void*)0x00000000,
    (void*)0x00000000,
    (void*)0x00000000,
    (void*)0x00000000,
    (void*)0x00000000,
    (void*)0x00000000,
    (void*)0x00000000,
    (void*)0x00000000,
    (void*)0x00000000,
    (void*)0x00000000,
    (void*)0x00000000,
    (void*)0x00000000,
    (void*)0x00000000,
    (void*)0x00000000,
    (void*)0x00000000,
    (void*)0x00000000,
    (void*)0x00000000,
    (void*)0x00000000,
    (void*)0x00000000,
    (void*)0x00000000,
    (void*)0x00000000,
    (void*)0x00000000,
    (void*)0x00000000,
    (void*)0x00000000,
    (void*)0x00000000,
    (void*)0x00000000,
    (void*)0x00000000,
    (void*)0x00000000,
    (void*)0x00000000,
    (void*)0x00000000,
    (void*)0x00000000,
    (void*)0x00000000,
    (void*)0x00000000,
    (void*)0x00000000,
    (void*)0x00000000,
    (void*)0x00000000,
    (void*)0x00000000,
    (void*)0x00000000,
    (void*)0x00000000,
    (void*)0x00000000,
    (void*)0x00000000,
    (void*)0x00000000,
    (void*)0x00000000,
    (void*)0x00000000,
    (void*)0x00000000,
    (void*)0x00000000,
    (void*)0x00000000,
    (void*)0x00000000,
    (void*)0x00000000,
    (void*)0x00000000,
    (void*)0x00000000,
    (void*)0x00000000,
    (void*)0x00000000,
    (void*)0x00000000,
    (void*)0x00000000,
    (void*)0x00000000,
    (void*)0x00000000,
    (void*)0x00000000,
    (void*)0x00000000,
    (void*)0x00000000,
    (void*)0x00000000,
    (void*)0x00000000,
    (void*)0x00000000,
    (void*)0x00000000,
    (void*)0x00000000,
    (void*)0x00000000,
    (void*)0x00000000,
    (void*)0x00000000,
    (void*)0x00000000,
    (void*)0x00000000,
    (void*)0x00000000,
    (void*)0x00000000,
    (void*)0x00000000,
    (void*)0x00000000,
    (void*)0x00000000,
    (void*)0x00000000,
    (void*)0x00000000,
    (void*)0x00000000,
    (void*)0x00000000,
    (void*)0x00000000,
    (void*)0x00000000,
    (void*)0x00000000,
    (void*)0x00000000,
    (void*)0x00000000,
    (void*)0x00000000,
    (void*)0x00000000,
    (void*)0x00000000,
    (void*)0x00000000,
    (void*)0x00000000,
    (void*)0x00000000,
    (void*)0x00000000,
    (void*)0x00000000,
    (void*)0x00000000,
    (void*)0x00000000,
    (void*)0x00000000,
    (void*)0x00000000,
    (void*)0x40358974,
    (void*)0x000084EF,
    (void*)0x8574C64A,
    (void*)0x0000850F,
    (void*)0x8132BA2C,
    (void*)0x00004024,
    (void*)0x8D528953,
    (void*)0x95B3B22E,
    (void*)0xCE69E2C5,
    (void*)0xF702FF20,
    (void*)0xFF20FF21,
    (void*)0xFF40FF20,
    (void*)0xFF20FF20,
    (void*)0xBA2BDAA6,
    (void*)0xFF20FF20,
    (void*)0xEEE3EAE4,
    (void*)0xDAA7BA2E,
    (void*)0xFF20FF20,
    (void*)0xFF40FF20,
    (void*)0xFF20C24A,
    (void*)0xC649F702,
    (void*)0xFB019592,
    (void*)0x80F3D687,
    (void*)0x99D64135,
    (void*)0x00000000,
    (void*)0xD6A895B5,
    (void*)0x00000000,
    (void*)0xFB21A9F1,
    (void*)0x31351012,
    (void*)0xFF209DD2,
    (void*)0x9195ADF0,
    (void*)0x85108972,
    (void*)0xBA2CE6C5,
    (void*)0x95738973,
    (void*)0xBA2CFF20,
    (void*)0x95B68134,
    (void*)0x9591FB01,
    (void*)0xB62EA5CF,
    (void*)0x9193EEE3,
    (void*)0xFB018D95,
    (void*)0xAA0FE2C6,
    (void*)0xFF20A5D0,
    (void*)0xF303FF20,
    (void*)0xFF20F2E2,
    (void*)0xFF20FF20,
    (void*)0xFF20FF20,
    (void*)0xFB01A9EF,
    (void*)0xA5F39173,
    (void*)0x85128553,
    (void*)0xFB019DD3,
    (void*)0xA1F1F2E2,
    (void*)0xC66999B1,
    (void*)0xFF20E2C5,
    (void*)0x8136B20D,
    (void*)0xFF20ADEF,
    (void*)0x85728D92,
    (void*)0x99D399B6,
    (void*)0xFF20FF20,
    (void*)0xFF2095B4,
    (void*)0xB1EC9990,
    (void*)0xFF20CE69,
    (void*)0xD268FF20,
    (void*)0xCE699193,
    (void*)0x8D518532,
    (void*)0xA9EFCA6A,
    (void*)0x95B48554,
    (void*)0xDAA7FF40,
    (void*)0x89738973,
    (void*)0xE6C5FF20,
    (void*)0x85549591,
    (void*)0xF702FF20,
    (void*)0xB62D91B3,
    (void*)0xEEE3D288,
    (void*)0xF302AE0E,
    (void*)0xFF21EAE4,
    (void*)0xFB21DEA6,
    (void*)0xFF20F702,
    (void*)0xFF21FF20,
    (void*)0xFF21FB21,
    (void*)0x95B60000,
    (void*)0x00005025,
    (void*)0x95B50001,
    (void*)0x00009150,
    (void*)0x9DD34147,
    (void*)0x61489595,
    (void*)0xA1D199B3,
    (void*)0xBA2CD289,
    (void*)0x853295B5,
    (void*)0x99B56259,
    (void*)0x8553BA2C,
    (void*)0xDEC6CE8A,
    (void*)0x85549191,
    (void*)0xFB21FF40,
    (void*)0xC24B99B1,
    (void*)0xE2C5FF20,
    (void*)0x41461001,
    (void*)0x00000000,
    (void*)0xAA118D74,
    (void*)0x919495B5,
    (void*)0xDAA78576,
    (void*)0xAE0EDAA7,
    (void*)0xEEE48974,
    (void*)0xD688FF20,
    (void*)0x00000000,
    (void*)0x00000000,
    (void*)0x62592124,
    (void*)0x00000000,
    (void*)0xC24C95B5,
    (void*)0x41350000,
    (void*)0xDAA68D75,
    (void*)0x00000000,
    (void*)0x00000000,
    (void*)0x00000000,
    (void*)0x00000000,
    (void*)0x00000000,
    (void*)0x00000000,
    (void*)0x00000000,
    (void*)0x00000000,
    (void*)0x00000000,
    (void*)0x00000000,
    (void*)0x00000000,
    (void*)0x00000000,
    (void*)0x00000000,
    (void*)0x00000000,
    (void*)0x00000000,
    (void*)0x00000000,
    (void*)0x00000000,
    (void*)0x00000000,
    (void*)0x00000000,
    (void*)0x00000000,
    (void*)0x00000000,
    (void*)0x00000000,
    (void*)0x00000000,
    (void*)0x00000000,
    (void*)0x00000000,
    (void*)0x00000000,
    (void*)0x00000000,
    (void*)0x00000000,
    (void*)0x00000000,
    (void*)0x00000000,
    (void*)0x00000000,
    (void*)0x00000000,
    (void*)0x00000000,
    (void*)0x00000000,
    (void*)0x00000000,
    (void*)0x00000000,
    (void*)0x00000000,
    (void*)0x00000000,
    (void*)0x00000000,
    (void*)0x00000000,
    (void*)0x00000000,
    (void*)0x00000000,
    (void*)0x00000000,
    (void*)0x00000000,
    (void*)0x00000000,
    (void*)0x00000000,
    (void*)0x00000000,
    (void*)0x00000000,
    (void*)0x00000000,
    (void*)0x00000000,
    (void*)0x00000000,
    (void*)0x00000000,
    (void*)0x00000000,
    (void*)0x00000000,
    (void*)0x00000000,
    (void*)0x00000000,
    (void*)0x00000000,
    (void*)0x00000000,
    (void*)0x00000000,
    (void*)0x00000000,
    (void*)0x00000000,
    (void*)0x00004111,
    (void*)0xA0E7ACE7,
    (void*)0x6111A864,
    (void*)0xCC43D843,
    (void*)0x00000000,
    (void*)0x00000000,
    (void*)0x21112222,
    (void*)0x11111111,
    (void*)0xB4E7B4E7,
    (void*)0xB508B529,
    (void*)0xD843DC42,
    (void*)0xDC42D842,
    (void*)0x00000000,
    (void*)0x00000000,
    (void*)0x00000000,
    (void*)0x00000000,
    (void*)0xB54AB98C,
    (void*)0x67663322,
    (void*)0xD443CC43,
    (void*)0xC084B129,
    (void*)0x00000000,
    (void*)0x62589593,
    (void*)0x00000000,
    (void*)0x00016247,
    (void*)0x00000000,
    (void*)0x00000000,
    (void*)0xA94A6444,
    (void*)0x00000000,
    (void*)0x85549172,
    (void*)0xF2E3FF20,
    (void*)0x8D318133,
    (void*)0xBE2BFF20,
    (void*)0x40248511,
    (void*)0x9172EEE3,
    (void*)0x000080EF,
    (void*)0x8112BA0C,
    (void*)0xFF20B60E,
    (void*)0x8554FB01,
    (void*)0xFF20FB01,
    (void*)0xF701F701,
    (void*)0xFF20FF20,
    (void*)0xCE698534,
    (void*)0xFF20FF21,
    (void*)0xB60E8534,
    (void*)0xFB0199B2,
    (void*)0xEAE3FF20,
    (void*)0xA9CEDEA6,
    (void*)0xFF209591,
    (void*)0x9172F702,
    (void*)0xFF208953,
    (void*)0x8D52EAE4,
    (void*)0xFF20FF20,
    (void*)0xF702FF20,
    (void*)0xC64ABA2C,
    (void*)0x9991FF20,
    (void*)0xF702A5CF,
    (void*)0x8D73F701,
    (void*)0xF702A5D0,
    (void*)0xFF20FF20,
    (void*)0xBA0CA5D0,
    (void*)0xFF20FF20,
    (void*)0xE2A5A5D0,
    (void*)0xFF20FF20,
    (void*)0xFF20FF20,
    (void*)0xFF20BA2C,
    (void*)0xA1AFF701,
    (void*)0xFF20CA4A,
    (void*)0x81138532,
    (void*)0x89758554,
    (void*)0xFF20FF20,
    (void*)0xEAC4ADEE,
    (void*)0x8554F702,
    (void*)0xFF20F702,
    (void*)0xB60D8554,
    (void*)0xB1ECCA49,
    (void*)0xF702FB21,
    (void*)0xFF20CE69,
    (void*)0xCE69FF20,
    (void*)0xFF20FF20,
    (void*)0xFF20FB20,
    (void*)0x85548554,
    (void*)0x9D908532,
    (void*)0xB60D8114,
    (void*)0x602684CF,
    (void*)0xC64A9193,
    (void*)0xEEE3FF20,
    (void*)0xADEEA9CF,
    (void*)0xFF21E2A6,
    (void*)0x8133DAA6,
    (void*)0xFF20C22B,
    (void*)0x8932ADCE,
    (void*)0xCA4AA5AF,
    (void*)0xFB21FB21,
    (void*)0xFF20D288,
    (void*)0xD688FB21,
    (void*)0xFF20A9CF,
    (void*)0x9DB1CE69,
    (void*)0xFB21CE68,
    (void*)0x85338554,
    (void*)0xC64AE2A6,
    (void*)0xA9EED687,
    (void*)0xFB21FF20,
    (void*)0xEEE3FB01,
    (void*)0x85548554,
    (void*)0xF2E3FF20,
    (void*)0x95718953,
    (void*)0x8554E2A6,
    (void*)0xFF20FF20,
    (void*)0xFB01E6C4,
    (void*)0xB20DFF20,
    (void*)0xCA69FF20,
    (void*)0xADEEF302,
    (void*)0xFF20EEE3,
    (void*)0x8554F701,
    (void*)0xF2E38554,
    (void*)0xFB01E6C5,
    (void*)0xFF20A9EF,
    (void*)0xF701FF20,
    (void*)0xFF20E2C5,
    (void*)0xFF20F302,
    (void*)0xFF20FF20,
    (void*)0xFF20BA2C,
    (void*)0xFB01FF20,
    (void*)0xFF209992,
    (void*)0xA9EF6149,
    (void*)0x00000000,
    (void*)0x91741012,
    (void*)0x00000000,
    (void*)0x89540000,
    (void*)0x00000000,
    (void*)0x31240000,
    (void*)0x00009484,
    (void*)0x00000000,
    (void*)0x00000000,
    (void*)0x00000000,
    (void*)0x00000000,
    (void*)0x21004433,
    (void*)0x55446555,
    (void*)0x90639063,
    (void*)0xC0A5C484,
    (void*)0x00000000,
    (void*)0x00000000,
    (void*)0x00000000,
    (void*)0x00000000,
    (void*)0x6655A0C6,
    (void*)0xA908B129,
    (void*)0xBCA59CE7,
    (void*)0x9442D463,
    (void*)0x00000000,
    (void*)0x00000000,
    (void*)0x11113222,
    (void*)0x11110000,
    (void*)0xB0E8ACE7,
    (void*)0xBDAD0000,
    (void*)0xD843CC42,
    (void*)0xB54A1211,
    (void*)0x00000000,
    (void*)0x00000000,
    (void*)0x00000000,
    (void*)0x00000000,
    (void*)0x00000000,
    (void*)0x00000000,
    (void*)0x00000000,
    (void*)0x00000000,
    (void*)0x00000000,
    (void*)0x00000000,
    (void*)0x00000000,
    (void*)0x00000000,
    (void*)0x00000000,
    (void*)0x00000000,
    (void*)0x00000000,
    (void*)0x00000000,
    (void*)0x00000000,
    (void*)0x00000000,
    (void*)0x00000000,
    (void*)0x00000000,
    (void*)0x00000000,
    (void*)0x00000000,
    (void*)0x00000000,
    (void*)0x00000000,
    (void*)0x00000000,
    (void*)0x00004200,
    (void*)0x00000000,
    (void*)0x00008821,
    (void*)0x00000000,
    (void*)0x5000A863,
    (void*)0x00000000,
    (void*)0x8821D064,
    (void*)0xA443DC43,
    (void*)0xDC43DC43,
    (void*)0xD064DC43,
    (void*)0xDC43DC43,
    (void*)0xE063DC43,
    (void*)0xDC43E043,
    (void*)0xDC43DC43,
    (void*)0xDC43DC43,
    (void*)0xDC43CC63,
    (void*)0xBC63D864,
    (void*)0xD4639CA5,
    (void*)0x8442CC64,
    (void*)0xC4848CA5,
    (void*)0x9C42DC63,
    (void*)0xB0A58463,
    (void*)0xBC63E043,
    (void*)0xDC43DC43,
    (void*)0xE043C863,
    (void*)0xDC43DC43,
    (void*)0xDC43D443,
    (void*)0xDC43DC43,
    (void*)0xDC43C864,
    (void*)0xDC43DC43,
    (void*)0xDC43B8A5,
    (void*)0xA94AA108,
    (void*)0x64440000,
    (void*)0xA0E794A5,
    (void*)0x9CE72111,
    (void*)0x90848000,
    (void*)0x98A5B0A5,
    (void*)0x84428821,
    (void*)0xCC63DC43,
    (void*)0x00005024,
    (void*)0x80CF8D52,
    (void*)0x54445344,
    (void*)0x88EF80F2,
    (void*)0xC0A5C4C5,
    (void*)0xACC880CF,
    (void*)0xD063D863,
    (void*)0xDC42A0AA,
    (void*)0xEAC4FF40,
    (void*)0xD6888D74,
    (void*)0xB60CFF40,
    (void*)0xF7029DB3,
    (void*)0x8D52E2C6,
    (void*)0xDAA795B3,
    (void*)0x81118D31,
    (void*)0x94EFA8CC,
    (void*)0x8111A5CE,
    (void*)0xE2C5F702,
    (void*)0x89318111,
    (void*)0x89328D31,
    (void*)0x9D4FA52A,
    (void*)0x8CA86024,
    (void*)0xC865A8C6,
    (void*)0x90834000,
    (void*)0xF701BA0C,
    (void*)0x8534A5D0,
    (void*)0x89118512,
    (void*)0x89538D52,
    (void*)0x00006234,
    (void*)0x94EAA0C9,
    (void*)0x9042AC83,
    (void*)0xD043D443,
    (void*)0xFF20C22C,
    (void*)0x51376036,
    (void*)0x91718D52,
    (void*)0x21230000,
    (void*)0xA4C9A92A,
    (void*)0xB9CE3444,
    (void*)0xD063D442,
    (void*)0xC463B98C,
    (void*)0x80F08112,
    (void*)0x9570C64A,
    (void*)0x00005025,
    (void*)0x80F08112,
    (void*)0x00003011,
    (void*)0x9D099CE9,
    (void*)0x9CE69842,
    (void*)0xC863D443,
    (void*)0xB60E9154,
    (void*)0x00006026,
    (void*)0x85339973,
    (void*)0x00000000,
    (void*)0x98CAA92A,
    (void*)0xB9AD6766,
    (void*)0xD063D443,
    (void*)0xC843B908,
    (void*)0x80EF80F1,
    (void*)0x80F28111,
    (void*)0x00000000,
    (void*)0x00000000,
    (void*)0x20003000,
    (void*)0x9CE7A929,
    (void*)0xAD6B8C42,
    (void*)0xB864D443,
    (void*)0x81108113,
    (void*)0xB1EDF303,
    (void*)0x61368510,
    (void*)0x89329151,
    (void*)0xAD08A8E9,
    (void*)0xA12B9D4F,
    (void*)0xD443D463,
    (void*)0xD043C0C6,
    (void*)0xC22B8554,
    (void*)0x85548554,
    (void*)0xA5AE8D53,
    (void*)0x851284F1,
    (void*)0x88CC88AB,
    (void*)0xA52B9D0B,
    (void*)0xA5288C42,
    (void*)0xCC63D843,
    (void*)0x8554DEA6,
    (void*)0xFB21B1EE,
    (void*)0x8933BA0C,
    (void*)0xC22AA5AF,
    (void*)0x90CB88CE,
    (void*)0x80F19D90,
    (void*)0xD843D843,
    (void*)0xA0AB8511,
    (void*)0xFB01FF20,
    (void*)0xDAA68D55,
    (void*)0xFF21FF20,
    (void*)0xB20E5247,
    (void*)0xF702F2E3,
    (void*)0x9950A929,
    (void*)0x997099B1,
    (void*)0x98658400,
    (void*)0x00000000,
    (void*)0x10009084,
    (void*)0x00001111,
    (void*)0x111194A5,
    (void*)0xA907B508,
    (void*)0xB4E7AD08,
    (void*)0x8000D842,
    (void*)0xDC22BCA6,
    (void*)0x8C638C42,
    (void*)0xD464E043,
    (void*)0x90638842,
    (void*)0xC884DC43,
    (void*)0x94A58442,
    (void*)0xBC64E043,
    (void*)0x98E78442,
    (void*)0xB063E063,
    (void*)0xD842ACE7,
    (void*)0x98A5D843,
    (void*)0xDC43C484,
    (void*)0x98C6D063,
    (void*)0xDC43D843,
    (void*)0xA4A5CC84,
    (void*)0xDC43DC43,
    (void*)0xC084C484,
    (void*)0xDC43DC43,
    (void*)0xB8A56777,
    (void*)0xDC43DC43,
    (void*)0xCC42B58C,
    (void*)0xDC43DC43,
    (void*)0xDC42BCC7,
    (void*)0xDC43DC43,
    (void*)0xDC43C863,
    (void*)0x00000000,
    (void*)0x00000000,
    (void*)0x00000000,
    (void*)0x00000000,
    (void*)0x45550000,
    (void*)0x00000000,
    (void*)0xB9CE0000,
    (void*)0x00000000,
    (void*)0x00000000,
    (void*)0x00000000,
    (void*)0x00000000,
    (void*)0x00000000,
    (void*)0x00000000,
    (void*)0x00000000,
    (void*)0x00000000,
    (void*)0x00000000,
    (void*)0x00000000,
    (void*)0x00000000,
    (void*)0x00000000,
    (void*)0x00000000,
    (void*)0x00000000,
    (void*)0x00000000,
    (void*)0x00000000,
    (void*)0x00000000,
    (void*)0x00006000,
    (void*)0xAC63E063,
    (void*)0x00008821,
    (void*)0xD064DC43,
    (void*)0x6000B063,
    (void*)0xE043DC43,
    (void*)0x8C21D464,
    (void*)0xDC43DC43,
    (void*)0xDC43DC43,
    (void*)0xDC43D063,
    (void*)0xDC43DC43,
    (void*)0xDC43BC85,
    (void*)0xDC43DC43,
    (void*)0xD843A4C6,
    (void*)0xDC43DC43,
    (void*)0xC46498C6,
    (void*)0x98A59442,
    (void*)0xD864DC43,
    (void*)0x8CA5AC63,
    (void*)0xD863D063,
    (void*)0x88638C42,
    (void*)0x90429043,
    (void*)0x8C638C84,
    (void*)0x98E798E7,
    (void*)0xDC43DC43,
    (void*)0xD843A0A5,
    (void*)0xD063D063,
    (void*)0xBC648C63,
    (void*)0x90638C63,
    (void*)0x8C638421,
    (void*)0x9D08A108,
    (void*)0x98C68000,
    (void*)0x8421C443,
    (void*)0xE043D463,
    (void*)0x8C21DC63,
    (void*)0xE043C464,
    (void*)0xA042E063,
    (void*)0xDC43AC84,
    (void*)0xC064E043,
    (void*)0xD8439463,
    (void*)0x98A5C064,
    (void*)0xE043CC64,
    (void*)0x8421B442,
    (void*)0xDC43D443,
    (void*)0x8821C843,
    (void*)0xE043C864,
    (void*)0x9022DC63,
    (void*)0xE043BCA5,
    (void*)0x94EB8C86,
    (void*)0xD064E042,
    (void*)0x80009042,
    (void*)0xDC63DC43,
    (void*)0x8842A042,
    (void*)0xE063E043,
    (void*)0x8021B442,
    (void*)0xE043DC43,
    (void*)0xD8439063,
    (void*)0x90638400,
    (void*)0xCC648421,
    (void*)0x8C428400,
    (void*)0xC0848842,
    (void*)0x90428400,
    (void*)0xB8A58842,
    (void*)0x90638821,
    (void*)0x9442DC63,
    (void*)0xE043BC64,
    (void*)0xA863E063,
    (void*)0xDC43B0A5,
    (void*)0xB863E043,
    (void*)0xD843ACA5,
    (void*)0xC464E043,
    (void*)0xD843A4A6,
    (void*)0x9CA5D863,
    (void*)0xE042C085,
    (void*)0x9CA5D863,
    (void*)0xE043C485,
    (void*)0xA484DC63,
    (void*)0xE043C0A5,
    (void*)0xAC84E063,
    (void*)0xE043BCA5,
    (void*)0x90C6B843,
    (void*)0xE443D463,
    (void*)0x90C6C063,
    (void*)0xE043D443,
    (void*)0x84219421,
    (void*)0xD864E043,
    (void*)0x80008421,
    (void*)0x9063B485,
    (void*)0x98A5C084,
    (void*)0xE443D063,
    (void*)0xA8C6A4C6,
    (void*)0xAC84A063,
    (void*)0xD843C463,
    (void*)0x80008842,
    (void*)0xD464E043,
    (void*)0xD842C0A5,
    (void*)0x9CE79863,
    (void*)0xDC63E043,
    (void*)0x94A59863,
    (void*)0xDC64DC43,
    (void*)0x84219084,
    (void*)0xBC63E063,
    (void*)0x88429084,
    (void*)((u8*)fn_8021A878 + 0xC),
    (void*)0xB4A5A4A5,
    (void*)0xE063E022,
    (void*)0xC0859CE6,
    (void*)0xB084B043,
    (void*)0xDC43CC63,
    (void*)0xB0C690A5,
    (void*)0xC884E043,
    (void*)0xDC42BC63,
    (void*)0xB8E78C84,
    (void*)0xC464E043,
    (void*)0xA0848CA5,
    (void*)0xB863E043,
    (void*)0x84218442,
    (void*)0xAC63E063,
    (void*)0x9CA58000,
    (void*)0x9C42DC64,
    (void*)0xDC43CC63,
    (void*)0xBC4398C8,
    (void*)0xD843A8C6,
    (void*)0x84218842,
    (void*)0xD843C884,
    (void*)0xB084A8E7,
    (void*)0xDC43E043,
    (void*)0xE422C0A6,
    (void*)0x84ABA0AC,
    (void*)0xC844A042,
    (void*)0x8400D084,
    (void*)0xE043D064,
    (void*)0x8000B863,
    (void*)0xE043D843,
    (void*)0x8021A463,
    (void*)0xE064DC43,
    (void*)0x8821C443,
    (void*)0xE043C864,
    (void*)0x8C63A842,
    (void*)0xE043D443,
    (void*)0x94639C42,
    (void*)0xE043D842,
    (void*)0xA4648C42,
    (void*)0xD863E043,
    (void*)0xA1088442,
    (void*)0xA463DC64,
    (void*)0xA9088C84,
    (void*)0x9863DC64,
    (void*)0xB4C790A5,
    (void*)0x9042D464,
    (void*)0xC08598E7,
    (void*)0x8821D064,
    (void*)0xDC43DC43,
    (void*)0xD863D064,
    (void*)0xDC43DC43,
    (void*)0xDC43DC43,
    (void*)0xDC43CC64,
    (void*)0xD484DC43,
    (void*)0xE043C863,
    (void*)0xB8A5DC43,
    (void*)0xDC43DC43,
    (void*)0xDC43D842,
    (void*)0xD843DC43,
    (void*)0xDC43DC43,
    (void*)0xDC43D864,
    (void*)0xD843DC43,
    (void*)0xDC43C084,
    (void*)0xCC84DC43,
    (void*)0xB5084444,
    (void*)0x00000000,
    (void*)0xC064BDAD,
    (void*)0x00000000,
    (void*)0xD442B529,
    (void*)0x33330000,
    (void*)0xDC43BC84,
    (void*)0xBDAD0000,
    (void*)0x00000000,
    (void*)0x00000000,
    (void*)0x00000000,
    (void*)0x00000000,
    (void*)0x00000000,
    (void*)0x00000000,
    (void*)0x00000000,
    (void*)0x00000000,
    (void*)0x00000000,
    (void*)0x00005000,
    (void*)0x00000000,
    (void*)0x00008421,
    (void*)0x00000000,
    (void*)0x5000A863,
    (void*)0x00000000,
    (void*)0x8821CC64,
    (void*)0xB063E043,
    (void*)0xDC43DC43,
    (void*)0xD063DC43,
    (void*)0xDC43DC43,
    (void*)0xDC63DC43,
    (void*)0xDC43DC43,
    (void*)0xDC43DC43,
    (void*)0xDC43DC43,
    (void*)0xDC43DC43,
    (void*)0xB0A68C84,
    (void*)0xDC43D063,
    (void*)0x9CC68442,
    (void*)0xDC43BC85,
    (void*)0x90A59442,
    (void*)0xD843A4C6,
    (void*)0x8463B463,
    (void*)0x9884B4C7,
    (void*)0xB8C7B8C6,
    (void*)0xBC63DC43,
    (void*)0xDC43DC43,
    (void*)0xD864DC43,
    (void*)0xDC43DC43,
    (void*)0xE043DC43,
    (void*)0xDC43E043,
    (void*)0xBCA5B0C6,
    (void*)0x88638821,
    (void*)0xE042A885,
    (void*)0x84219842,
    (void*)0xD0639063,
    (void*)0x8021B463,
    (void*)0xC4848C63,
    (void*)0x8421C864,
    (void*)0xD464DC43,
    (void*)0xD0638842,
    (void*)0xDC63E043,
    (void*)0xC0848421,
    (void*)0xE043DC43,
    (void*)0xB0A58C42,
    (void*)0xDC43D843,
    (void*)0xAC64B863,
    (void*)0xA442E043,
    (void*)0xDC43B0C6,
    (void*)0xC443DC43,
    (void*)0xD4439CA5,
    (void*)0xD863E043,
    (void*)0xC4649084,
    (void*)0xE043DC43,
    (void*)0xB0A58442,
    (void*)0x8000C463,
    (void*)0xE043D843,
    (void*)0x8400D064,
    (void*)0xDC43DC43,
    (void*)0x8400D863,
    (void*)0xDC43DC43,
    (void*)0x9C42E064,
    (void*)0xE043DC64,
    (void*)0xB0A5A4E7,
    (void*)0x8C638421,
    (void*)0xD843D443,
    (void*)0xA0C69063,
    (void*)0xE043D063,
    (void*)0x9CE79063,
    (void*)0xE063C484,
    (void*)0x9CE78442,
    (void*)0xCC64DC43,
    (void*)0xD8439CC6,
    (void*)0xD463DC43,
    (void*)0xD46394C5,
    (void*)0xD864E043,
    (void*)0xD843B463,
    (void*)0xB084D464,
    (void*)0xD863D464,
    (void*)0xB064E043,
    (void*)0xDC43B8A6,
    (void*)0xB864E043,
    (void*)0xDC43B0C6,
    (void*)0xD463E043,
    (void*)0xC0649084,
    (void*)0xC863AC63,
    (void*)0x88424000,
    (void*)((u8*)fn_80007FDC + 0x24),
    (void*)0x8400ACA5,
    (void*)0x8421BC42,
    (void*)0xE042D043,
    (void*)((u8*)fn_800096B4 + 0x1DD0),
    (void*)0xE064DC63,
    (void*)0x60008421,
    (void*)0xA063BC63,
    (void*)0x9CC6C484,
    (void*)0xE043DC22,
    (void*)0x98E7A884,
    (void*)0xE063E043,
    (void*)0xD464D864,
    (void*)0xE064CC43,
    (void*)0xCC63D063,
    (void*)0xA8438821,
    (void*)0xACA58C83,
    (void*)0x8821ACC6,
    (void*)0xBCA68C84,
    (void*)0xCC43E043,
    (void*)0xA4A594C6,
    (void*)0xB464E064,
    (void*)0x51112111,
    (void*)0x9084A063,
    (void*)0xA0A5ACA5,
    (void*)0xD464E043,
    (void*)0xCC6494E7,
    (void*)0xB464E043,
    (void*)0xDC63D484,
    (void*)0xD864DC63,
    (void*)0xC063D464,
    (void*)0xDC64D864,
    (void*)0xD0438000,
    (void*)0x9042D863,
    (void*)0xDC42B4C6,
    (void*)0x98A5D443,
    (void*)0xE043B8A5,
    (void*)0x90A5D064,
    (void*)0xB8439884,
    (void*)0x8C84C484,
    (void*)0xDC43D463,
    (void*)0xBC849021,
    (void*)0xDC43D063,
    (void*)0x94A58000,
    (void*)0xDC43D843,
    (void*)0xC464B884,
    (void*)0xDC63DC64,
    (void*)0xE043E443,
    (void*)0x80009463,
    (void*)0xD864E043,
    (void*)0x80008421,
    (void*)0xCC84E043,
    (void*)0xA4A58000,
    (void*)0xB463E043,
    (void*)0xD0638863,
    (void*)0x9442E064,
    (void*)0xC0648421,
    (void*)0xD064E043,
    (void*)0xD4638842,
    (void*)0xB063E043,
    (void*)0xD843A4A5,
    (void*)0xA484DC63,
    (void*)0xE043CC64,
    (void*)0xA4A5DC64,
    (void*)0xD063A508,
    (void*)0x8842C463,
    (void*)0xD842B0E7,
    (void*)0x8C84BC63,
    (void*)0xDC43BCA5,
    (void*)0x90C6B443,
    (void*)0xDC43CC64,
    (void*)0x98E7A863,
    (void*)0xE043D843,
    (void*)0xA8A5D064,
    (void*)0xE043DC43,
    (void*)0xB085B8A5,
    (void*)0xE043DC43,
    (void*)0xC4649CA5,
    (void*)0xE063DC43,
    (void*)0xD443AD29,
    (void*)0xE043BC84,
    (void*)0xB8A5E043,
    (void*)0xE863C464,
    (void*)0xA4C6D863,
    (void*)0xAC63A463,
    (void*)0x90A5C864,
    (void*)0x90A58C84,
    (void*)0x8843B063,
    (void*)0xDC43D042,
    (void*)0xB54A2222,
    (void*)0xDC43DC43,
    (void*)0xBC85B9CE,
    (void*)0xDC43DC43,
    (void*)0xD042B56B,
    (void*)0xE063DC43,
    (void*)0xDC42BCC6,
    (void*)0x00000000,
    (void*)0x00000000,
    (void*)0x00000000,
    (void*)0x00000000,
    (void*)0x00000000,
    (void*)0x00000000,
    (void*)0x55550000,
    (void*)0x00000000,
    (void*)0x00005000,
    (void*)0xA863E063,
    (void*)0x00008821,
    (void*)0xD064DC43,
    (void*)0x5000AC63,
    (void*)0xE063DC43,
    (void*)0x8C21D064,
    (void*)0xDC43DC43,
    (void*)0xDC43DC43,
    (void*)0xDC43DC43,
    (void*)0xDC43DC43,
    (void*)0xDC43DC43,
    (void*)0xDC43DC43,
    (void*)0xDC43DC43,
    (void*)0xDC43DC43,
    (void*)0xDC43DC43,
    (void*)0xC86498E7,
    (void*)0x9863D463,
    (void*)0xD463C484,
    (void*)0xD463DC43,
    (void*)0xDC43DC43,
    (void*)0xDC43DC43,
    (void*)0xDC43DC43,
    (void*)0xE043DC64,
    (void*)0xDC43DC43,
    (void*)0xDC43DC43,
    (void*)0xDC43DC43,
    (void*)0xE043C464,
    (void*)0xE043DC63,
    (void*)0xC4649464,
    (void*)0xC464A043,
    (void*)0x84218000,
    (void*)0xACA58842,
    (void*)0x8821D464,
    (void*)0x90848000,
    (void*)((u8*)fn_800096B4 + 0x21D0),
    (void*)((u8*)_dbgMenuFightGetWazaDataIdSub + 0x4),
    (void*)0x20008000,
    (void*)0x60000000,
    (void*)0x00000000,
    (void*)0xDC43DC43,
    (void*)0xDC43E043,
    (void*)0xDC64D464,
    (void*)0xC463B043,
    (void*)0x94428C21,
    (void*)0x84206000,
    (void*)0x00000000,
    (void*)0x00000000,
    (void*)0xDC63B864,
    (void*)0x8C638000,
    (void*)0x9C428821,
    (void*)((u8*)fn_80005FFC + 0x4),
    (void*)0x20000000,
    (void*)0x00000000,
    (void*)0x00000000,
    (void*)0x00000000,
    (void*)0xA463BC64,
    (void*)0xB063A442,
    (void*)0x84006000,
    (void*)0x50003000,
    (void*)0x00000000,
    (void*)0x00000000,
    (void*)0x00000000,
    (void*)0x00000000,
    (void*)0x9C428C42,
    (void*)0x94844111,
    (void*)0x10000000,
    (void*)0x00000000,
    (void*)0x00000000,
    (void*)0x00000000,
    (void*)0x00000000,
    (void*)0x00000000,
    (void*)0x50008821,
    (void*)0x88218421,
    (void*)0x00000000,
    (void*)0x00000000,
    (void*)0x00000000,
    (void*)0x00000000,
    (void*)0x00000000,
    (void*)0x00000000,
    (void*)lbl_80004000,
    (void*)0x00000000,
    (void*)0x00000000,
    (void*)0x00000000,
    (void*)0x00000000,
    (void*)0x00000000,
    (void*)0x00000000,
    (void*)0x00000000,
    (void*)0x00000000,
    (void*)0x40009084,
    (void*)0x00000000,
    (void*)0x00000000,
    (void*)0x00000000,
    (void*)0x00000000,
    (void*)0x00000000,
    (void*)0x00000000,
    (void*)0x90849084,
    (void*)0x90844111,
    (void*)0x00002000,
    (void*)0x10000000,
    (void*)0x00000000,
    (void*)0x00000000,
    (void*)0x00000000,
    (void*)0x00000000,
    (void*)0x00000000,
    (void*)0x00004000,
    (void*)0x00000000,
    (void*)0x00000000,
    (void*)0x00000000,
    (void*)0x00000000,
    (void*)0x00000000,
    (void*)0x00000000,
    (void*)0x90848C63,
    (void*)0x8C638C63,
    (void*)0x00000000,
    (void*)0x00000000,
    (void*)0x00000000,
    (void*)0x00000000,
    (void*)0x00000000,
    (void*)0x00000000,
    (void*)0x61114111,
    (void*)0x90848C21,
    (void*)0x00000000,
    (void*)0x00000000,
    (void*)0x00000000,
    (void*)0x00000000,
    (void*)0x00000000,
    (void*)0x00000000,
    (void*)0x9842A042,
    (void*)0xAC63BC64,
    (void*)0x10003000,
    (void*)0x50006000,
    (void*)0x00000000,
    (void*)0x00000000,
    (void*)0x00000000,
    (void*)0x00000000,
    (void*)0xC0649484,
    (void*)0x8421B064,
    (void*)0x80008842,
    (void*)0x98A694A5,
    (void*)0x00000000,
    (void*)0x00001000,
    (void*)0x00000000,
    (void*)0x00000000,
    (void*)0xDC64DC64,
    (void*)0xDC64DC64,
    (void*)0x9C84B863,
    (void*)0xD464DC64,
    (void*)0x523394A5,
    (void*)0x90639C63,
    (void*)0x00000000,
    (void*)0x00001000,
    (void*)0xDC63D843,
    (void*)0xA4E7A084,
    (void*)0xE064D063,
    (void*)0x9CA59464,
    (void*)0xA8439863,
    (void*)0x90848C42,
    (void*)0x20001000,
    (void*)0x32116323,
    (void*)0xDC63DC43,
    (void*)0xD843B909,
    (void*)0xDC63DC43,
    (void*)0xDC42BCC7,
    (void*)0xC464D863,
    (void*)0xE043C884,
    (void*)0x98A59884,
    (void*)0xA463B063,
    (void*)0xA0E79084,
    (void*)0x8C849C63,
    (void*)0xA5299084,
    (void*)0x90848C63,
    (void*)0xB16B98A5,
    (void*)0x90848863,
    (void*)0xB16BA0E7,
    (void*)0x90848C84,
    (void*)0xDC63DC43,
    (void*)0xDC43C863,
    (void*)0xD064DC43,
    (void*)0xDC43D842,
    (void*)0xB484E043,
    (void*)0xDC43DC43,
    (void*)0x9863DC64,
    (void*)0xDC43DC43,
    (void*)0xB9AD0000,
    (void*)0x00000000,
    (void*)0xB5084555,
    (void*)0x00000000,
    (void*)0xC463B9CE,
    (void*)0x00000000,
    (void*)0xD442B508,
    (void*)0x44440000,
    (void*)0xA042E064,
    (void*)0xDC43DC43,
    (void*)0x9C63DC84,
    (void*)0xE043E043,
    (void*)0x5000A063,
    (void*)0xC084C064,
    (void*)0x00003000,
    (void*)0x60006000,
    (void*)0xDC43DC43,
    (void*)0xDC43E043,
    (void*)0xE043DC63,
    (void*)0xD863C463,
    (void*)0xB463A442,
    (void*)0x90228420,
    (void*)0x60003000,
    (void*)0x00000000,
    (void*)0xDC63D064,
    (void*)0xB4639842,
    (void*)0xA4638821,
    (void*)((u8*)fn_80005FFC + 0x4),
    (void*)0x60003000,
    (void*)0x00000000,
    (void*)0x00000000,
    (void*)0x00000000,
    (void*)0x84218000,
    (void*)0x40000000,
    (void*)0x10000000,
    (void*)0x00000000,
    (void*)0x00000000,
    (void*)0x00000000,
    (void*)0x00000000,
    (void*)0x00000000,
    (void*)0x00000000,
    (void*)0x00000000,
    (void*)0x00000000,
    (void*)0x00000000,
    (void*)0x00000000,
    (void*)0x00000000,
    (void*)0x00000000,
    (void*)0x00000000,
    (void*)0x00000000,
    (void*)0x00000000,
    (void*)0x00000000,
    (void*)0x00000000,
    (void*)0x00000000,
    (void*)0x00000000,
    (void*)0x00000000,
    (void*)0x00000000,
    (void*)0x00000000,
    (void*)0x00000000,
    (void*)0x00000000,
    (void*)0x00000000,
    (void*)0x00000000,
    (void*)0x00000000,
    (void*)0x00000000,
    (void*)0x00000000,
    (void*)0x00000000,
    (void*)0x00000000,
    (void*)0x00000000,
    (void*)0x00000000,
    (void*)0x00000000,
    (void*)0x00000000,
    (void*)0x00000000,
    (void*)0x00000000,
    (void*)0x00000000,
    (void*)0x00000000,
    (void*)0x00000000,
    (void*)0x00000000,
    (void*)0x00000000,
    (void*)0x00000000,
    (void*)0x00000000,
    (void*)0x00000000,
    (void*)0x00000000,
    (void*)0x00000000,
    (void*)0x00000000,
    (void*)0x00000000,
    (void*)0x00000000,
    (void*)0x00000000,
    (void*)0x00000000,
    (void*)0x00000000,
    (void*)0x00000000,
    (void*)0x00000000,
    (void*)0x00000000,
    (void*)0x00000000,
    (void*)0x00000000,
    (void*)0x00000000,
    (void*)0x00000000,
    (void*)0x00000000,
    (void*)0x00000000,
    (void*)0x00000000,
    (void*)0x00000000,
    (void*)0x00000000,
    (void*)0x00000000,
    (void*)0x00000000,
    (void*)0x00000000,
    (void*)0x00000000,
    (void*)0x00000000,
    (void*)0x00000000,
    (void*)0x00000000,
    (void*)0x00000000,
    (void*)0x00000000,
    (void*)0x00000000,
    (void*)0x00000000,
    (void*)0x00000000,
    (void*)0x00000000,
    (void*)0x00000000,
    (void*)0x00000000,
    (void*)0x00000000,
    (void*)0x00000000,
    (void*)0x00000000,
    (void*)0x00000000,
    (void*)0x00000000,
    (void*)0x00000000,
    (void*)0x00000000,
    (void*)0x00000000,
    (void*)0x00000000,
    (void*)0x00000000,
    (void*)0x00000000,
    (void*)0x00000000,
    (void*)0x00000000,
    (void*)0x00000000,
    (void*)0x00000000,
    (void*)0x00000000,
    (void*)0x00000000,
    (void*)0x00000000,
    (void*)0x00000000,
    (void*)0x00000000,
    (void*)0x00000000,
    (void*)0x00000000,
    (void*)0x00000000,
    (void*)0x00000000,
    (void*)0x00000000,
    (void*)0x00000000,
    (void*)0x00000000,
    (void*)0x00000000,
    (void*)0x00000000,
    (void*)0x00000000,
    (void*)0x00000000,
    (void*)0x00000000,
    (void*)0x00000000,
    (void*)0x00000000,
    (void*)0x00000000,
    (void*)0x00000000,
    (void*)0x00000000,
    (void*)0x00000000,
    (void*)0x00000000,
    (void*)0x00000000,
    (void*)0x00000000,
    (void*)0x00000000,
    (void*)0x00000000,
    (void*)0x00000000,
    (void*)0x00000000,
    (void*)0x00000000,
    (void*)0x00000000,
    (void*)0x00000000,
    (void*)0x00000000,
    (void*)0x00000000,
    (void*)0x00000000,
    (void*)0x00000000,
    (void*)0x00000000,
    (void*)0x00001011,
    (void*)0x52229084,
    (void*)0x00000000,
    (void*)0x00000000,
    (void*)0x00000000,
    (void*)0x00000000,
    (void*)0x00000000,
    (void*)0x00000000,
    (void*)0x98A56322,
    (void*)0x90849084,
    (void*)0x00000000,
    (void*)0x63339CE7,
    (void*)0x00000000,
    (void*)0x00000000,
    (void*)0x00000000,
    (void*)0x00000000,
    (void*)0x8842CC84,
    (void*)0xE043DC43,
    (void*)0x8C849C63,
    (void*)0xC064D063,
    (void*)0x21116233,
    (void*)0x94C69484,
    (void*)0x00000000,
    (void*)0x00002111,
    (void*)0xDC43C064,
    (void*)0xB9AD0000,
    (void*)0xDC63D822,
    (void*)0xB5293433,
    (void*)0xA063B863,
    (void*)0xB484BDCE,
    (void*)0x623394C6,
    (void*)0x9484A508,
    (void*)0x78717268,
    (void*)0x67665A58,
    (void*)0x79786F72,
    (void*)0x68676658,
    (void*)0x7977716F,
    (void*)0x72686666,
    (void*)0x7A797771,
    (void*)0x72686766,
    (void*)0x4F4E4D48,
    (void*)0x48474225,
    (void*)0x594F4E4D,
    (void*)0x4848562E,
    (void*)0x5A594F4E,
    (void*)0x4D48479A,
    (void*)0x66584F4F,
    (void*)0x4D4D4854,
    (void*)0x25313B3F,
    (void*)0x3F3E3E3E,
    (void*)0x28263237,
    (void*)0x3F3F3E3E,
    (void*)0x3203032A,
    (void*)0x2A3F3F3E,
    (void*)0x46032F03,
    (void*)lbl_803A3F3F,
    (void*)0x3E3E3E3E,
    (void*)0x272E3252,
    (void*)0x3E3E3E3E,
    (void*)0x632A3199,
    (void*)0x3E3E3EB9,
    (void*)0x8AA44141,
    (void*)0x3E3E55B8,
    (void*)0x25302A2A,
    (void*)0x7F7A7978,
    (void*)0x71726867,
    (void*)0x7F7A7A79,
    (void*)0x78717268,
    (void*)0x827F7F7A,
    (void*)0x79787172,
    (void*)0x82827F7F,
    (void*)0x7A797871,
    (void*)0x665A584F,
    (void*)0x4E4D4D48,
    (void*)0x67665A59,
    (void*)0x4F4E4D48,
    (void*)0x6867665B,
    (void*)0x584F4E4E,
    (void*)0x72686766,
    (void*)0x5B59594E,
    (void*)0x8F417B53,
    (void*)0x61543F3F,
    (void*)0x489D9D53,
    (void*)0x61804BC9,
    (void*)0x48488B91,
    (void*)0x4A464BC9,
    (void*)0x4E48486D,
    (void*)0x91B3D5AA,
    (void*)0x3E87D89C,
    (void*)0x2636318A,
    (void*)0xC9E4AD64,
    (void*)0x22226199,
    (void*)0xC9E4AD33,
    (void*)0x23294638,
    (void*)0xAA023B24,
    (void*)0x2C2A903D,
    (void*)0x8382827F,
    (void*)0x7F7A7978,
    (void*)0x83838282,
    (void*)0x7F7F7A79,
    (void*)0xD0868682,
    (void*)0x7C757F7A,
    (void*)0xC9D9D9DF,
    (void*)0x84464A84,
    (void*)0x71726867,
    (void*)0x665B594F,
    (void*)0x78717268,
    (void*)0x67665B58,
    (void*)0x79787172,
    (void*)0x68676665,
    (void*)0x8181816F,
    (void*)0x726EB0D9,
    (void*)0x4E4D4874,
    (void*)0xD0C9B102,
    (void*)0x4C4CC0E1,
    (void*)0xD9D502A1,
    (void*)0xD2D2DFD9,
    (void*)0xD5020244,
    (void*)0xDBDBD7C1,
    (void*)0x02022A41,
    (void*)0x02563F3A,
    (void*)0x2A33633E,
    (void*)0xA140403D,
    (void*)0x4132393F,
    (void*)0x636D353C,
    (void*)0x2B4A3F3F,
    (void*)0x41292A4A,
    (void*)0x6D623F3F,
    (void*)0xCADDDDDA,
    (void*)0xC9BBD1E1,
    (void*)0xA3E3E3D6,
    (void*)0xDAC8CBCB,
    (void*)0xA3C1E3D6,
    (void*)0xDAC8CBCB,
    (void*)0xA30202D6,
    (void*)0xC9C7C6C2,
    (void*)0xCFCFDFDF,
    (void*)0xD1E1C7DC,
    (void*)0xCBCBCBC6,
    (void*)0xC6C8DCD7,
    (void*)0xC4C4C4C6,
    (void*)0xC6C8DCD7,
    (void*)0xEFEFF6D4,
    (void*)0xD5CBC6BA,
    (void*)0xD5D5C102,
    (void*)0x02FB2A1D,
    (void*)0xDBB70202,
    (void*)0x992E231F,
    (void*)0xB7020202,
    (void*)0x9C2E802D,
    (void*)0x0202029E,
    (void*)0x4235FE06,
    (void*)0x1E1E3036,
    (void*)0x1DA4433F,
    (void*)0x1E201F25,
    (void*)0x2F308A3D,
    (void*)0x21252626,
    (void*)0x2F368F40,
    (void*)0xFE312726,
    (void*)0x05368040,
    (void*)0xA30202A3,
    (void*)0xCCDACBC4,
    (void*)0xA7ADADC0,
    (void*)0xCECAD7EB,
    (void*)0x8CABABE9,
    (void*)0xD1F1E734,
    (void*)0xD0EFCFD2,
    (void*)0xA3BDF2EA,
    (void*)0xEFEFF8EE,
    (void*)0xD4D5E202,
    (void*)0x34F8F8F6,
    (void*)0xEEC5D9E6,
    (void*)0x0434E7F8,
    (void*)0xF6F1BDD2,
    (void*)0x34FEFEF7,
    (void*)0xF2D3A2E8,
    (void*)0x0202927D,
    (void*)0x423506FF,
    (void*)0x8585697D,
    (void*)0x8B35FDA8,
    (void*)0x7A706C7D,
    (void*)0x9A91FBFF,
    (void*)0xCECE767E,
    (void*)0xA0904A32,
    (void*)0xA305FB26,
    (void*)0x237B8F47,
    (void*)0x02FFFE21,
    (void*)0x23466045,
    (void*)0xAE06FD23,
    (void*)0x2B616345,
    (void*)0x2C2D2D2B,
    (void*)0x3331A445,
    (void*)0xE0E5E2BA,
    (void*)0xA2B2F3D8,
    (void*)0xE5E2BAD1,
    (void*)0xF4AEB2F2,
    (void*)0xBFBA988D,
    (void*)0xB7F2F4F4,
    (void*)0xBF94948E,
    (void*)0xBADFD6DC,
    (void*)0xF2FDD8F8,
    (void*)0xF4B2A2E9,
    (void*)0xF0F7F7F2,
    (void*)0xB2A9F4BA,
    (void*)0xF0F0F7F4,
    (void*)0xF4F2D1B9,
    (void*)0xD8EDEDD4,
    (void*)0xC6B02E53,
    (void*)0xE5E5D09F,
    (void*)0x9A9A8A91,
    (void*)0xBEEFEFBF,
    (void*)0xD29A8B90,
    (void*)0xBABEEFBF,
    (void*)0xB02C9191,
    (void*)0x9FBAB5B4,
    (void*)0xB6AF6180,
    (void*)0x91604A32,
    (void*)0x5261914C,
    (void*)0x9190906D,
    (void*)0x919D5749,
    (void*)0x9D885E5D,
    (void*)0x51505049,
    (void*)0x8F9A5E5D,
    (void*)0x5C515050,
    (void*)0x95949493,
    (void*)0xBCBADFDE,
    (void*)0x95959498,
    (void*)0xBCDFBAD2,
    (void*)0x959595A6,
    (void*)0xD0DFC7DF,
    (void*)0x95959BBC,
    (void*)0xCDC7C4C7,
    (void*)0xDED8D5C6,
    (void*)0xE2322E2E,
    (void*)0xCECEC041,
    (void*)0x2B2C2C42,
    (void*)0xDFDFDF41,
    (void*)0x232C2C8B,
    (void*)0xC7C7C7A4,
    (void*)0x2D2C4A9A,
    (void*)0x9AA6BAB0,
    (void*)0xB0ACBAA4,
    (void*)0xA0423327,
    (void*)0x22AFACAD,
    (void*)0x9A6D2C23,
    (void*)0x22314646,
    (void*)0x9A352C23,
    (void*)0x2B528F8F,
    (void*)0x8F9D5F5E,
    (void*)0x5D5D5150,
    (void*)0xAD9C6B5F,
    (void*)0x5E5D5C51,
    (void*)0x8F80706B,
    (void*)0x5F5E5D51,
    (void*)0x8F99706C,
    (void*)0x6B5F5E5D,
    (void*)0x959BA5D1,
    (void*)0xC7D4C4EB,
    (void*)0x979FC1CD,
    (void*)0xC3C4F5EE,
    (void*)0x9BC1D1CD,
    (void*)0xC3C4F5EE,
    (void*)0xBCD1CCCA,
    (void*)0xE7E7F8F5,
    (void*)0xC5C5D4BA,
    (void*)0x338F8A9A,
    (void*)0xEBEBC5C0,
    (void*)0x568A8BA0,
    (void*)0xEBEBC5C0,
    (void*)0x639D8B90,
    (void*)0xEEEEEBCE,
    (void*)0xAB8B908A,
    (void*)0x9A352C33,
    (void*)0x3361919C,
    (void*)0x9A4A2C31,
    (void*)0x52619D35,
    (void*)0x9A803331,
    (void*)0x32614235,
    (void*)0xA06D0733,
    (void*)0x52633535,
    (void*)0x6099736C,
    (void*)0x695F5F5E,
    (void*)0x6096736C,
    (void*)0x6C6A5F5E,
    (void*)0x60967373,
    (void*)0x6C6C6A5F,
    (void*)0x60897373,
    (void*)0x736C6C6A,
    (void*)0x78717268,
    (void*)0x67665A58,
    (void*)0x79786F72,
    (void*)0x68676658,
    (void*)0x7977716F,
    (void*)0x72686666,
    (void*)0x7A797771,
    (void*)0x72686766,
    (void*)0x4F4E4D48,
    (void*)0x48474225,
    (void*)0x594F4E4D,
    (void*)0x4848562E,
    (void*)0x5A594F4E,
    (void*)0x4D48479A,
    (void*)0x66584F4F,
    (void*)0x4D4D4854,
    (void*)0x25313B3F,
    (void*)0x3F3E3E3E,
    (void*)0x28261737,
    (void*)0x3F3F3E3E,
    (void*)0x320C0D10,
    (void*)0x173F3F3E,
    (void*)0x100D0C0D,
    (void*)0x4A3A3F3F,
    (void*)0x3E3E3E3E,
    (void*)0x27903252,
    (void*)0x3E3E3E3E,
    (void*)0x90131080,
    (void*)0x3E3E3EB8,
    (void*)0x8A100E13,
    (void*)0x3E3E55B8,
    (void*)0x130E0C13,
    (void*)0x7F7A7978,
    (void*)0x71726867,
    (void*)0x7F7A7A79,
    (void*)0x78717268,
    (void*)0x827F7F7A,
    (void*)0x79787172,
    (void*)0x82827F7F,
    (void*)0x7A797871,
    (void*)0x665A584F,
    (void*)0x4E4D4D48,
    (void*)0x67665A59,
    (void*)0x4F4E4D48,
    (void*)0x6867665B,
    (void*)0x584F4E4E,
    (void*)0x72686766,
    (void*)0x5B59594E,
    (void*)0x17100D53,
    (void*)0x61543F3F,
    (void*)0x48179D53,
    (void*)0x61804BC9,
    (void*)0x48488B91,
    (void*)0x4A464BC9,
    (void*)0x4E48486D,
    (void*)0x91B3D5AA,
    (void*)0x3E87D89C,
    (void*)0x26281390,
    (void*)0xC9E4AD64,
    (void*)0x22225280,
    (void*)0xC9E4AD33,
    (void*)0x23294638,
    (void*)0xAA023B24,
    (void*)0x2C2A903D,
    (void*)0x8382827F,
    (void*)0x7F7A7978,
    (void*)0x83838282,
    (void*)0x7F7F7A79,
    (void*)0xD0868682,
    (void*)0x7C757F7A,
    (void*)0xC9D9D9DF,
    (void*)0x84464A84,
    (void*)0x71726867,
    (void*)0x665B594F,
    (void*)0x78717268,
    (void*)0x67665B58,
    (void*)0x79787172,
    (void*)0x68676665,
    (void*)0x8181816F,
    (void*)0x726EB0D9,
    (void*)0x4E4D4874,
    (void*)0xD0C9B102,
    (void*)0x4C4CC0E1,
    (void*)0xD9D502A1,
    (void*)0xD2D2DFD9,
    (void*)0xD5020244,
    (void*)0xDBDBD7C1,
    (void*)0x02022A41,
    (void*)0x02563F3A,
    (void*)0x2A33633E,
    (void*)0xA140403D,
    (void*)0x4132393F,
    (void*)0x636D353C,
    (void*)0x2B4A3F3F,
    (void*)0x41292A4A,
    (void*)0x6D623F3F,
    (void*)0xCADDDDDA,
    (void*)0xC9BBD1E1,
    (void*)0xA3E3E3D6,
    (void*)0xDAC8CBCB,
    (void*)0xA3C1E3D6,
    (void*)0xDAC8CBCB,
    (void*)0xA30202D6,
    (void*)0xC9C7C6C2,
    (void*)0xCFCFDFDF,
    (void*)0xD1E1C7DC,
    (void*)0xCBCBCBC6,
    (void*)0xC6C8DCD7,
    (void*)0xC4C4C4C6,
    (void*)0xC6C8DCD7,
    (void*)0xEFEFF6D4,
    (void*)0xD5CBC6BA,
    (void*)0xD5D5C102,
    (void*)0x02FB2A1D,
    (void*)0xDBB70202,
    (void*)0x992E231F,
    (void*)0xB7020202,
    (void*)0x9C2E802D,
    (void*)0x0202029E,
    (void*)0x4235FE06,
    (void*)0x1E1E3036,
    (void*)0x1D8F433F,
    (void*)0x1E201F25,
    (void*)0x0F36913D,
    (void*)0x21252626,
    (void*)0x0B368F40,
    (void*)0xFE312726,
    (void*)0x0A368040,
    (void*)0xA30202A3,
    (void*)0xCCDACBC4,
    (void*)0xA7ADADC0,
    (void*)0xCECAD7EB,
    (void*)0x8CABABE9,
    (void*)0xD1F1E7EC,
    (void*)0xD0EFCFD2,
    (void*)0xA3BDF2EA,
    (void*)0xEFEFF8EE,
    (void*)0xD4D5E202,
    (void*)0xEFF8F8F6,
    (void*)0xEEC5D9E6,
    (void*)0x34FCE7F8,
    (void*)0xF6F1BDD2,
    (void*)0xFFFEFEF7,
    (void*)0xF2D3A2E8,
    (void*)0x0202927D,
    (void*)0x423506FF,
    (void*)0x8585697D,
    (void*)0x8B35FDA8,
    (void*)0x7A706C7D,
    (void*)0x9A91FBFF,
    (void*)0xCECE767E,
    (void*)0xA0904A32,
    (void*)0xA305FB26,
    (void*)0x230F8F47,
    (void*)0x02FFFE21,
    (void*)0x23466045,
    (void*)0xAE06FD23,
    (void*)0x2B616345,
    (void*)0x2C2D2D2B,
    (void*)0x3331A445,
    (void*)0xE0E5E2BA,
    (void*)0xA2B2F3E7,
    (void*)0xE5E2BAD1,
    (void*)0xF4AEB2F2,
    (void*)0xBFBA988D,
    (void*)0xB7F2F4F4,
    (void*)0xBF94948E,
    (void*)0xBADFD6DC,
    (void*)0xF2FDD8F8,
    (void*)0xF4B2A2E9,
    (void*)0xF0F7F7F2,
    (void*)0xB2A9F4BA,
    (void*)0xF0F0F7F4,
    (void*)0xF4F2D1B9,
    (void*)0xD8EDEDD4,
    (void*)0xC6B02E53,
    (void*)0xE5E5D09F,
    (void*)0x9A9A8A91,
    (void*)0xBEEFEFBF,
    (void*)0xD29A8B90,
    (void*)0xBABEEFBF,
    (void*)0xB02C9191,
    (void*)0x9FBAB5B4,
    (void*)0xB6AF6180,
    (void*)0x91604A32,
    (void*)0x5261914C,
    (void*)0x9190906D,
    (void*)0x919D5749,
    (void*)0x9D885E5D,
    (void*)0x51505049,
    (void*)0x8F9A5E5D,
    (void*)0x5C515050,
    (void*)0x95949493,
    (void*)0xBCBADFDE,
    (void*)0x95959498,
    (void*)0xBCDFBAD2,
    (void*)0x959595A6,
    (void*)0xD0DFC7DF,
    (void*)0x95959BBC,
    (void*)0xCDC7C4C7,
    (void*)0xDED8D5C6,
    (void*)0xE2322E2E,
    (void*)0xCECEC041,
    (void*)0x2B2C2C42,
    (void*)0xDFDFDF41,
    (void*)0x232C2C8B,
    (void*)0xC7C7C7A4,
    (void*)0x2D2C4A9A,
    (void*)0x9AA6BAB0,
    (void*)0xB0ACBAA4,
    (void*)0xA0423327,
    (void*)0x22AFACAD,
    (void*)0x9A6D2C23,
    (void*)0x22314646,
    (void*)0x9A352C23,
    (void*)0x2B528F8F,
    (void*)0x8F9D5F5E,
    (void*)0x5D5D5150,
    (void*)0xAD9C6B5F,
    (void*)0x5E5D5C51,
    (void*)0x8F80706B,
    (void*)0x5F5E5D51,
    (void*)0x8F99706C,
    (void*)0x6B5F5E5D,
    (void*)0x959BA5D1,
    (void*)0xC7D4C4EB,
    (void*)0x979FC1CD,
    (void*)0xC3C4F5EE,
    (void*)0x9BC1D1CD,
    (void*)0xC3C4F5EE,
    (void*)0xBCD1CCCA,
    (void*)0xE7E7F8F5,
    (void*)0xC5C5D4BA,
    (void*)0x338F8A9A,
    (void*)0xEBEBC5C0,
    (void*)0x568A8BA0,
    (void*)0xEBEBC5C0,
    (void*)0x639D8B90,
    (void*)0xEEEEEBCE,
    (void*)0xAB8B908A,
    (void*)0x9A352C33,
    (void*)0x3361919C,
    (void*)0x9A4A2C31,
    (void*)0x52619D35,
    (void*)0x9A803331,
    (void*)0x32614235,
    (void*)0xA06D0733,
    (void*)0x52633535,
    (void*)0x6099736C,
    (void*)0x695F5F5E,
    (void*)0x6096736C,
    (void*)0x6C6A5F5E,
    (void*)0x60967373,
    (void*)0x6C6C6A5F,
    (void*)0x60897373,
    (void*)0x736C6C6A,
    (void*)0x78717268,
    (void*)0x67665A58,
    (void*)0x79786F72,
    (void*)0x68676658,
    (void*)0x7977716F,
    (void*)0x72686666,
    (void*)0x7A797771,
    (void*)0x72686766,
    (void*)0x4F4E4D48,
    (void*)0x48474225,
    (void*)0x594F4E4D,
    (void*)0x4848562E,
    (void*)0x5A594F4E,
    (void*)0x4D48479A,
    (void*)0x66584F4F,
    (void*)0x4D4D4854,
    (void*)0x25313B3F,
    (void*)0x3F3E3E3E,
    (void*)0x28261237,
    (void*)0x3F3F3E3E,
    (void*)0x321A1112,
    (void*)0x133F3F3E,
    (void*)0x12111A11,
    (void*)lbl_803A3F3F,
    (void*)0x3E3E3E3E,
    (void*)0x27133252,
    (void*)0x3E3E3E3E,
    (void*)0x130F1199,
    (void*)0x3E3E3EF9,
    (void*)0x0F111911,
    (void*)0x3E3E55F9,
    (void*)0x0F111A0F,
    (void*)0x7F7A7978,
    (void*)0x71726867,
    (void*)0x7F7A7A79,
    (void*)0x78717268,
    (void*)0x827F7F7A,
    (void*)0x79787172,
    (void*)0x82827F7F,
    (void*)0x7A797871,
    (void*)0x665A584F,
    (void*)0x4E4D4D48,
    (void*)0x67665A59,
    (void*)0x4F4E4D48,
    (void*)0x6867665B,
    (void*)0x584F4E4E,
    (void*)0x72686766,
    (void*)0x5B59594E,
    (void*)0x13121153,
    (void*)0x61543F3F,
    (void*)0x48136D53,
    (void*)0x61804BC9,
    (void*)0x48488B91,
    (void*)0x4A464BC9,
    (void*)0x4E48486D,
    (void*)0x91B3D5AA,
    (void*)0x3E87D89C,
    (void*)0x26360F13,
    (void*)0xC9E4AD64,
    (void*)0x2222619C,
    (void*)0xC9E4AD33,
    (void*)0x23294638,
    (void*)0xAA023B24,
    (void*)0x2C2A903D,
    (void*)0x8382827F,
    (void*)0x7F7A7978,
    (void*)0x83838282,
    (void*)0x7F7F7A79,
    (void*)0xD0868682,
    (void*)0x7C757F7A,
    (void*)0xC9D9D9DF,
    (void*)0x84464A84,
    (void*)0x71726867,
    (void*)0x665B594F,
    (void*)0x78717268,
    (void*)0x67665B58,
    (void*)0x79787172,
    (void*)0x68676665,
    (void*)0x8181816F,
    (void*)0x726EB0D9,
    (void*)0x4E4D4874,
    (void*)0xD0C9B102,
    (void*)0x4C4CC0E1,
    (void*)0xD9D502A1,
    (void*)0xD2D2DFD9,
    (void*)0xD5020244,
    (void*)0xDBDBD7C1,
    (void*)0x02022A41,
    (void*)0x02563F3A,
    (void*)0x2A33633E,
    (void*)0xA140403D,
    (void*)0x4132393F,
    (void*)0x636D353C,
    (void*)0x2B4A3F3F,
    (void*)0x41292A4A,
    (void*)0x6D623F3F,
    (void*)0xCADDDDDA,
    (void*)0xC9BBD1E1,
    (void*)0xA3E3E3D6,
    (void*)0xDAC8CBCB,
    (void*)0xA3C1E3D6,
    (void*)0xDAC8CBCB,
    (void*)0xA30202D6,
    (void*)0xC9C7C6C2,
    (void*)0xCFCFDFDF,
    (void*)0xD1E1C7DC,
    (void*)0xCBCBCBC6,
    (void*)0xC6C8DCD7,
    (void*)0xC4C4C4C6,
    (void*)0xC6C8DCD7,
    (void*)0xEFEFF6D4,
    (void*)0xD5CBC6BA,
    (void*)0xD5D5C102,
    (void*)0x02FB2A1D,
    (void*)0xDBB70202,
    (void*)0x992E231F,
    (void*)0xB7020202,
    (void*)0x9C2E802D,
    (void*)0x0202029E,
    (void*)0x4235FE06,
    (void*)0x1E1E3036,
    (void*)0x1D0F433F,
    (void*)0x1E201F25,
    (void*)0x1136913D,
    (void*)0x21252626,
    (void*)0x19368F40,
    (void*)0xFE312726,
    (void*)0x1A368040,
    (void*)0xA30202A3,
    (void*)0xCCDACBC4,
    (void*)0xA7ADADC0,
    (void*)0xCECAD7EB,
    (void*)0x8CABABE9,
    (void*)0xD1F1E7EC,
    (void*)0xD0EFCFD2,
    (void*)0xA3BDF2EA,
    (void*)0xEFEFF8EE,
    (void*)0xD4D5E202,
    (void*)0xEFF8F8F6,
    (void*)0xEEC5D9E6,
    (void*)0xE7FCE7F8,
    (void*)0xF6F1BDD2,
    (void*)0xFFFEFEF7,
    (void*)0xF2D3A2E8,
    (void*)0x0202927D,
    (void*)0x423506FF,
    (void*)0x8585697D,
    (void*)0x8B35FDA8,
    (void*)0x7A706C7D,
    (void*)0x9A91FBFF,
    (void*)0xCECE767E,
    (void*)0xA0904A32,
    (void*)0xA305FB26,
    (void*)0x23110F47,
    (void*)0x02FFFE21,
    (void*)0x23466045,
    (void*)0xAE06FD23,
    (void*)0x2B616345,
    (void*)0x2C2D2D2B,
    (void*)0x3331A445,
    (void*)0xE0E5E2BA,
    (void*)0xA2B2F3E7,
    (void*)0xE5E2BAD1,
    (void*)0xF4AEB2F2,
    (void*)0xBFBA988D,
    (void*)0xB7F2F4F4,
    (void*)0xBF94948E,
    (void*)0xBADFD6DC,
    (void*)0xF2FDD8F8,
    (void*)0xF4B2A2E9,
    (void*)0xF0F7F7F2,
    (void*)0xB2A9F4BA,
    (void*)0xF0F0F7F4,
    (void*)0xF4F2D1B9,
    (void*)0xD8EDEDD4,
    (void*)0xC6B02E53,
    (void*)0xE5E5D09F,
    (void*)0x9A9A8A91,
    (void*)0xBEEFEFBF,
    (void*)0xD29A8B90,
    (void*)0xBABEEFBF,
    (void*)0xB02C9191,
    (void*)0x9FBAB5B4,
    (void*)0xB6AF6180,
    (void*)0x91604A32,
    (void*)0x5261914C,
    (void*)0x9190906D,
    (void*)0x919D5749,
    (void*)0x9D885E5D,
    (void*)0x51505049,
    (void*)0x8F9A5E5D,
    (void*)0x5C515050,
    (void*)0x95949493,
    (void*)0xBCBADFDE,
    (void*)0x95959498,
    (void*)0xBCDFBAD2,
    (void*)0x959595A6,
    (void*)0xD0DFC7DF,
    (void*)0x95959BBC,
    (void*)0xCDC7C4C7,
    (void*)0xDED8D5C6,
    (void*)0xE2322E2E,
    (void*)0xCECEC041,
    (void*)0x2B2C2C42,
    (void*)0xDFDFDF41,
    (void*)0x232C2C8B,
    (void*)0xC7C7C7A4,
    (void*)0x2D2C4A9A,
    (void*)0x9AA6BAB0,
    (void*)0xB0ACBAA4,
    (void*)0xA0423327,
    (void*)0x22AFACAD,
    (void*)0x9A6D2C23,
    (void*)0x22314646,
    (void*)0x9A352C23,
    (void*)0x2B528F8F,
    (void*)0x8F9D5F5E,
    (void*)0x5D5D5150,
    (void*)0xAD9C6B5F,
    (void*)0x5E5D5C51,
    (void*)0x8F80706B,
    (void*)0x5F5E5D51,
    (void*)0x8F99706C,
    (void*)0x6B5F5E5D,
    (void*)0x959BA5D1,
    (void*)0xC7D4C4EB,
    (void*)0x979FC1CD,
    (void*)0xC3C4F5EE,
    (void*)0x9BC1D1CD,
    (void*)0xC3C4F5EE,
    (void*)0xBCD1CCCA,
    (void*)0xE7E7F8F5,
    (void*)0xC5C5D4BA,
    (void*)0x338F8A9A,
    (void*)0xEBEBC5C0,
    (void*)0x568A8BA0,
    (void*)0xEBEBC5C0,
    (void*)0x639D8B90,
    (void*)0xEEEEEBCE,
    (void*)0xAB8B908A,
    (void*)0x9A352C33,
    (void*)0x3361919C,
    (void*)0x9A4A2C31,
    (void*)0x52619D35,
    (void*)0x9A803331,
    (void*)0x32614235,
    (void*)0xA06D0733,
    (void*)0x52633535,
    (void*)0x6099736C,
    (void*)0x695F5F5E,
    (void*)0x6096736C,
    (void*)0x6C6A5F5E,
    (void*)0x60967373,
    (void*)0x6C6C6A5F,
    (void*)0x60897373,
    (void*)0x736C6C6A,
    (void*)0x78717268,
    (void*)0x67665A58,
    (void*)0x79786F72,
    (void*)0x68676658,
    (void*)0x7977716F,
    (void*)0x72686666,
    (void*)0x7A797771,
    (void*)0x72686766,
    (void*)0x4F4E4D48,
    (void*)0x48474225,
    (void*)0x594F4E4D,
    (void*)0x4848562E,
    (void*)0x5A594F4E,
    (void*)0x4D48479A,
    (void*)0x66584F4F,
    (void*)0x4D4D4854,
    (void*)0x25313B3F,
    (void*)0x3F3E3E3E,
    (void*)0x28261437,
    (void*)0x3F3F3E3E,
    (void*)0x321B1114,
    (void*)0x123F3F3E,
    (void*)0x141B1B11,
    (void*)0x4A3A3F3F,
    (void*)0x3E3E3E3E,
    (void*)0x27133252,
    (void*)0x3E3E3E3E,
    (void*)0x0F111C99,
    (void*)0x3E3E3EFA,
    (void*)0x111C1C11,
    (void*)0x3E3E55FA,
    (void*)0x161C1116,
    (void*)0x7F7A7978,
    (void*)0x71726867,
    (void*)0x7F7A7A79,
    (void*)0x78717268,
    (void*)0x827F7F7A,
    (void*)0x79787172,
    (void*)0x82827F7F,
    (void*)0x7A797871,
    (void*)0x665A584F,
    (void*)0x4E4D4D48,
    (void*)0x67665A59,
    (void*)0x4F4E4D48,
    (void*)0x6867665B,
    (void*)0x584F4E4E,
    (void*)0x72686766,
    (void*)0x5B59594E,
    (void*)0x12141553,
    (void*)0x61543F3F,
    (void*)0x48129D53,
    (void*)0x61804BC9,
    (void*)0x48488B91,
    (void*)0x4A464BC9,
    (void*)0x4E48486D,
    (void*)0x91B3D5AA,
    (void*)0x3E87D89C,
    (void*)0x2636160F,
    (void*)0xC9E4AD64,
    (void*)0x2222619C,
    (void*)0xC9E4AD33,
    (void*)0x23294638,
    (void*)0xAA023B24,
    (void*)0x2C2A903D,
    (void*)0x8382827F,
    (void*)0x7F7A7978,
    (void*)0x83838282,
    (void*)0x7F7F7A79,
    (void*)0xD0868682,
    (void*)0x7C757F7A,
    (void*)0xC9D9D9DF,
    (void*)0x84464A84,
    (void*)0x71726867,
    (void*)0x665B594F,
    (void*)0x78717268,
    (void*)0x67665B58,
    (void*)0x79787172,
    (void*)0x68676665,
    (void*)0x8181816F,
    (void*)0x726EB0D9,
    (void*)0x4E4D4874,
    (void*)0xD0C9B102,
    (void*)0x4C4CC0E1,
    (void*)0xD9D502A1,
    (void*)0xD2D2DFD9,
    (void*)0xD5020244,
    (void*)0xDBDBD7C1,
    (void*)0x02022A41,
    (void*)0x02563F3A,
    (void*)0x2A33633E,
    (void*)0xA140403D,
    (void*)0x4132393F,
    (void*)0x636D353C,
    (void*)0x2B4A3F3F,
    (void*)0x41292A4A,
    (void*)0x6D623F3F,
    (void*)0xCADDDDDA,
    (void*)0xC9BBD1E1,
    (void*)0xA3E3E3D6,
    (void*)0xDAC8CBCB,
    (void*)0xA3C1E3D6,
    (void*)0xDAC8CBCB,
    (void*)0xA30202D6,
    (void*)0xC9C7C6C2,
    (void*)0xCFCFDFDF,
    (void*)0xD1E1C7DC,
    (void*)0xCBCBCBC6,
    (void*)0xC6C8DCD7,
    (void*)0xC4C4C4C6,
    (void*)0xC6C8DCD7,
    (void*)0xEFEFF6D4,
    (void*)0xD5CBC6BA,
    (void*)0xD5D5C102,
    (void*)0x02FB2A1D,
    (void*)0xDBB70202,
    (void*)0x992E231F,
    (void*)0xB7020202,
    (void*)0x9C2E802D,
    (void*)0x0202029E,
    (void*)0x4235FE06,
    (void*)0x1E1E3036,
    (void*)0x1D1C433F,
    (void*)0x1E201F25,
    (void*)0x1A36913D,
    (void*)0x21252626,
    (void*)0x18368F40,
    (void*)0xFE312726,
    (void*)0x1A368040,
    (void*)0xA30202A3,
    (void*)0xCCDACBC4,
    (void*)0xA7ADADC0,
    (void*)0xCECAD7EB,
    (void*)0x8CABABE9,
    (void*)0xD1F1E7EC,
    (void*)0xD0EFCFD2,
    (void*)0xA3BDF2EA,
    (void*)0xEFEFF8EE,
    (void*)0xD4D5E202,
    (void*)0xEFF8F8F6,
    (void*)0xEEC5D9E6,
    (void*)0xE7FCE7F8,
    (void*)0xF6F1BDD2,
    (void*)0xFFFEFEF7,
    (void*)0xF2D3A2E8,
    (void*)0x0202927D,
    (void*)0x423506FF,
    (void*)0x8585697D,
    (void*)0x8B35FDA8,
    (void*)0x7A706C7D,
    (void*)0x9A91FBFF,
    (void*)0xCECE767E,
    (void*)0xA0904A32,
    (void*)0xA305FB26,
    (void*)0x231C0F47,
    (void*)0x02FFFE21,
    (void*)0x23966045,
    (void*)0xAE06FD23,
    (void*)0x2B616345,
    (void*)0x2C2D2D2B,
    (void*)0x3331A445,
    (void*)0xE0E5E2BA,
    (void*)0xA2B2F3E7,
    (void*)0xE5E2BAD1,
    (void*)0xF4AEB2F2,
    (void*)0xBFBA988D,
    (void*)0xB7F2F4F4,
    (void*)0xBF94948E,
    (void*)0xBADFD6DC,
    (void*)0xF2FDD8F8,
    (void*)0xF4B2A2E9,
    (void*)0xF0F7F7F2,
    (void*)0xB2A9F4BA,
    (void*)0xF0F0F7F4,
    (void*)0xF4F2D1B9,
    (void*)0xD8EDEDD4,
    (void*)0xC6B02E53,
    (void*)0xE5E5D09F,
    (void*)0x9A9A8A91,
    (void*)0xBEEFEFBF,
    (void*)0xD29A8B90,
    (void*)0xBABEEFBF,
    (void*)0xB02C9191,
    (void*)0x9FBAB5B4,
    (void*)0xB6AF6180,
    (void*)0x91604A32,
    (void*)0x5261914C,
    (void*)0x9190906D,
    (void*)0x919D5749,
    (void*)0x9D885E5D,
    (void*)0x51505049,
    (void*)0x8F9A5E5D,
    (void*)0x5C515050,
    (void*)0x95949493,
    (void*)0xBCBADFDE,
    (void*)0x95959498,
    (void*)0xBCDFBAD2,
    (void*)0x959595A6,
    (void*)0xD0DFC7DF,
    (void*)0x95959BBC,
    (void*)0xCDC7C4C7,
    (void*)0xDED8D5C6,
    (void*)0xE2322E2E,
    (void*)0xCECEC041,
    (void*)0x2B2C2C42,
    (void*)0xDFDFDF41,
    (void*)0x232C2C8B,
    (void*)0xC7C7C7A4,
    (void*)0x2D2C4A9A,
    (void*)0x9AA6BAB0,
    (void*)0xB0ACBAA4,
    (void*)0xA0423327,
    (void*)0x22AFACAD,
    (void*)0x9A6D2C23,
    (void*)0x22314646,
    (void*)0x9A352C23,
    (void*)0x2B528F8F,
    (void*)0x8F9D5F5E,
    (void*)0x5D5D5150,
    (void*)0xAD9C6B5F,
    (void*)0x5E5D5C51,
    (void*)0x8F80706B,
    (void*)0x5F5E5D51,
    (void*)0x8F99706C,
    (void*)0x6B5F5E5D,
    (void*)0x959BA5D1,
    (void*)0xC7D4C4EB,
    (void*)0x979FC1CD,
    (void*)0xC3C4F5EE,
    (void*)0x9BC1D1CD,
    (void*)0xC3C4F5EE,
    (void*)0xBCD1CCCA,
    (void*)0xE7E7F8F5,
    (void*)0xC5C5D4BA,
    (void*)0x338F8A9A,
    (void*)0xEBEBC5C0,
    (void*)0x568A8BA0,
    (void*)0xEBEBC5C0,
    (void*)0x639D8B90,
    (void*)0xEEEEEBCE,
    (void*)0xAB8B908A,
    (void*)0x9A352C33,
    (void*)0x3361919C,
    (void*)0x9A4A2C31,
    (void*)0x52619D35,
    (void*)0x9A803331,
    (void*)0x32614235,
    (void*)0xA06D0733,
    (void*)0x52633535,
    (void*)0x6099736C,
    (void*)0x695F5F5E,
    (void*)0x6096736C,
    (void*)0x6C6A5F5E,
    (void*)0x60967373,
    (void*)0x6C6C6A5F,
    (void*)0x60897373,
    (void*)0x736C6C6A,
    (void*)0x78717268,
    (void*)0x67665A58,
    (void*)0x79786F72,
    (void*)0x68676658,
    (void*)0x7977716F,
    (void*)0x72686666,
    (void*)0x7A797771,
    (void*)0x72686766,
    (void*)0x4F4E4D48,
    (void*)0x48474225,
    (void*)0x594F4E4D,
    (void*)0x4848562E,
    (void*)0x5A594F4E,
    (void*)0x4D48479A,
    (void*)0x66584F4F,
    (void*)0x4D4D4854,
    (void*)0x25313B3F,
    (void*)0x3F3E3E3E,
    (void*)0x28260837,
    (void*)0x3F3F3E3E,
    (void*)0x32041808,
    (void*)0x093F3F3E,
    (void*)0x08180418,
    (void*)0x4A3A3F3F,
    (void*)0x3E3E3E3E,
    (void*)0x27133252,
    (void*)0x3E3E3E3E,
    (void*)0x09081899,
    (void*)0x3E3E3EB3,
    (void*)0x08180418,
    (void*)0x3E3E55B3,
    (void*)0x08041808,
    (void*)0x7F7A7978,
    (void*)0x71726867,
    (void*)0x7F7A7A79,
    (void*)0x78717268,
    (void*)0x827F7F7A,
    (void*)0x79787172,
    (void*)0x82827F7F,
    (void*)0x7A797871,
    (void*)0x665A584F,
    (void*)0x4E4D4D47,
    (void*)0x67665A59,
    (void*)0x4F4E4D48,
    (void*)0x6867665B,
    (void*)0x584F4E4E,
    (void*)0x72686766,
    (void*)0x5B59594E,
    (void*)0x05081853,
    (void*)0x61543F3F,
    (void*)0x47099D53,
    (void*)0x61804BC9,
    (void*)0x48488B91,
    (void*)0x4A464BC9,
    (void*)0x4E48486D,
    (void*)0x91B3D5AA,
    (void*)0x3E87E79C,
    (void*)0x26360809,
    (void*)0xC9E4AD64,
    (void*)0x2222619C,
    (void*)0xC9E4AD33,
    (void*)0x23294638,
    (void*)0xAA023B24,
    (void*)0x2C2A903D,
    (void*)0x8382827F,
    (void*)0x7F7A7978,
    (void*)0x83838282,
    (void*)0x7F7F7A79,
    (void*)0xD0868682,
    (void*)0x7C757F7A,
    (void*)0xC9D9D9DF,
    (void*)0x84464A84,
    (void*)0x71726867,
    (void*)0x665B594F,
    (void*)0x78717268,
    (void*)0x67665B58,
    (void*)0x79787172,
    (void*)0x68676665,
    (void*)0x8181816F,
    (void*)0x726EB0D9,
    (void*)0x4E4D4874,
    (void*)0xD0C9B102,
    (void*)0x4C4CC0E1,
    (void*)0xD9D502A1,
    (void*)0xD2D2DFD9,
    (void*)0xD5020244,
    (void*)0xDBDBD7C1,
    (void*)0x02022A41,
    (void*)0x02563F3A,
    (void*)0x2A33633E,
    (void*)0xA140403D,
    (void*)0x4132393F,
    (void*)0x636D353C,
    (void*)0x2B4A3F3F,
    (void*)0x41292A4A,
    (void*)0x6D623F3F,
    (void*)0xCADDDDDA,
    (void*)0xC9BBD1E1,
    (void*)0xA3E3E3D6,
    (void*)0xDAC8CBCB,
    (void*)0xA3C1E3D6,
    (void*)0xDAC8CBCB,
    (void*)0xA30202D6,
    (void*)0xC9C7C6C2,
    (void*)0xCFCFDFDF,
    (void*)0xD1E1C7DC,
    (void*)0xCBCBCBC6,
    (void*)0xC6C8DCD7,
    (void*)0xC4C4C4C6,
    (void*)0xC6C8DCD7,
    (void*)0xEFEFF6D4,
    (void*)0xD5CBC6BA,
    (void*)0xD5D5C102,
    (void*)0x02FB2A1D,
    (void*)0xDBB70202,
    (void*)0x992E231F,
    (void*)0xB7020202,
    (void*)0x9C2E802D,
    (void*)0x0202029E,
    (void*)0x4235FE06,
    (void*)0x1E1E3036,
    (void*)0x1D04433F,
    (void*)0x1E201F25,
    (void*)0x1836913D,
    (void*)0x21252626,
    (void*)0x04368F40,
    (void*)0xFE312726,
    (void*)0x04368040,
    (void*)0xA30202A3,
    (void*)0xCCDACBC4,
    (void*)0xA7ADADC0,
    (void*)0xCECAD7EB,
    (void*)0x8CABABE9,
    (void*)0xD1F1E7EC,
    (void*)0xD0EFCFD2,
    (void*)0xA3BDF2EA,
    (void*)0xEFEFF8EE,
    (void*)0xD4D5E202,
    (void*)0xEFF8F8F6,
    (void*)0xEEC5D9E6,
    (void*)0xE7FCE7F8,
    (void*)0xF6F1BDD2,
    (void*)0xFFFEFEF7,
    (void*)0xF2D3A2E8,
    (void*)0x0202927D,
    (void*)0x423506FF,
    (void*)0x8585697D,
    (void*)0x8B35FDA8,
    (void*)0x7A706C7D,
    (void*)0x9A91FBFF,
    (void*)0xCECE767E,
    (void*)0xA0904A32,
    (void*)0xA305FB26,
    (void*)0x23080947,
    (void*)0x02FFFE21,
    (void*)0x23466045,
    (void*)0xAE06FD23,
    (void*)0x2B616345,
    (void*)0x2C2D2D2B,
    (void*)0x3331A445,
    (void*)0xE0E5E2BA,
    (void*)0xA2B2F3E7,
    (void*)0xE5E2BAD1,
    (void*)0xF4AEB2F2,
    (void*)0xBFBA988D,
    (void*)0xB7F2F4F4,
    (void*)0xBF94948E,
    (void*)0xBADFD6DC,
    (void*)0xF2FDD8F8,
    (void*)0xF4B2A2E9,
    (void*)0xF0F7F7F2,
    (void*)0xB2A9F4BA,
    (void*)0xF0F0F7F4,
    (void*)0xF4F2D1B9,
    (void*)0xD8EDEDD4,
    (void*)0xC6B02E53,
    (void*)0xE5E5D09F,
    (void*)0x9A9A8A91,
    (void*)0xBEEFEFBF,
    (void*)0xD29A8B90,
    (void*)0xBABEEFBF,
    (void*)0xB02C9191,
    (void*)0x9FBAB5B4,
    (void*)0xB6AF6180,
    (void*)0x91604A32,
    (void*)0x5261914C,
    (void*)0x9190906D,
    (void*)0x919D5749,
    (void*)0x9D885E5D,
    (void*)0x51505049,
    (void*)0x8F9A5E5D,
    (void*)0x5C515050,
    (void*)0x95949493,
    (void*)0xBCBADFDE,
    (void*)0x95959498,
    (void*)0xBCDFBAD2,
    (void*)0x959595A6,
    (void*)0xD0DFC7DF,
    (void*)0x95959BBC,
    (void*)0xCDC7C4C7,
    (void*)0xDED8D5C6,
    (void*)0xE2322E2E,
    (void*)0xCECEC041,
    (void*)0x2B2C2C42,
    (void*)0xDFDFDF41,
    (void*)0x232C2C8B,
    (void*)0xC7C7C7A4,
    (void*)0x2D2C4A9A,
    (void*)0x9AA6BAB0,
    (void*)0xB0ACBAA4,
    (void*)0xA0423327,
    (void*)0x22AFACAD,
    (void*)0x9A6D2C23,
    (void*)0x22314646,
    (void*)0x9A352C23,
    (void*)0x2B528F8F,
    (void*)0x8F9D5F5E,
    (void*)0x5D5D5150,
    (void*)0xAD9C6B5F,
    (void*)0x5E5D5C51,
    (void*)0x8F80706B,
    (void*)0x5F5E5D51,
    (void*)0x8F99706C,
    (void*)0x6B5F5E5D,
    (void*)0x959BA5D1,
    (void*)0xC7D4C4EB,
    (void*)0x979FC1CD,
    (void*)0xC3C4F5EE,
    (void*)0x9BC1D1CD,
    (void*)0xC3C4F5EE,
    (void*)0xBCD1CCCA,
    (void*)0xE7E7F8F5,
    (void*)0xC5C5D4BA,
    (void*)0x338F8A9A,
    (void*)0xEBEBC5C0,
    (void*)0x568A8BA0,
    (void*)0xEBEBC5C0,
    (void*)0x639D8B90,
    (void*)0xEEEEEBCE,
    (void*)0xAB8B908A,
    (void*)0x9A352C33,
    (void*)0x3361919C,
    (void*)0x9A4A2C31,
    (void*)0x52619D35,
    (void*)0x9A803331,
    (void*)0x32614235,
    (void*)0xA06D0733,
    (void*)0x52633535,
    (void*)0x6099736C,
    (void*)0x695F5F5E,
    (void*)0x6096736C,
    (void*)0x6C6A5F5E,
    (void*)0x60967373,
    (void*)0x6C6C6A5F,
    (void*)0x60897373,
    (void*)0x736C6C6A,
    (void*)0x78717268,
    (void*)0x67665A58,
    (void*)0x79786F72,
    (void*)0x68676658,
    (void*)0x7977716F,
    (void*)0x72686666,
    (void*)0x7A797771,
    (void*)0x72686766,
    (void*)0x4F4E4D48,
    (void*)0x48474225,
    (void*)0x594F4E4D,
    (void*)0x4848562E,
    (void*)0x5A594F4E,
    (void*)0x4D48479A,
    (void*)0x66584F4F,
    (void*)0x4D4D4854,
    (void*)0x25313B3F,
    (void*)0x3F3E3E3E,
    (void*)0x28261437,
    (void*)0x3F3F3E3E,
    (void*)0x321B1114,
    (void*)0x123F3F3E,
    (void*)0x141B1B11,
    (void*)0x4A3A3F3F,
    (void*)0x3E3E3E3E,
    (void*)0x27133252,
    (void*)0x3E3E3E3E,
    (void*)0x0F111C99,
    (void*)0x3E3E3EFA,
    (void*)0x111C1C11,
    (void*)0x3E3E55FA,
    (void*)0x161C1116,
    (void*)0x7F7A7978,
    (void*)0x71726867,
    (void*)0x7F7A7A79,
    (void*)0x78717268,
    (void*)0x827F7F7A,
    (void*)0x79787172,
    (void*)0x82827F7F,
    (void*)0x7A797871,
    (void*)0x665A584F,
    (void*)0x4E4D4D48,
    (void*)0x67665A59,
    (void*)0x4F4E4D48,
    (void*)0x6867665B,
    (void*)0x584F4E4E,
    (void*)0x72686766,
    (void*)0x5B59594E,
    (void*)0x12141553,
    (void*)0x61543F3F,
    (void*)0x48129D53,
    (void*)0x61804BC9,
    (void*)0x48488B91,
    (void*)0x4A464BC9,
    (void*)0x4E48486D,
    (void*)0x91B3D5AA,
    (void*)0x3E87D89C,
    (void*)0x2636160F,
    (void*)0xC9E4AD64,
    (void*)0x2222619C,
    (void*)0xC9E4AD33,
    (void*)0x23294638,
    (void*)0xAA023B24,
    (void*)0x2C2A903D,
    (void*)0x8382827F,
    (void*)0x7F7A7978,
    (void*)0x83838282,
    (void*)0x7F7F7A79,
    (void*)0xD0868682,
    (void*)0x7C757F7A,
    (void*)0xC9D9D9DF,
    (void*)0x84464A84,
    (void*)0x71726867,
    (void*)0x665B594F,
    (void*)0x78717268,
    (void*)0x67665B58,
    (void*)0x79787172,
    (void*)0x68676665,
    (void*)0x8181816F,
    (void*)0x726EB0D9,
    (void*)0x4E4D4874,
    (void*)0xD0C9B102,
    (void*)0x4C4CC0E1,
    (void*)0xD9D502A1,
    (void*)0xD2D2DFD9,
    (void*)0xD5020244,
    (void*)0xDBDBD7C1,
    (void*)0x02022A41,
    (void*)0x02563F3A,
    (void*)0x2A33633E,
    (void*)0xA140403D,
    (void*)0x4132393F,
    (void*)0x636D353C,
    (void*)0x2B4A3F3F,
    (void*)0x41292A4A,
    (void*)0x6D623F3F,
    (void*)0xCADDDDDA,
    (void*)0xC9BBD1E1,
    (void*)0xA3E3E3D6,
    (void*)0xDAC8CBCB,
    (void*)0xA3C1E3D6,
    (void*)0xDAC8CBCB,
    (void*)0xA30202D6,
    (void*)0xC9C7C6C2,
    (void*)0xCFCFDFDF,
    (void*)0xD1E1C7DC,
    (void*)0xCBCBCBC6,
    (void*)0xC6C8DCD7,
    (void*)0xC4C4C4C6,
    (void*)0xC6C8DCD7,
    (void*)0xEFEFF6D4,
    (void*)0xD5CBC6BA,
    (void*)0xD5D5C102,
    (void*)0x02FB2A1D,
    (void*)0xDBB70202,
    (void*)0x992E231F,
    (void*)0xB7020202,
    (void*)0x9C2E802D,
    (void*)0x0202029E,
    (void*)0x4235FE06,
    (void*)0x1E1E3036,
    (void*)0x1D1C433F,
    (void*)0x1E201F25,
    (void*)0x1A36913D,
    (void*)0x21252626,
    (void*)0x18368F40,
    (void*)0xFE312726,
    (void*)0x1A368040,
    (void*)0xA30202A3,
    (void*)0xCCDACBC4,
    (void*)0xA7ADADC0,
    (void*)0xCECAD7EB,
    (void*)0x8CABABE9,
    (void*)0xD1F1E7EC,
    (void*)0xD0EFCFD2,
    (void*)0xA3BDF2EA,
    (void*)0xEFEFF8EE,
    (void*)0xD4D5E202,
    (void*)0xEFF8F8F6,
    (void*)0xEEC5D9E6,
    (void*)0xE7FCE7F8,
    (void*)0xF6F1BDD2,
    (void*)0xFFFEFEF7,
    (void*)0xF2D3A2E8,
    (void*)0x0202927D,
    (void*)0x423506FF,
    (void*)0x8585697D,
    (void*)0x8B35FDA8,
    (void*)0x7A706C7D,
    (void*)0x9A91FBFF,
    (void*)0xCECE767E,
    (void*)0xA0904A32,
    (void*)0xA305FB26,
    (void*)0x231C0F47,
    (void*)0x02FFFE21,
    (void*)0x23966045,
    (void*)0xAE06FD23,
    (void*)0x2B616345,
    (void*)0x2C2D2D2B,
    (void*)0x3331A445,
    (void*)0xE0E5E2BA,
    (void*)0xA2B2F3E7,
    (void*)0xE5E2BAD1,
    (void*)0xF4AEB2F2,
    (void*)0xBFBA988D,
    (void*)0xB7F2F4F4,
    (void*)0xBF94948E,
    (void*)0xBADFD6DC,
    (void*)0xF2FDD8F8,
    (void*)0xF4B2A2E9,
    (void*)0xF0F7F7F2,
    (void*)0xB2A9F4BA,
    (void*)0xF0F0F7F4,
    (void*)0xF4F2D1B9,
    (void*)0xD8EDEDD4,
    (void*)0xC6B02E53,
    (void*)0xE5E5D09F,
    (void*)0x9A9A8A91,
    (void*)0xBEEFEFBF,
    (void*)0xD29A8B90,
    (void*)0xBABEEFBF,
    (void*)0xB02C9191,
    (void*)0x9FBAB5B4,
    (void*)0xB6AF6180,
    (void*)0x91604A32,
    (void*)0x5261914C,
    (void*)0x9190906D,
    (void*)0x919D5749,
    (void*)0x9D885E5D,
    (void*)0x51505049,
    (void*)0x8F9A5E5D,
    (void*)0x5C515050,
    (void*)0x95949493,
    (void*)0xBCBADFDE,
    (void*)0x95959498,
    (void*)0xBCDFBAD2,
    (void*)0x959595A6,
    (void*)0xD0DFC7DF,
    (void*)0x95959BBC,
    (void*)0xCDC7C4C7,
    (void*)0xDED8D5C6,
    (void*)0xE2322E2E,
    (void*)0xCECEC041,
    (void*)0x2B2C2C42,
    (void*)0xDFDFDF41,
    (void*)0x232C2C8B,
    (void*)0xC7C7C7A4,
    (void*)0x2D2C4A9A,
    (void*)0x9AA6BAB0,
    (void*)0xB0ACBAA4,
    (void*)0xA0423327,
    (void*)0x22AFACAD,
    (void*)0x9A6D2C23,
    (void*)0x22314646,
    (void*)0x9A352C23,
    (void*)0x2B528F8F,
    (void*)0x8F9D5F5E,
    (void*)0x5D5D5150,
    (void*)0xAD9C6B5F,
    (void*)0x5E5D5C51,
    (void*)0x8F80706B,
    (void*)0x5F5E5D51,
    (void*)0x8F99706C,
    (void*)0x6B5F5E5D,
    (void*)0x959BA5D1,
    (void*)0xC7D4C4EB,
    (void*)0x979FC1CD,
    (void*)0xC3C4F5EE,
    (void*)0x9BC1D1CD,
    (void*)0xC3C4F5EE,
    (void*)0xBCD1CCCA,
    (void*)0xE7E7F8F5,
    (void*)0xC5C5D4BA,
    (void*)0x338F8A9A,
    (void*)0xEBEBC5C0,
    (void*)0x568A8BA0,
    (void*)0xEBEBC5C0,
    (void*)0x639D8B90,
    (void*)0xEEEEEBCE,
    (void*)0xAB8B908A,
    (void*)0x9A352C33,
    (void*)0x3361919C,
    (void*)0x9A4A2C31,
    (void*)0x52619D35,
    (void*)0x9A803331,
    (void*)0x32614235,
    (void*)0xA06D0733,
    (void*)0x52633535,
    (void*)0x6099736C,
    (void*)0x695F5F5E,
    (void*)0x6096736C,
    (void*)0x6C6A5F5E,
    (void*)0x60967373,
    (void*)0x6C6C6A5F,
    (void*)0x60897373,
    (void*)0x736C6C6A,
    (void*)0x78717268,
    (void*)0x67665A58,
    (void*)0x79786F72,
    (void*)0x68676658,
    (void*)0x7977716F,
    (void*)0x72686666,
    (void*)0x7A797771,
    (void*)0x72686766,
    (void*)0x4F4E4D48,
    (void*)0x48474225,
    (void*)0x594F4E4D,
    (void*)0x4848562E,
    (void*)0x5A594F4E,
    (void*)0x4D48479A,
    (void*)0x66584F4F,
    (void*)0x4D4D4854,
    (void*)0x25313B3F,
    (void*)0x3F3E3E3E,
    (void*)0x28261237,
    (void*)0x3F3F3E3E,
    (void*)0x321A1112,
    (void*)0x133F3F3E,
    (void*)0x12111A11,
    (void*)lbl_803A3F3F,
    (void*)0x3E3E3E3E,
    (void*)0x27133252,
    (void*)0x3E3E3E3E,
    (void*)0x130F1199,
    (void*)0x3E3E3EF9,
    (void*)0x0F111911,
    (void*)0x3E3E55F9,
    (void*)0x0F111A0F,
    (void*)0x7F7A7978,
    (void*)0x71726867,
    (void*)0x7F7A7A79,
    (void*)0x78717268,
    (void*)0x827F7F7A,
    (void*)0x79787172,
    (void*)0x82827F7F,
    (void*)0x7A797871,
    (void*)0x665A584F,
    (void*)0x4E4D4D48,
    (void*)0x67665A59,
    (void*)0x4F4E4D48,
    (void*)0x6867665B,
    (void*)0x584F4E4E,
    (void*)0x72686766,
    (void*)0x5B59594E,
    (void*)0x13121153,
    (void*)0x61543F3F,
    (void*)0x48136D53,
    (void*)0x61804BC9,
    (void*)0x48488B91,
    (void*)0x4A464BC9,
    (void*)0x4E48486D,
    (void*)0x91B3D5AA,
    (void*)0x3E87D89C,
    (void*)0x26360F13,
    (void*)0xC9E4AD64,
    (void*)0x2222619C,
    (void*)0xC9E4AD33,
    (void*)0x23294638,
    (void*)0xAA023B24,
    (void*)0x2C2A903D,
    (void*)0x8382827F,
    (void*)0x7F7A7978,
    (void*)0x83838282,
    (void*)0x7F7F7A79,
    (void*)0xD0868682,
    (void*)0x7C757F7A,
    (void*)0xC9D9D9DF,
    (void*)0x84464A84,
    (void*)0x71726867,
    (void*)0x665B594F,
    (void*)0x78717268,
    (void*)0x67665B58,
    (void*)0x79787172,
    (void*)0x68676665,
    (void*)0x8181816F,
    (void*)0x726EB0D9,
    (void*)0x4E4D4874,
    (void*)0xD0C9B102,
    (void*)0x4C4CC0E1,
    (void*)0xD9D502A1,
    (void*)0xD2D2DFD9,
    (void*)0xD5020244,
    (void*)0xDBDBD7C1,
    (void*)0x02022A41,
    (void*)0x02563F3A,
    (void*)0x2A33633E,
    (void*)0xA140403D,
    (void*)0x4132393F,
    (void*)0x636D353C,
    (void*)0x2B4A3F3F,
    (void*)0x41292A4A,
    (void*)0x6D623F3F,
    (void*)0xCADDDDDA,
    (void*)0xC9BBD1E1,
    (void*)0xA3E3E3D6,
    (void*)0xDAC8CBCB,
    (void*)0xA3C1E3D6,
    (void*)0xDAC8CBCB,
    (void*)0xA30202D6,
    (void*)0xC9C7C6C2,
    (void*)0xCFCFDFDF,
    (void*)0xD1E1C7DC,
    (void*)0xCBCBCBC6,
    (void*)0xC6C8DCD7,
    (void*)0xC4C4C4C6,
    (void*)0xC6C8DCD7,
    (void*)0xEFEFF6D4,
    (void*)0xD5CBC6BA,
    (void*)0xD5D5C102,
    (void*)0x02FB2A1D,
    (void*)0xDBB70202,
    (void*)0x992E231F,
    (void*)0xB7020202,
    (void*)0x9C2E802D,
    (void*)0x0202029E,
    (void*)0x4235FE06,
    (void*)0x1E1E3036,
    (void*)0x1D0F433F,
    (void*)0x1E201F25,
    (void*)0x1136913D,
    (void*)0x21252626,
    (void*)0x19368F40,
    (void*)0xFE312726,
    (void*)0x1A368040,
    (void*)0xA30202A3,
    (void*)0xCCDACBC4,
    (void*)0xA7ADADC0,
    (void*)0xCECAD7EB,
    (void*)0x8CABABE9,
    (void*)0xD1F1E7EC,
    (void*)0xD0EFCFD2,
    (void*)0xA3BDF2EA,
    (void*)0xEFEFF8EE,
    (void*)0xD4D5E202,
    (void*)0xEFF8F8F6,
    (void*)0xEEC5D9E6,
    (void*)0xE7FCE7F8,
    (void*)0xF6F1BDD2,
    (void*)0xFFFEFEF7,
    (void*)0xF2D3A2E8,
    (void*)0x0202927D,
    (void*)0x423506FF,
    (void*)0x8585697D,
    (void*)0x8B35FDA8,
    (void*)0x7A706C7D,
    (void*)0x9A91FBFF,
    (void*)0xCECE767E,
    (void*)0xA0904A32,
    (void*)0xA305FB26,
    (void*)0x23110F47,
    (void*)0x02FFFE21,
    (void*)0x23466045,
    (void*)0xAE06FD23,
    (void*)0x2B616345,
    (void*)0x2C2D2D2B,
    (void*)0x3331A445,
    (void*)0xE0E5E2BA,
    (void*)0xA2B2F3E7,
    (void*)0xE5E2BAD1,
    (void*)0xF4AEB2F2,
    (void*)0xBFBA988D,
    (void*)0xB7F2F4F4,
    (void*)0xBF94948E,
    (void*)0xBADFD6DC,
    (void*)0xF2FDD8F8,
    (void*)0xF4B2A2E9,
    (void*)0xF0F7F7F2,
    (void*)0xB2A9F4BA,
    (void*)0xF0F0F7F4,
    (void*)0xF4F2D1B9,
    (void*)0xD8EDEDD4,
    (void*)0xC6B02E53,
    (void*)0xE5E5D09F,
    (void*)0x9A9A8A91,
    (void*)0xBEEFEFBF,
    (void*)0xD29A8B90,
    (void*)0xBABEEFBF,
    (void*)0xB02C9191,
    (void*)0x9FBAB5B4,
    (void*)0xB6AF6180,
    (void*)0x91604A32,
    (void*)0x5261914C,
    (void*)0x9190906D,
    (void*)0x919D5749,
    (void*)0x9D885E5D,
    (void*)0x51505049,
    (void*)0x8F9A5E5D,
    (void*)0x5C515050,
    (void*)0x95949493,
    (void*)0xBCBADFDE,
    (void*)0x95959498,
    (void*)0xBCDFBAD2,
    (void*)0x959595A6,
    (void*)0xD0DFC7DF,
    (void*)0x95959BBC,
    (void*)0xCDC7C4C7,
    (void*)0xDED8D5C6,
    (void*)0xE2322E2E,
    (void*)0xCECEC041,
    (void*)0x2B2C2C42,
    (void*)0xDFDFDF41,
    (void*)0x232C2C8B,
    (void*)0xC7C7C7A4,
    (void*)0x2D2C4A9A,
    (void*)0x9AA6BAB0,
    (void*)0xB0ACBAA4,
    (void*)0xA0423327,
    (void*)0x22AFACAD,
    (void*)0x9A6D2C23,
    (void*)0x22314646,
    (void*)0x9A352C23,
    (void*)0x2B528F8F,
    (void*)0x8F9D5F5E,
    (void*)0x5D5D5150,
    (void*)0xAD9C6B5F,
    (void*)0x5E5D5C51,
    (void*)0x8F80706B,
    (void*)0x5F5E5D51,
    (void*)0x8F99706C,
    (void*)0x6B5F5E5D,
    (void*)0x959BA5D1,
    (void*)0xC7D4C4EB,
    (void*)0x979FC1CD,
    (void*)0xC3C4F5EE,
    (void*)0x9BC1D1CD,
    (void*)0xC3C4F5EE,
    (void*)0xBCD1CCCA,
    (void*)0xE7E7F8F5,
    (void*)0xC5C5D4BA,
    (void*)0x338F8A9A,
    (void*)0xEBEBC5C0,
    (void*)0x568A8BA0,
    (void*)0xEBEBC5C0,
    (void*)0x639D8B90,
    (void*)0xEEEEEBCE,
    (void*)0xAB8B908A,
    (void*)0x9A352C33,
    (void*)0x3361919C,
    (void*)0x9A4A2C31,
    (void*)0x52619D35,
    (void*)0x9A803331,
    (void*)0x32614235,
    (void*)0xA06D0733,
    (void*)0x52633535,
    (void*)0x6099736C,
    (void*)0x695F5F5E,
    (void*)0x6096736C,
    (void*)0x6C6A5F5E,
    (void*)0x60967373,
    (void*)0x6C6C6A5F,
    (void*)0x60897373,
    (void*)0x736C6C6A,
    (void*)0x78717268,
    (void*)0x67665A58,
    (void*)0x79786F72,
    (void*)0x68676658,
    (void*)0x7977716F,
    (void*)0x72686666,
    (void*)0x7A797771,
    (void*)0x72686766,
    (void*)0x4F4E4D48,
    (void*)0x48474225,
    (void*)0x594F4E4D,
    (void*)0x4848562E,
    (void*)0x5A594F4E,
    (void*)0x4D48479A,
    (void*)0x66584F4F,
    (void*)0x4D4D4854,
    (void*)0x25313B3F,
    (void*)0x3F3E3E3E,
    (void*)0x28261737,
    (void*)0x3F3F3E3E,
    (void*)0x320C0D10,
    (void*)0x173F3F3E,
    (void*)0x100D0C0D,
    (void*)0x4A3A3F3F,
    (void*)0x3E3E3E3E,
    (void*)0x27903252,
    (void*)0x3E3E3E3E,
    (void*)0x90131080,
    (void*)0x3E3E3EB8,
    (void*)0x8A100E13,
    (void*)0x3E3E55B8,
    (void*)0x130E0C13,
    (void*)0x7F7A7978,
    (void*)0x71726867,
    (void*)0x7F7A7A79,
    (void*)0x78717268,
    (void*)0x827F7F7A,
    (void*)0x79787172,
    (void*)0x82827F7F,
    (void*)0x7A797871,
    (void*)0x665A584F,
    (void*)0x4E4D4D48,
    (void*)0x67665A59,
    (void*)0x4F4E4D48,
    (void*)0x6867665B,
    (void*)0x584F4E4E,
    (void*)0x72686766,
    (void*)0x5B59594E,
    (void*)0x17100D53,
    (void*)0x61543F3F,
    (void*)0x48179D53,
    (void*)0x61804BC9,
    (void*)0x48488B91,
    (void*)0x4A464BC9,
    (void*)0x4E48486D,
    (void*)0x91B3D5AA,
    (void*)0x3E87D89C,
    (void*)0x26281390,
    (void*)0xC9E4AD64,
    (void*)0x22225280,
    (void*)0xC9E4AD33,
    (void*)0x23294638,
    (void*)0xAA023B24,
    (void*)0x2C2A903D,
    (void*)0x8382827F,
    (void*)0x7F7A7978,
    (void*)0x83838282,
    (void*)0x7F7F7A79,
    (void*)0xD0868682,
    (void*)0x7C757F7A,
    (void*)0xC9D9D9DF,
    (void*)0x84464A84,
    (void*)0x71726867,
    (void*)0x665B594F,
    (void*)0x78717268,
    (void*)0x67665B58,
    (void*)0x79787172,
    (void*)0x68676665,
    (void*)0x8181816F,
    (void*)0x726EB0D9,
    (void*)0x4E4D4874,
    (void*)0xD0C9B102,
    (void*)0x4C4CC0E1,
    (void*)0xD9D502A1,
    (void*)0xD2D2DFD9,
    (void*)0xD5020244,
    (void*)0xDBDBD7C1,
    (void*)0x02022A41,
    (void*)0x02563F3A,
    (void*)0x2A33633E,
    (void*)0xA140403D,
    (void*)0x4132393F,
    (void*)0x636D353C,
    (void*)0x2B4A3F3F,
    (void*)0x41292A4A,
    (void*)0x6D623F3F,
    (void*)0xCADDDDDA,
    (void*)0xC9BBD1E1,
    (void*)0xA3E3E3D6,
    (void*)0xDAC8CBCB,
    (void*)0xA3C1E3D6,
    (void*)0xDAC8CBCB,
    (void*)0xA30202D6,
    (void*)0xC9C7C6C2,
    (void*)0xCFCFDFDF,
    (void*)0xD1E1C7DC,
    (void*)0xCBCBCBC6,
    (void*)0xC6C8DCD7,
    (void*)0xC4C4C4C6,
    (void*)0xC6C8DCD7,
    (void*)0xEFEFF6D4,
    (void*)0xD5CBC6BA,
    (void*)0xD5D5C102,
    (void*)0x02FB2A1D,
    (void*)0xDBB70202,
    (void*)0x992E231F,
    (void*)0xB7020202,
    (void*)0x9C2E802D,
    (void*)0x0202029E,
    (void*)0x4235FE06,
    (void*)0x1E1E3036,
    (void*)0x1D8F433F,
    (void*)0x1E201F25,
    (void*)0x0F36913D,
    (void*)0x21252626,
    (void*)0x0B368F40,
    (void*)0xFE312726,
    (void*)0x0A368040,
    (void*)0xA30202A3,
    (void*)0xCCDACBC4,
    (void*)0xA7ADADC0,
    (void*)0xCECAD7EB,
    (void*)0x8CABABE9,
    (void*)0xD1F1E7EC,
    (void*)0xD0EFCFD2,
    (void*)0xA3BDF2EA,
    (void*)0xEFEFF8EE,
    (void*)0xD4D5E202,
    (void*)0xEFF8F8F6,
    (void*)0xEEC5D9E6,
    (void*)0x34FCE7F8,
    (void*)0xF6F1BDD2,
    (void*)0xFFFEFEF7,
    (void*)0xF2D3A2E8,
    (void*)0x0202927D,
    (void*)0x423506FF,
    (void*)0x8585697D,
    (void*)0x8B35FDA8,
    (void*)0x7A706C7D,
    (void*)0x9A91FBFF,
    (void*)0xCECE767E,
    (void*)0xA0904A32,
    (void*)0xA305FB26,
    (void*)0x230F8F47,
    (void*)0x02FFFE21,
    (void*)0x23466045,
    (void*)0xAE06FD23,
    (void*)0x2B616345,
    (void*)0x2C2D2D2B,
    (void*)0x3331A445,
    (void*)0xE0E5E2BA,
    (void*)0xA2B2F3E7,
    (void*)0xE5E2BAD1,
    (void*)0xF4AEB2F2,
    (void*)0xBFBA988D,
    (void*)0xB7F2F4F4,
    (void*)0xBF94948E,
    (void*)0xBADFD6DC,
    (void*)0xF2FDD8F8,
    (void*)0xF4B2A2E9,
    (void*)0xF0F7F7F2,
    (void*)0xB2A9F4BA,
    (void*)0xF0F0F7F4,
    (void*)0xF4F2D1B9,
    (void*)0xD8EDEDD4,
    (void*)0xC6B02E53,
    (void*)0xE5E5D09F,
    (void*)0x9A9A8A91,
    (void*)0xBEEFEFBF,
    (void*)0xD29A8B90,
    (void*)0xBABEEFBF,
    (void*)0xB02C9191,
    (void*)0x9FBAB5B4,
    (void*)0xB6AF6180,
    (void*)0x91604A32,
    (void*)0x5261914C,
    (void*)0x9190906D,
    (void*)0x919D5749,
    (void*)0x9D885E5D,
    (void*)0x51505049,
    (void*)0x8F9A5E5D,
    (void*)0x5C515050,
    (void*)0x95949493,
    (void*)0xBCBADFDE,
    (void*)0x95959498,
    (void*)0xBCDFBAD2,
    (void*)0x959595A6,
    (void*)0xD0DFC7DF,
    (void*)0x95959BBC,
    (void*)0xCDC7C4C7,
    (void*)0xDED8D5C6,
    (void*)0xE2322E2E,
    (void*)0xCECEC041,
    (void*)0x2B2C2C42,
    (void*)0xDFDFDF41,
    (void*)0x232C2C8B,
    (void*)0xC7C7C7A4,
    (void*)0x2D2C4A9A,
    (void*)0x9AA6BAB0,
    (void*)0xB0ACBAA4,
    (void*)0xA0423327,
    (void*)0x22AFACAD,
    (void*)0x9A6D2C23,
    (void*)0x22314646,
    (void*)0x9A352C23,
    (void*)0x2B528F8F,
    (void*)0x8F9D5F5E,
    (void*)0x5D5D5150,
    (void*)0xAD9C6B5F,
    (void*)0x5E5D5C51,
    (void*)0x8F80706B,
    (void*)0x5F5E5D51,
    (void*)0x8F99706C,
    (void*)0x6B5F5E5D,
    (void*)0x959BA5D1,
    (void*)0xC7D4C4EB,
    (void*)0x979FC1CD,
    (void*)0xC3C4F5EE,
    (void*)0x9BC1D1CD,
    (void*)0xC3C4F5EE,
    (void*)0xBCD1CCCA,
    (void*)0xE7E7F8F5,
    (void*)0xC5C5D4BA,
    (void*)0x338F8A9A,
    (void*)0xEBEBC5C0,
    (void*)0x568A8BA0,
    (void*)0xEBEBC5C0,
    (void*)0x639D8B90,
    (void*)0xEEEEEBCE,
    (void*)0xAB8B908A,
    (void*)0x9A352C33,
    (void*)0x3361919C,
    (void*)0x9A4A2C31,
    (void*)0x52619D35,
    (void*)0x9A803331,
    (void*)0x32614235,
    (void*)0xA06D0733,
    (void*)0x52633535,
    (void*)0x6099736C,
    (void*)0x695F5F5E,
    (void*)0x6096736C,
    (void*)0x6C6A5F5E,
    (void*)0x60967373,
    (void*)0x6C6C6A5F,
    (void*)0x60897373,
    (void*)0x736C6C6A,
    (void*)((u8*)fn_80007FDC + 0x24),
    (void*)0x8000B9CE,
    (void*)0xFFFFDEF7,
    (void*)0xF442AD6A,
    (void*)0xF79AE2F2,
    (void*)0xFB95F373,
    (void*)0xDAAECE4C,
    (void*)0xD26CCA2A,
    (void*)0xB9C8F34C,
    (void*)0xD669AD44,
    (void*)0xEF28F348,
    (void*)0xEAE69CE3,
    (void*)0xFFFDFFD0,
    (void*)0xFFF5FFEC,
    (void*)0xFFE9B1AD,
    (void*)0xB1ADADAD,
    (void*)0xB5CEA58C,
    (void*)0xA56BA14B,
    (void*)0xADF0A98C,
    (void*)0xA96CA56C,
    (void*)0xA98DA54B,
    (void*)0xA14A9D4A,
    (void*)0x992A9D2A,
    (void*)0x94E9C231,
    (void*)0xAD8D9D2A,
    (void*)0x99099D2A,
    (void*)0xF3DF90C8,
    (void*)0xAD8CAA14,
    (void*)0xAA7AA69B,
    (void*)0xA67BA69C,
    (void*)0xA259A2BE,
    (void*)0xA2DFA2BF,
    (void*)0x9EBFA12A,
    (void*)0x8CA6A615,
    (void*)0xA2179A9F,
    (void*)0x9CE89E9E,
    (void*)0x9E9F9A7F,
    (void*)0x98E8AA58,
    (void*)0x9E7D9E7F,
    (void*)0x9E7F9A7E,
    (void*)0x967F965F,
    (void*)0x9D0A98E9,
    (void*)0xA18FAE37,
    (void*)0xA1B1A5D3,
    (void*)0x9A5E9A5F,
    (void*)0x9A5E9A5E,
    (void*)0x965F965F,
    (void*)0x965F963F,
    (void*)0x94C79D09,
    (void*)0x990A9D4D,
    (void*)0x950BA63B,
    (void*)0x9A5E9A3E,
    (void*)0x9A3E963E,
    (void*)0x923E923F,
    (void*)0x921E90A6,
    (void*)0x9E1B961E,
    (void*)0x961D961E,
    (void*)0x963E921E,
    (void*)0xAE189D92,
    (void*)0x9A1C961E,
    (void*)0x961E961E,
    (void*)0x95FEBDF0,
    (void*)0xA1939550,
    (void*)0x953091FE,
    (void*)0x98C7A1F9,
    (void*)0x91DE91BE,
    (void*)0xA9D690EC,
    (void*)0x95DDA991,
    (void*)0x98EB9D0B,
    (void*)0x94A68C85,
    (void*)0x917C8D5D,
    (void*)0x895E9CE8,
    (void*)0x908594A6,
    (void*)0x94CA915B,
    (void*)0x853E851E,
    (void*)0x9CE9891C,
    (void*)0x993698C8,
    (void*)0x88649D11,
    (void*)0x98C894A6,
    (void*)0x98C9A94E,
    (void*)0x84239087,
    (void*)0x80078001,
    (void*)0xA109A50F,
    (void*)0xA10CB592,
    (void*)0x8C0B900D,
    (void*)0xB14FB590,
    (void*)0xC1B58824,
    (void*)0x9009C9F7,
    (void*)0xBD92B970,
    (void*)0xB01AB58F,
    (void*)0xE6BDE69D,
    (void*)0xEABEAD2E,
    (void*)0xA92BAD2C,
    (void*)0xA4EBB14E,
    (void*)0xAD0CACEE,
    (void*)0xE29BD638,
    (void*)0xB54FB54F,
    (void*)0xF31FDE9A,
    (void*)0xF2FFF71F,
    (void*)0xEADDE29B,
    (void*)0xE69BDA59,
    (void*)0xE29BEABC,
    (void*)0xD637D216,
    (void*)0xCE16C9D4,
    (void*)0xC9F4C1B2,
    (void*)0xBD91B0CF,
    (void*)0xF71FEEDE,
    (void*)0xDE79EEDD,
    (void*)0xF2FFDA58,
    (void*)0xE27AE29B,
    (void*)0xE6BCDE7A,
    (void*)0xE29BCDF5,
    (void*)0xF2DFC5D3,
    (void*)0xCDF6E29B,
    (void*)0xF6FFEABD,
    (void*)0x9025F2FE,
    (void*)0xC9D3B54E,
    (void*)0xFB3FF71F,
    (void*)0xFB3FFB3F,
    (void*)0xFB3FFF3F,
    (void*)0xFF3FF6DE,
    (void*)0xE61AC0B1,
    (void*)0xB46EFF5F,
    (void*)0xFF5FFFBF,
    (void*)0xFF7FB14C,
    (void*)0xB56D98A6,
    (void*)0xD90FD023,
    (void*)0xE422A400,
};

const u8 lbl_802792E8[56] = {
    0x70, 0x6F, 0x6B, 0x65, 0x6D, 0x6F, 0x6E, 0x5F, 0x63, 0x6F, 0x6C, 0x6F, 0x73, 0x73, 0x65, 0x75,
    0x6D, 0x00, 0x00, 0x00, 0x50, 0x4F, 0x4B, 0xE9, 0x4D, 0x4F, 0x4E, 0x20, 0x43, 0x4F, 0x4C, 0x4F,
    0x53, 0x53, 0x45, 0x55, 0x4D, 0x00, 0x00, 0x00, 0x53, 0x41, 0x56, 0x45, 0x20, 0x46, 0x49, 0x4C,
    0x45, 0x00, 0x00, 0x00, 0x00, 0x00, 0x00, 0x00,
};

const u8 lbl_80279320[12] = {
    0x00, 0x00, 0x00, 0x00, 0x41, 0x20, 0x00, 0x00, 0x00, 0x00, 0x00, 0x00,
};

const u8 lbl_8027932C[12] = {
    0x3F, 0xC0, 0x00, 0x00, 0x3F, 0xC0, 0x00, 0x00, 0x3F, 0xC0, 0x00, 0x00,
};

const u8 lbl_80279338[312] = {
    0x00, 0x00, 0x00, 0x00, 0x3F, 0x80, 0x00, 0x00, 0x00, 0x00, 0x00, 0x00, 0x00, 0x00, 0x00, 0x00,
    0xBF, 0xC9, 0x0F, 0xDB, 0x00, 0x00, 0x00, 0x00, 0x00, 0x00, 0x00, 0x00, 0x00, 0x00, 0x00, 0x00,
    0x00, 0x00, 0x00, 0x00, 0xC2, 0x48, 0x00, 0x00, 0x41, 0xA0, 0x00, 0x00, 0x00, 0x00, 0x00, 0x00,
    0x42, 0x48, 0x00, 0x00, 0x00, 0x00, 0x00, 0x00, 0x00, 0x00, 0x00, 0x00, 0x00, 0x00, 0x00, 0x00,
    0x41, 0x20, 0x00, 0x00, 0x00, 0x00, 0x00, 0x00, 0xC2, 0x48, 0x00, 0x00, 0x41, 0xA0, 0x00, 0x00,
    0x00, 0x00, 0x00, 0x00, 0x42, 0x48, 0x00, 0x00, 0x00, 0x00, 0x00, 0x00, 0x00, 0x00, 0x00, 0x00,
    0x00, 0x00, 0x00, 0x00, 0x41, 0x20, 0x00, 0x00, 0x00, 0x00, 0x00, 0x00, 0x77, 0x61, 0x7A, 0x61,
    0x56, 0x69, 0x65, 0x77, 0x65, 0x72, 0x47, 0x65, 0x74, 0x46, 0x69, 0x6C, 0x65, 0x73, 0x69, 0x7A,
    0x65, 0x28, 0x29, 0x3A, 0x20, 0x63, 0x61, 0x6E, 0x27, 0x74, 0x20, 0x6F, 0x70, 0x65, 0x6E, 0x20,
    0x66, 0x69, 0x6C, 0x65, 0x20, 0x5B, 0x25, 0x73, 0x5D, 0x0A, 0x00, 0x00, 0x77, 0x61, 0x7A, 0x61,
    0x56, 0x69, 0x65, 0x77, 0x65, 0x72, 0x4C, 0x6F, 0x61, 0x64, 0x46, 0x69, 0x6C, 0x65, 0x28, 0x29,
    0x3A, 0x20, 0x63, 0x61, 0x6E, 0x27, 0x74, 0x20, 0x6F, 0x70, 0x65, 0x6E, 0x20, 0x66, 0x69, 0x6C,
    0x65, 0x20, 0x5B, 0x25, 0x73, 0x5D, 0x0A, 0x00, 0x77, 0x61, 0x7A, 0x61, 0x56, 0x69, 0x65, 0x77,
    0x65, 0x72, 0x4C, 0x6F, 0x61, 0x64, 0x46, 0x69, 0x6C, 0x65, 0x28, 0x29, 0x3A, 0x20, 0x65, 0x72,
    0x72, 0x6F, 0x72, 0x20, 0x72, 0x65, 0x61, 0x64, 0x69, 0x6E, 0x67, 0x20, 0x66, 0x69, 0x6C, 0x65,
    0x20, 0x5B, 0x25, 0x73, 0x5D, 0x0A, 0x00, 0x00, 0x77, 0x61, 0x7A, 0x61, 0x56, 0x69, 0x65, 0x77,
    0x65, 0x72, 0x4C, 0x6F, 0x61, 0x64, 0x46, 0x69, 0x6C, 0x65, 0x28, 0x29, 0x3A, 0x20, 0x65, 0x72,
    0x72, 0x6F, 0x72, 0x20, 0x77, 0x72, 0x69, 0x74, 0x74, 0x69, 0x6E, 0x67, 0x20, 0x66, 0x69, 0x6C,
    0x65, 0x20, 0x5B, 0x25, 0x73, 0x5D, 0x0A, 0x00, 0x77, 0x61, 0x7A, 0x61, 0x56, 0x69, 0x65, 0x77,
    0x65, 0x72, 0x2E, 0x77, 0x76, 0x64, 0x00, 0x00,
};

const u8 lbl_80279470[12] = {
    0x53, 0x4C, 0x4F, 0x57, 0x20, 0x4D, 0x4F, 0x54, 0x49, 0x4F, 0x4E, 0x00,
};

const u8 lbl_8027947C[268] = {
    0x73, 0x63, 0x65, 0x6E, 0x65, 0x5F, 0x64, 0x61, 0x74, 0x61, 0x00, 0x00, 0x49, 0x6E, 0x76, 0x61,
    0x6C, 0x69, 0x64, 0x20, 0x4E, 0x75, 0x6C, 0x6C, 0x20, 0x4A, 0x6F, 0x69, 0x6E, 0x74, 0x20, 0x64,
    0x61, 0x74, 0x61, 0x21, 0x00, 0x00, 0x00, 0x00, 0x49, 0x6E, 0x76, 0x61, 0x6C, 0x69, 0x64, 0x20,
    0x44, 0x41, 0x54, 0x20, 0x66, 0x69, 0x6C, 0x65, 0x20, 0x70, 0x61, 0x74, 0x68, 0x21, 0x00, 0x00,
    0x49, 0x6E, 0x76, 0x61, 0x6C, 0x69, 0x64, 0x20, 0x47, 0x50, 0x54, 0x20, 0x66, 0x69, 0x6C, 0x65,
    0x20, 0x70, 0x61, 0x74, 0x68, 0x21, 0x00, 0x00, 0x41, 0x74, 0x74, 0x61, 0x63, 0x68, 0x6D, 0x65,
    0x6E, 0x74, 0x20, 0x65, 0x72, 0x72, 0x6F, 0x72, 0x21, 0x00, 0x00, 0x00, 0x49, 0x6E, 0x76, 0x61,
    0x6C, 0x69, 0x64, 0x20, 0x50, 0x61, 0x72, 0x74, 0x69, 0x63, 0x6C, 0x65, 0x20, 0x64, 0x61, 0x74,
    0x61, 0x21, 0x00, 0x00, 0x49, 0x6E, 0x76, 0x61, 0x6C, 0x69, 0x64, 0x20, 0x4D, 0x6F, 0x64, 0x65,
    0x6C, 0x20, 0x64, 0x61, 0x74, 0x61, 0x21, 0x00, 0x49, 0x6E, 0x76, 0x61, 0x6C, 0x69, 0x64, 0x20,
    0x45, 0x66, 0x66, 0x65, 0x63, 0x74, 0x20, 0x64, 0x61, 0x74, 0x61, 0x21, 0x00, 0x00, 0x00, 0x00,
    0x49, 0x6E, 0x76, 0x61, 0x6C, 0x69, 0x64, 0x20, 0x53, 0x6F, 0x75, 0x6E, 0x64, 0x20, 0x64, 0x61,
    0x74, 0x61, 0x21, 0x00, 0x49, 0x6E, 0x76, 0x61, 0x6C, 0x69, 0x64, 0x20, 0x4D, 0x6F, 0x64, 0x65,
    0x6C, 0x20, 0x41, 0x6E, 0x69, 0x6D, 0x61, 0x74, 0x69, 0x6F, 0x6E, 0x20, 0x64, 0x61, 0x74, 0x61,
    0x21, 0x00, 0x00, 0x00, 0x49, 0x6E, 0x76, 0x61, 0x6C, 0x69, 0x64, 0x20, 0x4D, 0x6F, 0x64, 0x65,
    0x6C, 0x20, 0x54, 0x65, 0x78, 0x74, 0x75, 0x72, 0x65, 0x20, 0x41, 0x6E, 0x69, 0x6D, 0x61, 0x74,
    0x69, 0x6F, 0x6E, 0x20, 0x64, 0x61, 0x74, 0x61, 0x21, 0x00, 0x00, 0x00,
};

const u8 lbl_80279588[43] = {
    0x77, 0x61, 0x7A, 0x61, 0x53, 0x65, 0x71, 0x75, 0x65, 0x6E, 0x63, 0x65, 0x45, 0x6E, 0x74, 0x72,
    0x79, 0x53, 0x74, 0x6F, 0x70, 0x3A, 0x20, 0x49, 0x6E, 0x76, 0x61, 0x6C, 0x69, 0x64, 0x20, 0x44,
    0x61, 0x74, 0x61, 0x20, 0x54, 0x79, 0x70, 0x65, 0x21, 0x0A, 0x00,
};

const u8 gap_04_802795B3_rodata[1] = {
    0x00,
};

const u8 lbl_802795B4[45] = {
    0x77, 0x61, 0x7A, 0x61, 0x53, 0x65, 0x71, 0x75, 0x65, 0x6E, 0x63, 0x65, 0x45, 0x6E, 0x74, 0x72,
    0x79, 0x55, 0x70, 0x64, 0x61, 0x74, 0x65, 0x3A, 0x20, 0x49, 0x6E, 0x76, 0x61, 0x6C, 0x69, 0x64,
    0x20, 0x44, 0x61, 0x74, 0x61, 0x20, 0x54, 0x79, 0x70, 0x65, 0x21, 0x0A, 0x00,
};

const u8 gap_04_802795E1_rodata[3] = {
    0x00, 0x00, 0x00,
};

const u8 lbl_802795E4[44] = {
    0x77, 0x61, 0x7A, 0x61, 0x53, 0x65, 0x71, 0x75, 0x65, 0x6E, 0x63, 0x65, 0x45, 0x6E, 0x74, 0x72,
    0x79, 0x53, 0x74, 0x61, 0x72, 0x74, 0x3A, 0x20, 0x49, 0x6E, 0x76, 0x61, 0x6C, 0x69, 0x64, 0x20,
    0x44, 0x61, 0x74, 0x61, 0x20, 0x54, 0x79, 0x70, 0x65, 0x21, 0x0A, 0x00,
};

const u8 lbl_80279610[57] = {
    0x77, 0x61, 0x7A, 0x61, 0x53, 0x65, 0x71, 0x75, 0x65, 0x6E, 0x63, 0x65, 0x45, 0x6E, 0x74, 0x72,
    0x79, 0x53, 0x74, 0x61, 0x72, 0x74, 0x3A, 0x20, 0x46, 0x61, 0x69, 0x6C, 0x65, 0x64, 0x20, 0x74,
    0x6F, 0x20, 0x73, 0x74, 0x61, 0x72, 0x74, 0x20, 0x73, 0x65, 0x71, 0x75, 0x65, 0x6E, 0x63, 0x65,
    0x20, 0x65, 0x6E, 0x74, 0x72, 0x79, 0x21, 0x0A, 0x00,
};

const u8 gap_04_80279649_rodata[3] = {
    0x00, 0x00, 0x00,
};

const u8 lbl_8027964C[11] = {
    0x73, 0x63, 0x65, 0x6E, 0x65, 0x5F, 0x64, 0x61, 0x74, 0x61, 0x00,
};

const u8 gap_04_80279657_rodata[1] = {
    0x00,
};

const u8 lbl_80279658[58] = {
    0x5F, 0x77, 0x61, 0x7A, 0x61, 0x53, 0x65, 0x71, 0x75, 0x65, 0x6E, 0x63, 0x65, 0x50, 0x61, 0x72,
    0x74, 0x69, 0x63, 0x6C, 0x65, 0x45, 0x6E, 0x74, 0x72, 0x79, 0x53, 0x74, 0x61, 0x72, 0x74, 0x3A,
    0x20, 0x53, 0x6F, 0x6D, 0x65, 0x20, 0x65, 0x72, 0x72, 0x6F, 0x72, 0x20, 0x6F, 0x63, 0x63, 0x75,
    0x72, 0x65, 0x64, 0x20, 0x68, 0x65, 0x72, 0x65, 0x0A, 0x00,
};

const u8 gap_04_80279692_rodata[2] = {
    0x00, 0x00,
};

const u8 lbl_80279694[55] = {
    0x5F, 0x77, 0x61, 0x7A, 0x61, 0x53, 0x65, 0x71, 0x75, 0x65, 0x6E, 0x63, 0x65, 0x4D, 0x6F, 0x64,
    0x65, 0x6C, 0x45, 0x6E, 0x74, 0x72, 0x79, 0x53, 0x74, 0x61, 0x72, 0x74, 0x3A, 0x20, 0x53, 0x6F,
    0x6D, 0x65, 0x20, 0x65, 0x72, 0x72, 0x6F, 0x72, 0x20, 0x6F, 0x63, 0x63, 0x75, 0x72, 0x65, 0x64,
    0x20, 0x68, 0x65, 0x72, 0x65, 0x0A, 0x00,
};

const u8 gap_04_802796CB_rodata[1] = {
    0x00,
};

const u8 lbl_802796CC[49] = {
    0x77, 0x61, 0x7A, 0x61, 0x53, 0x65, 0x71, 0x75, 0x65, 0x6E, 0x63, 0x65, 0x45, 0x6E, 0x74, 0x72,
    0x79, 0x53, 0x74, 0x61, 0x72, 0x74, 0x3A, 0x20, 0x53, 0x6F, 0x6D, 0x65, 0x20, 0x65, 0x72, 0x72,
    0x6F, 0x72, 0x20, 0x6F, 0x63, 0x63, 0x75, 0x72, 0x65, 0x64, 0x20, 0x68, 0x65, 0x72, 0x65, 0x0A,
    0x00,
};

const u8 gap_04_802796FD_rodata[3] = {
    0x00, 0x00, 0x00,
};

const u8 lbl_80279700[63] = {
    0x57, 0x61, 0x7A, 0x61, 0x20, 0x56, 0x69, 0x65, 0x77, 0x65, 0x72, 0x3A, 0x20, 0x43, 0x61, 0x6E,
    0x6E, 0x6F, 0x74, 0x20, 0x61, 0x74, 0x74, 0x61, 0x63, 0x68, 0x20, 0x74, 0x6F, 0x20, 0x61, 0x20,
    0x6D, 0x6F, 0x64, 0x65, 0x6C, 0x20, 0x74, 0x68, 0x61, 0x74, 0x20, 0x68, 0x61, 0x73, 0x6E, 0x27,
    0x74, 0x20, 0x73, 0x74, 0x61, 0x72, 0x74, 0x65, 0x64, 0x20, 0x79, 0x65, 0x74, 0x0A, 0x00,
};

const u8 gap_04_8027973F_rodata[1] = {
    0x00,
};

const u8 lbl_80279740[65] = {
    0x77, 0x61, 0x7A, 0x61, 0x53, 0x65, 0x71, 0x75, 0x65, 0x6E, 0x63, 0x65, 0x50, 0x6F, 0x6B, 0x65,
    0x6D, 0x6F, 0x6E, 0x4D, 0x6F, 0x74, 0x69, 0x6F, 0x6E, 0x53, 0x74, 0x61, 0x72, 0x74, 0x3A, 0x20,
    0x46, 0x61, 0x69, 0x6C, 0x65, 0x64, 0x20, 0x74, 0x6F, 0x20, 0x73, 0x74, 0x61, 0x72, 0x74, 0x20,
    0x70, 0x6F, 0x6B, 0x65, 0x6D, 0x6F, 0x6E, 0x20, 0x6D, 0x6F, 0x74, 0x69, 0x6F, 0x6E, 0x21, 0x0A,
    0x00,
};

const u8 gap_04_80279781_rodata[7] = {
    0x00, 0x00, 0x00, 0x00, 0x00, 0x00, 0x00,
};

const u8 lbl_80279788[360] = {
    0x77, 0x61, 0x7A, 0x61, 0x53, 0x65, 0x71, 0x75, 0x65, 0x6E, 0x63, 0x65, 0x53, 0x79, 0x73, 0x47,
    0x65, 0x74, 0x57, 0x61, 0x7A, 0x61, 0x54, 0x69, 0x6D, 0x65, 0x3A, 0x20, 0x72, 0x65, 0x71, 0x75,
    0x65, 0x73, 0x74, 0x69, 0x6E, 0x67, 0x20, 0x64, 0x61, 0x6D, 0x61, 0x67, 0x65, 0x20, 0x74, 0x69,
    0x6D, 0x65, 0x20, 0x66, 0x6F, 0x72, 0x20, 0x61, 0x74, 0x74, 0x61, 0x63, 0x6B, 0x20, 0x77, 0x61,
    0x7A, 0x61, 0x20, 0x74, 0x79, 0x70, 0x65, 0x21, 0x0A, 0x00, 0x00, 0x00, 0x77, 0x61, 0x7A, 0x61,
    0x53, 0x65, 0x71, 0x75, 0x65, 0x6E, 0x63, 0x65, 0x53, 0x79, 0x73, 0x47, 0x65, 0x74, 0x57, 0x61,
    0x7A, 0x61, 0x54, 0x69, 0x6D, 0x65, 0x3A, 0x20, 0x69, 0x6E, 0x76, 0x61, 0x6C, 0x69, 0x64, 0x20,
    0x76, 0x61, 0x6C, 0x75, 0x65, 0x20, 0x66, 0x6F, 0x72, 0x20, 0x70, 0x6F, 0x69, 0x6E, 0x74, 0x4E,
    0x61, 0x6D, 0x65, 0x21, 0x0A, 0x00, 0x00, 0x00, 0x77, 0x61, 0x7A, 0x61, 0x53, 0x65, 0x71, 0x75,
    0x65, 0x6E, 0x63, 0x65, 0x53, 0x79, 0x73, 0x47, 0x65, 0x74, 0x57, 0x61, 0x7A, 0x61, 0x54, 0x69,
    0x6D, 0x65, 0x3A, 0x20, 0x44, 0x41, 0x54, 0x41, 0x20, 0x45, 0x52, 0x52, 0x4F, 0x52, 0x20, 0x2D,
    0x20, 0x61, 0x74, 0x74, 0x61, 0x63, 0x6B, 0x20, 0x77, 0x61, 0x7A, 0x61, 0x20, 0x74, 0x72, 0x69,
    0x67, 0x67, 0x65, 0x72, 0x73, 0x20, 0x64, 0x61, 0x6D, 0x61, 0x67, 0x65, 0x20, 0x61, 0x6E, 0x69,
    0x6D, 0x61, 0x74, 0x69, 0x6F, 0x6E, 0x21, 0x0A, 0x00, 0x00, 0x00, 0x00, 0x77, 0x61, 0x7A, 0x61,
    0x53, 0x65, 0x71, 0x75, 0x65, 0x6E, 0x63, 0x65, 0x53, 0x79, 0x73, 0x47, 0x65, 0x74, 0x57, 0x61,
    0x7A, 0x61, 0x54, 0x69, 0x6D, 0x65, 0x3A, 0x20, 0x72, 0x65, 0x71, 0x75, 0x65, 0x73, 0x74, 0x69,
    0x6E, 0x67, 0x20, 0x61, 0x74, 0x74, 0x61, 0x63, 0x6B, 0x20, 0x74, 0x69, 0x6D, 0x65, 0x20, 0x66,
    0x6F, 0x72, 0x20, 0x64, 0x61, 0x6D, 0x61, 0x67, 0x65, 0x20, 0x77, 0x61, 0x7A, 0x61, 0x20, 0x74,
    0x79, 0x70, 0x65, 0x21, 0x0A, 0x00, 0x00, 0x00, 0x77, 0x61, 0x7A, 0x61, 0x53, 0x65, 0x71, 0x75,
    0x65, 0x6E, 0x63, 0x65, 0x53, 0x79, 0x73, 0x47, 0x65, 0x74, 0x57, 0x61, 0x7A, 0x61, 0x54, 0x69,
    0x6D, 0x65, 0x3A, 0x20, 0x69, 0x6E, 0x76, 0x61, 0x6C, 0x69, 0x64, 0x20, 0x76, 0x61, 0x6C, 0x75,
    0x65, 0x20, 0x66, 0x6F, 0x72, 0x20, 0x77, 0x61, 0x7A, 0x61, 0x5F, 0x74, 0x79, 0x70, 0x65, 0x21,
    0x0A, 0x00, 0x00, 0x00, 0x00, 0x00, 0x00, 0x00,
};

const u8 lbl_802798F0[53] = {
    0x77, 0x61, 0x7A, 0x61, 0x53, 0x65, 0x71, 0x75, 0x65, 0x6E, 0x63, 0x65, 0x55, 0x70, 0x64, 0x61,
    0x74, 0x65, 0x3A, 0x20, 0x43, 0x6F, 0x75, 0x6C, 0x64, 0x20, 0x6E, 0x6F, 0x74, 0x20, 0x73, 0x74,
    0x61, 0x72, 0x74, 0x20, 0x73, 0x65, 0x71, 0x75, 0x65, 0x6E, 0x63, 0x65, 0x20, 0x65, 0x6E, 0x74,
    0x72, 0x79, 0x21, 0x0A, 0x00,
};

const u8 gap_04_80279925_rodata[3] = {
    0x00, 0x00, 0x00,
};

const u8 lbl_80279928[52] = {
    0x77, 0x61, 0x7A, 0x61, 0x53, 0x65, 0x71, 0x75, 0x65, 0x6E, 0x63, 0x65, 0x55, 0x70, 0x64, 0x61,
    0x74, 0x65, 0x3A, 0x20, 0x43, 0x6F, 0x75, 0x6C, 0x64, 0x20, 0x6E, 0x6F, 0x74, 0x20, 0x73, 0x74,
    0x6F, 0x70, 0x20, 0x73, 0x65, 0x71, 0x75, 0x65, 0x6E, 0x63, 0x65, 0x20, 0x65, 0x6E, 0x74, 0x72,
    0x79, 0x21, 0x0A, 0x00,
};

const u8 lbl_8027995C[29] = {
    0x45, 0x72, 0x72, 0x6F, 0x72, 0x20, 0x66, 0x72, 0x65, 0x65, 0x69, 0x6E, 0x67, 0x20, 0x65, 0x6E,
    0x74, 0x72, 0x79, 0x20, 0x6D, 0x65, 0x6D, 0x6F, 0x72, 0x79, 0x21, 0x0A, 0x00,
};

const u8 gap_04_80279979_rodata[3] = {
    0x00, 0x00, 0x00,
};

const u8 lbl_8027997C[26] = {
    0x45, 0x72, 0x72, 0x6F, 0x72, 0x20, 0x4C, 0x6F, 0x61, 0x64, 0x69, 0x6E, 0x67, 0x20, 0x57, 0x61,
    0x7A, 0x61, 0x20, 0x66, 0x69, 0x6C, 0x65, 0x21, 0x0A, 0x00,
};

const u8 gap_04_80279996_rodata[2] = {
    0x00, 0x00,
};

const u8 lbl_80279998[44] = {
    0x73, 0x65, 0x71, 0x75, 0x65, 0x6E, 0x63, 0x65, 0x4C, 0x6F, 0x61, 0x64, 0x3A, 0x20, 0x45, 0x72,
    0x72, 0x6F, 0x72, 0x20, 0x4C, 0x6F, 0x61, 0x64, 0x69, 0x6E, 0x67, 0x20, 0x53, 0x65, 0x71, 0x75,
    0x65, 0x6E, 0x63, 0x65, 0x20, 0x66, 0x69, 0x6C, 0x65, 0x21, 0x0A, 0x00,
};

const u8 gap_04_802799C4_rodata[4] = {
    0x00, 0x00, 0x00, 0x00,
};

const u8 lbl_802799C8[16] = {
    0x93, 0xC7, 0x82, 0xDD, 0x8F, 0x6F, 0x82, 0xB5, 0x83, 0x47, 0x83, 0x89, 0x81, 0x5B, 0x0A, 0x00,
};

const u8 lbl_802799D8[39] = {
    0x5F, 0x65, 0x79, 0x65, 0x54, 0x65, 0x78, 0x41, 0x6E, 0x69, 0x6D, 0x45, 0x6E, 0x64, 0x65, 0x64,
    0x3A, 0x20, 0x57, 0x72, 0x6F, 0x6E, 0x67, 0x20, 0x61, 0x63, 0x74, 0x69, 0x6F, 0x6E, 0x20, 0x76,
    0x61, 0x6C, 0x75, 0x65, 0x21, 0x0A, 0x00,
};

const u8 gap_04_802799FF_rodata[1] = {
    0x00,
};

const u8 lbl_80279A00[104] = {
    0x03, 0x64, 0x04, 0x00, 0x03, 0x65, 0x04, 0x00, 0x03, 0x64, 0x04, 0x00, 0x03, 0x36, 0x04, 0x00,
    0x03, 0x36, 0x04, 0x00, 0x03, 0x6A, 0x04, 0x00, 0x03, 0x66, 0x04, 0x00, 0x03, 0x40, 0x04, 0x00,
    0x03, 0x67, 0x04, 0x00, 0x03, 0x69, 0x04, 0x00, 0x03, 0x6C, 0x04, 0x00, 0x03, 0x63, 0x04, 0x00,
    0x03, 0x68, 0x04, 0x00, 0x00, 0x00, 0x00, 0x00, 0x00, 0x00, 0x00, 0x00, 0x00, 0x00, 0x00, 0x00,
    0x3F, 0xC0, 0x00, 0x00, 0x3F, 0xC0, 0x00, 0x00, 0x3F, 0xC0, 0x00, 0x00, 0x00, 0x00, 0x00, 0x00,
    0x00, 0x00, 0x00, 0x00, 0x00, 0x00, 0x00, 0x00, 0x3F, 0x80, 0x00, 0x00, 0x3F, 0x80, 0x00, 0x00,
    0x3F, 0x80, 0x00, 0x00, 0x00, 0x00, 0x00, 0x00,
};

const u8 lbl_80279A68[128] = {
    0x45, 0x52, 0x52, 0x4F, 0x52, 0x28, 0x47, 0x53, 0x6D, 0x6F, 0x76, 0x69, 0x65, 0x29, 0x3A, 0x20,
    0x46, 0x61, 0x69, 0x6C, 0x20, 0x74, 0x6F, 0x20, 0x6F, 0x70, 0x65, 0x6E, 0x20, 0x74, 0x68, 0x65,
    0x20, 0x74, 0x68, 0x70, 0x20, 0x66, 0x69, 0x6C, 0x65, 0x20, 0x3D, 0x20, 0x25, 0x73, 0x0A, 0x00,
    0x45, 0x52, 0x52, 0x4F, 0x52, 0x28, 0x47, 0x53, 0x6D, 0x6F, 0x76, 0x69, 0x65, 0x29, 0x3A, 0x20,
    0x43, 0x61, 0x6E, 0x27, 0x74, 0x20, 0x61, 0x6C, 0x6C, 0x6F, 0x63, 0x61, 0x74, 0x65, 0x20, 0x74,
    0x68, 0x65, 0x20, 0x6D, 0x65, 0x6D, 0x6F, 0x72, 0x79, 0x0A, 0x00, 0x00, 0x45, 0x52, 0x52, 0x4F,
    0x52, 0x28, 0x47, 0x53, 0x6D, 0x6F, 0x76, 0x69, 0x65, 0x29, 0x3A, 0x20, 0x46, 0x61, 0x69, 0x6C,
    0x20, 0x74, 0x6F, 0x20, 0x70, 0x72, 0x65, 0x70, 0x61, 0x72, 0x65, 0x0A, 0x00, 0x00, 0x00, 0x00,
};

const u8 lbl_80279AE8[144] = {
    0x00, 0x01, 0x08, 0x10, 0x09, 0x02, 0x03, 0x0A, 0x11, 0x18, 0x20, 0x19, 0x12, 0x0B, 0x04, 0x05,
    0x0C, 0x13, 0x1A, 0x21, 0x28, 0x30, 0x29, 0x22, 0x1B, 0x14, 0x0D, 0x06, 0x07, 0x0E, 0x15, 0x1C,
    0x23, 0x2A, 0x31, 0x38, 0x39, 0x32, 0x2B, 0x24, 0x1D, 0x16, 0x0F, 0x17, 0x1E, 0x25, 0x2C, 0x33,
    0x3A, 0x3B, 0x34, 0x2D, 0x26, 0x1F, 0x27, 0x2E, 0x35, 0x3C, 0x3D, 0x36, 0x2F, 0x37, 0x3E, 0x3F,
    0x3F, 0x3F, 0x3F, 0x3F, 0x3F, 0x3F, 0x3F, 0x3F, 0x3F, 0x3F, 0x3F, 0x3F, 0x3F, 0x3F, 0x3F, 0x3F,
    0x3F, 0xF0, 0x00, 0x00, 0x00, 0x00, 0x00, 0x00, 0x3F, 0xF6, 0x31, 0x50, 0xC0, 0x00, 0x00, 0x00,
    0x3F, 0xF4, 0xE7, 0xAE, 0xA0, 0x00, 0x00, 0x00, 0x3F, 0xF2, 0xD0, 0x62, 0xE0, 0x00, 0x00, 0x00,
    0x3F, 0xF0, 0x00, 0x00, 0x00, 0x00, 0x00, 0x00, 0x3F, 0xE9, 0x24, 0x69, 0xC0, 0x00, 0x00, 0x00,
    0x3F, 0xE1, 0x51, 0x7A, 0x80, 0x00, 0x00, 0x00, 0x3F, 0xD1, 0xA8, 0x55, 0xE0, 0x00, 0x00, 0x00,
};

const void* lbl_80279B78[3] = {
    (void*)fn_802615F4,
    (void*)fn_8026153C,
    (void*)fn_802614B4,
};

const u8 lbl_80279B84[84] = {
    0x00, 0x00, 0x00, 0x45, 0x00, 0x00, 0x00, 0x46, 0x00, 0x00, 0x00, 0x47, 0x00, 0x00, 0x00, 0x48,
    0x00, 0x00, 0x00, 0x49, 0x00, 0x00, 0x00, 0x4A, 0x00, 0x00, 0x00, 0x4C, 0x00, 0x00, 0x00, 0x4D,
    0x00, 0x00, 0x00, 0x4E, 0x00, 0x00, 0x00, 0x4F, 0x00, 0x00, 0x00, 0x4B, 0x00, 0x00, 0x00, 0xF1,
    0x00, 0x00, 0x00, 0xF2, 0x00, 0x00, 0x00, 0xF3, 0x00, 0x00, 0x00, 0xF4, 0x00, 0x00, 0x01, 0x00,
    0x00, 0x00, 0x01, 0x01, 0x00, 0x00, 0x01, 0x02, 0x00, 0x00, 0x01, 0x03, 0x00, 0x00, 0x01, 0x0B,
    0x00, 0x00, 0x01, 0x0A,
};

const u8 lbl_80279BD8[37] = {
    0x2D, 0x2D, 0x2D, 0x2D, 0x2D, 0x2D, 0x2D, 0x2D, 0x2D, 0x2D, 0x20, 0x66, 0x69, 0x67, 0x68, 0x74,
    0x20, 0x65, 0x6E, 0x64, 0x20, 0x21, 0x21, 0x20, 0x2D, 0x2D, 0x2D, 0x2D, 0x2D, 0x2D, 0x2D, 0x2D,
    0x2D, 0x2D, 0x20, 0x0A, 0x00,
};

const u8 gap_04_80279BFD_rodata[3] = {
    0x00, 0x00, 0x00,
};

const u8 lbl_80279C00[39] = {
    0x2D, 0x2D, 0x2D, 0x2D, 0x2D, 0x2D, 0x2D, 0x2D, 0x2D, 0x2D, 0x20, 0x66, 0x69, 0x67, 0x68, 0x74,
    0x20, 0x73, 0x74, 0x61, 0x72, 0x74, 0x20, 0x21, 0x21, 0x20, 0x2D, 0x2D, 0x2D, 0x2D, 0x2D, 0x2D,
    0x2D, 0x2D, 0x2D, 0x2D, 0x20, 0x0A, 0x00,
};

const u8 gap_04_80279C27_rodata[1] = {
    0x00,
};

const u8 lbl_80279C28[32] = {
    0x00, 0x36, 0x00, 0x42, 0x00, 0x44, 0x00, 0x45, 0x00, 0x46, 0x00, 0x47, 0x00, 0x48, 0x00, 0x49,
    0x00, 0x4B, 0x00, 0x4C, 0x00, 0x4D, 0x00, 0x4E, 0x00, 0x4F, 0x00, 0x00, 0x00, 0x00, 0x00, 0x00,
};

const u8 lbl_80279C48[12] = {
    0x00, 0x93, 0x00, 0x94, 0x00, 0x95, 0x00, 0x96, 0x00, 0x97, 0x00, 0x98,
};

const u8 lbl_80279C54[12] = {
    0x00, 0x8D, 0x00, 0x8E, 0x00, 0x8F, 0x00, 0x90, 0x00, 0x91, 0x00, 0x92,
};

const u8 lbl_80279C60[16] = {
    0x00, 0xE6, 0x00, 0xE7, 0x00, 0xE8, 0x00, 0xE9, 0x00, 0xEA, 0x00, 0xEB, 0x00, 0xEC, 0x00, 0x00,
};

const u8 lbl_80279C70[16] = {
    0x00, 0xE6, 0x00, 0xE7, 0x00, 0xE8, 0x00, 0xE9, 0x00, 0xEA, 0x00, 0xEB, 0x00, 0xEC, 0x00, 0x00,
};

const u8 lbl_80279C80[16] = {
    0x00, 0xE6, 0x00, 0xE7, 0x00, 0xE8, 0x00, 0xE9, 0x00, 0xEA, 0x00, 0xEB, 0x00, 0xEC, 0x00, 0x00,
};

const u8 lbl_80279C90[20] = {
    0x00, 0x22, 0x00, 0x0D, 0x00, 0x0B, 0x00, 0x0C, 0x00, 0x1F, 0x00, 0x20, 0x00, 0x21, 0x00, 0x2E,
    0x00, 0x2F, 0x00, 0x00,
};

const u8 lbl_80279CA4[20] = {
    0x01, 0x06, 0x01, 0x08, 0x01, 0x0B, 0x01, 0x0C, 0x01, 0x0D, 0x01, 0x0E, 0x01, 0x0F, 0x01, 0x10,
    0x01, 0x07, 0x00, 0x00,
};

const u8 lbl_80279CB8[28] = {
    0x00, 0x6E, 0x00, 0x88, 0x00, 0x89, 0x00, 0x8A, 0x00, 0x8B, 0x00, 0x8C, 0x00, 0x93, 0x00, 0x94,
    0x00, 0x95, 0x00, 0x96, 0x00, 0x97, 0x00, 0x98, 0x00, 0xB6, 0x00, 0xB7,
};

const u8 lbl_80279CD4[16] = {
    0x00, 0xE6, 0x00, 0xE7, 0x00, 0xE8, 0x00, 0xE9, 0x00, 0xEA, 0x00, 0xEB, 0x00, 0xEC, 0x00, 0x00,
};

const u8 lbl_80279CE4[36] = {
    0x00, 0x7A, 0x00, 0x83, 0x00, 0x87, 0x00, 0x88, 0x00, 0x89, 0x00, 0x8A, 0x00, 0x8B, 0x00, 0x8C,
    0x00, 0x8D, 0x00, 0x8E, 0x00, 0x8F, 0x00, 0x90, 0x00, 0x91, 0x00, 0x92, 0x00, 0x99, 0x00, 0xC7,
    0x00, 0x79, 0x00, 0xC6,
};

const u8 lbl_80279D08[16] = {
    0x00, 0x41, 0x00, 0x42, 0x00, 0x43, 0x00, 0x44, 0x00, 0x45, 0x00, 0x46, 0x00, 0x47, 0x00, 0x00,
};

const u8 lbl_80279D18[20] = {
    0x00, 0x00, 0x75, 0x3E, 0x00, 0x00, 0x75, 0x3F, 0x00, 0x00, 0x75, 0x42, 0x00, 0x00, 0x75, 0x40,
    0x00, 0x00, 0x75, 0x41,
};

const u8 lbl_80279D2C[92] = {
    0x00, 0x00, 0x76, 0x45, 0x00, 0x00, 0x76, 0x45, 0x00, 0x00, 0x75, 0x49, 0x00, 0x00, 0x75, 0x4A,
    0x00, 0x00, 0x75, 0x4B, 0x00, 0x00, 0x76, 0x4A, 0x00, 0x00, 0x76, 0x4B, 0x00, 0x00, 0x76, 0x47,
    0x00, 0x00, 0x76, 0x4F, 0x00, 0x00, 0x76, 0x52, 0x00, 0x00, 0x76, 0x55, 0x00, 0x00, 0x76, 0x4C,
    0x00, 0x00, 0x76, 0x4D, 0x00, 0x00, 0x76, 0x4E, 0x00, 0x00, 0x75, 0x95, 0x00, 0x00, 0x75, 0xC8,
    0x00, 0x00, 0x76, 0x47, 0x00, 0x00, 0x76, 0x47, 0x00, 0x00, 0x75, 0x7A, 0x00, 0x00, 0x75, 0x7B,
    0x00, 0x00, 0x75, 0x78, 0x00, 0x00, 0x75, 0x79, 0x00, 0x00, 0x75, 0x7C,
};

const u8 lbl_80279D88[20] = {
    0x00, 0x00, 0x75, 0x99, 0x00, 0x00, 0x75, 0x9A, 0x00, 0x00, 0x75, 0x43, 0x00, 0x00, 0x75, 0x9B,
    0x00, 0x00, 0x76, 0x1C,
};

const u8 lbl_80279D9C[12] = {
    0x00, 0x00, 0x75, 0xA6, 0x00, 0x00, 0x75, 0xA7, 0x00, 0x00, 0x75, 0xA8,
};

const u8 lbl_80279DA8[24] = {
    0x00, 0x00, 0x76, 0x2A, 0x00, 0x00, 0x76, 0x2B, 0x00, 0x00, 0x75, 0x68, 0x00, 0x00, 0x00, 0x00,
    0x00, 0x00, 0x76, 0x2C, 0x00, 0x00, 0x75, 0xF7,
};

const u8 lbl_80279DC0[16] = {
    0x00, 0x00, 0x76, 0x2D, 0x00, 0x00, 0x76, 0x2E, 0x00, 0x00, 0x75, 0x69, 0x00, 0x00, 0x00, 0x00,
};

const u8 lbl_80279DD0[76] = {
    0x00, 0x00, 0x75, 0x81, 0x00, 0x00, 0x75, 0x82, 0x00, 0x00, 0x75, 0x83, 0x00, 0x00, 0x75, 0x84,
    0x00, 0x00, 0x75, 0x85, 0x00, 0x00, 0x75, 0x86, 0x00, 0x00, 0x75, 0x87, 0x00, 0x00, 0x75, 0x88,
    0x00, 0x00, 0x75, 0x89, 0x00, 0x00, 0x75, 0x8C, 0x00, 0x00, 0x75, 0x8A, 0x00, 0x00, 0x75, 0x8D,
    0x00, 0x00, 0x75, 0x8A, 0x00, 0x00, 0x75, 0x8B, 0x00, 0x00, 0x76, 0x5F, 0x00, 0x00, 0x76, 0x5F,
    0x00, 0x00, 0x76, 0x5F, 0x00, 0x00, 0x76, 0x5F, 0x00, 0x00, 0x75, 0xF4,
};

const u8 lbl_80279E1C[20] = {
    0x00, 0x00, 0x77, 0x20, 0x00, 0x00, 0x77, 0x18, 0x00, 0x00, 0x77, 0x19, 0x00, 0x00, 0x77, 0x1A,
    0x00, 0x00, 0x77, 0x1A,
};

const u8 lbl_80279E30[36] = {
    0x00, 0x00, 0x76, 0xB4, 0x00, 0x00, 0x76, 0xAF, 0x00, 0x00, 0x76, 0xB2, 0x00, 0x00, 0x76, 0xB1,
    0x00, 0x00, 0x76, 0xB0, 0x00, 0x00, 0x76, 0xB3, 0x00, 0x00, 0x76, 0x12, 0x00, 0x00, 0x75, 0x30,
    0x00, 0x00, 0x76, 0x25,
};

const u8 lbl_80279E54[24] = {
    0x00, 0x00, 0x76, 0x08, 0x00, 0x00, 0x75, 0x30, 0x00, 0x00, 0x76, 0x25, 0x00, 0x00, 0x76, 0x0A,
    0x00, 0x00, 0x75, 0x30, 0x00, 0x00, 0x76, 0x25,
};

const u8 lbl_80279E6C[16] = {
    0x00, 0x00, 0x76, 0x66, 0x00, 0x00, 0x76, 0x67, 0x00, 0x00, 0x76, 0x68, 0x00, 0x00, 0x76, 0x69,
};

const u8 lbl_80279E7C[36] = {
    0x00, 0x00, 0x76, 0x93, 0x00, 0x00, 0x76, 0x94, 0x00, 0x00, 0x76, 0x95, 0x00, 0x00, 0x76, 0x96,
    0x00, 0x00, 0x76, 0x97, 0x00, 0x00, 0x76, 0x98, 0x00, 0x00, 0x76, 0x99, 0x00, 0x00, 0x76, 0x9A,
    0x00, 0x00, 0x76, 0x93,
};

const u8 lbl_80279EA0[24] = {
    0x00, 0x00, 0x76, 0x7A, 0x00, 0x00, 0x76, 0x7B, 0x00, 0x00, 0x76, 0x7C, 0x00, 0x00, 0x76, 0x7D,
    0x00, 0x00, 0x76, 0x70, 0x00, 0x00, 0x76, 0x73,
};

const u8 lbl_80279EB8[24] = {
    0x00, 0x00, 0x76, 0x7F, 0x00, 0x00, 0x76, 0x80, 0x00, 0x00, 0x76, 0x81, 0x00, 0x00, 0x76, 0x82,
    0x00, 0x00, 0x77, 0x23, 0x00, 0x00, 0x76, 0x84,
};

const u8 lbl_80279ED0[36] = {
    0x1F, 0x06, 0x2A, 0x08, 0x2E, 0x04, 0x2F, 0x05, 0x30, 0x0C, 0x31, 0x11, 0x32, 0x01, 0x33, 0x0D,
    0x34, 0x0B, 0x35, 0x02, 0x36, 0x03, 0x37, 0x0F, 0x38, 0x07, 0x39, 0x0E, 0x3A, 0x0A, 0x3B, 0x10,
    0x3C, 0x00, 0x00, 0x00,
};

const u8 lbl_80279EF4[120] = {
    0x00, 0x00, 0x00, 0x08, 0x00, 0x03, 0x00, 0x06, 0x00, 0x07, 0x00, 0x05, 0x00, 0x04, 0x00, 0x09,
    0x00, 0x11, 0x00, 0x00, 0x00, 0x0B, 0x00, 0x00, 0x00, 0x22, 0x00, 0x0E, 0x00, 0x00, 0x00, 0x00,
    0x00, 0x00, 0x00, 0x00, 0x00, 0x00, 0x00, 0x00, 0x00, 0x00, 0x00, 0x00, 0x00, 0x00, 0x00, 0x00,
    0x00, 0x00, 0x00, 0x00, 0x00, 0x00, 0x00, 0x00, 0x00, 0x00, 0x00, 0x12, 0x00, 0x00, 0x00, 0x00,
    0x00, 0x16, 0x00, 0x17, 0x00, 0x00, 0x00, 0x00, 0x00, 0x00, 0x00, 0x00, 0x00, 0x00, 0x00, 0x00,
    0x00, 0x00, 0x00, 0x00, 0x00, 0x00, 0x00, 0x00, 0x00, 0x00, 0x00, 0x00, 0x00, 0x00, 0x00, 0x00,
    0x00, 0x00, 0x00, 0x00, 0x00, 0x00, 0x00, 0x00, 0x00, 0x00, 0x00, 0x0D, 0x00, 0x00, 0x00, 0x00,
    0x00, 0x00, 0x00, 0x00, 0x00, 0x00, 0x00, 0x00,
};

const u8 lbl_80279F6C[16] = {
    0x00, 0x14, 0x00, 0x23, 0x00, 0x53, 0x00, 0x80, 0x00, 0xFA, 0x01, 0x48, 0xFF, 0xFF, 0x00, 0x00,
};

const u8 lbl_80279F7C[12] = {
    0x01, 0xC8, 0x04, 0x96, 0x09, 0x64, 0x10, 0x50, 0x20, 0x28, 0x30, 0x14,
};

const u8 lbl_80279F88[24] = {
    0x00, 0x64, 0x00, 0x14, 0x00, 0xFA, 0x00, 0x28, 0x01, 0xF4, 0x00, 0x3C, 0x03, 0xE8, 0x00, 0x50,
    0x07, 0xD0, 0x00, 0x64, 0xFF, 0xFF, 0xFF, 0xFF,
};

const u8 lbl_80279FA0[48] = {
    0x01, 0x63, 0x01, 0x64, 0x01, 0x65, 0x00, 0x76, 0x00, 0xA5, 0x00, 0xA6, 0x00, 0x66, 0xFF, 0xFE,
    0x00, 0x44, 0x00, 0xF3, 0x00, 0xB6, 0x00, 0xC5, 0x00, 0xCB, 0x00, 0xC2, 0x00, 0xD6, 0x00, 0xA8,
    0x01, 0x0A, 0x01, 0x21, 0x01, 0x0E, 0x01, 0x57, 0x01, 0x0F, 0x01, 0x08, 0xFF, 0xFF, 0x00, 0x00,
};

const u8 lbl_80279FD0[16] = {
    0x00, 0xE6, 0x00, 0xE7, 0x00, 0xE8, 0x00, 0xE9, 0x00, 0xEA, 0x00, 0xEB, 0x00, 0xEC, 0x00, 0x00,
};

const u8 lbl_80279FE0[24] = {
    0x00, 0x0F, 0x00, 0x16, 0x00, 0x09, 0x00, 0x18, 0x00, 0x14, 0x00, 0x1C, 0x00, 0x1D, 0x00, 0x1E,
    0x00, 0x25, 0x00, 0x38, 0x00, 0x39, 0x00, 0x00,
};

const u8 lbl_80279FF8[20] = {
    0xFF, 0xFF, 0xFF, 0xFF, 0xFF, 0xFF, 0xFF, 0xFF, 0xFF, 0xFF, 0xFF, 0xFF, 0xFF, 0xFF, 0xFF, 0xFF,
    0xFF, 0xFF, 0xFF, 0xFF,
};

const void* lbl_8027A00C[255] = {
    (void*)WS_HITCHECK,
    (void*)fn_802284B0,
    (void*)fn_802282D8,
    (void*)fn_8022808C,
    (void*)WS_CRITICAL_CHECK,
    (void*)fn_80227C40,
    (void*)WS_TYPE_CHECK,
    (void*)WS_DAMAGE_LOSS,
    (void*)WS_DAMAGE_LOSS_ONLY,
    (void*)fn_80226FD4,
    (void*)fn_80226F0C,
    (void*)fn_80226914,
    (void*)fn_802267E8,
    (void*)fn_80226730,
    (void*)fn_802266EC,
    (void*)fn_8022631C,
    (void*)fn_802262D0,
    (void*)fn_80226284,
    (void*)fn_8022622C,
    (void*)fn_802261B0,
    (void*)fn_80226134,
    (void*)fn_80224820,
    (void*)WS_TSUIKA_DIRECT_ACT,
    (void*)WS_TSUIKA_INDIRECT_ACT,
    (void*)fn_80224740,
    (void*)fn_80224158,
    (void*)fn_80224060,
    (void*)fn_80223F1C,
    (void*)WS_CONDITION_CHECK,
    (void*)fn_80223D64,
    (void*)fn_80223CE8,
    (void*)WS_SIDECONDITION_CHECK,
    (void*)fn_80223AF4,
    (void*)WS_WAZAKOUKA_CHECK,
    (void*)WS_CHECK_TYPE,
    (void*)fn_802232F4,
    (void*)fn_80222C44,
    (void*)fn_80222BD8,
    (void*)fn_80222B7C,
    (void*)fn_80222ADC,
    (void*)fn_80222ACC,
    (void*)fn_802229EC,
    (void*)fn_8022290C,
    (void*)fn_80222844,
    (void*)fn_802227D4,
    (void*)fn_8022275C,
    (void*)fn_8022273C,
    (void*)fn_80222714,
    (void*)fn_802226EC,
    (void*)fn_802226A4,
    (void*)fn_80222654,
    (void*)fn_8022262C,
    (void*)fn_80222604,
    (void*)fn_802225DC,
    (void*)fn_802225B0,
    (void*)fn_80222584,
    (void*)fn_80222554,
    (void*)fn_80222520,
    (void*)fn_80222510,
    (void*)fn_80222500,
    (void*)WS_SEQRET,
    (void*)WS_WAZAEND,
    (void*)WS_SEQEND,
    (void*)WS_SPEABIEND,
    (void*)fn_80229C90,
    (void*)fn_80222494,
    (void*)fn_80222438,
    (void*)fn_802223E0,
    (void*)WS_ALERTEND,
    (void*)fn_80222370,
    (void*)fn_802222F4,
    (void*)fn_8022106C,
    (void*)fn_80220868,
    (void*)fn_8021FAD4,
    (void*)fn_80227490,
    (void*)fn_8021F998,
    (void*)fn_8021F92C,
    (void*)fn_8021F664,
    (void*)fn_8021F458,
    (void*)fn_8021F39C,
    (void*)fn_8021F24C,
    (void*)fn_8021F1CC,
    (void*)fn_8021EF24,
    (void*)fn_8021EF14,
    (void*)fn_8021EED4,
    (void*)fn_8021EE98,
    (void*)fn_8021EE48,
    (void*)fn_8021EE38,
    (void*)fn_8021ED70,
    (void*)WS_WAZAOBOE_CHECK,
    (void*)fn_8021EAE8,
    (void*)fn_8021EA94,
    (void*)fn_8021E9F4,
    (void*)fn_8021E754,
    (void*)fn_8021E744,
    (void*)WS_SWITCH_A_D,
    (void*)fn_8021E6EC,
    (void*)fn_8021E6DC,
    (void*)fn_8021E6CC,
    (void*)fn_8021E600,
    (void*)fn_8021E288,
    (void*)fn_8021E04C,
    (void*)fn_8021DF80,
    (void*)fn_8021DF70,
    (void*)WS_SCA_END_SET,
    (void*)WS_KORAERU_CHECK,
    (void*)fn_8021DE4C,
    (void*)fn_8021DE3C,
    (void*)fn_8021DDD8,
    (void*)fn_8021DDC8,
    (void*)fn_8021DDB8,
    (void*)fn_8021DD44,
    (void*)fn_8021DD34,
    (void*)fn_8021ECF8,
    (void*)fn_8021DD24,
    (void*)fn_8021DB78,
    (void*)fn_8021D9C0,
    (void*)fn_8021D688,
    (void*)fn_8021D40C,
    (void*)fn_8021D224,
    (void*)fn_8021D090,
    (void*)fn_8021D010,
    (void*)fn_8021CF3C,
    (void*)fn_8021CE60,
    (void*)fn_8021CCE0,
    (void*)fn_8021CC5C,
    (void*)fn_8021CB58,
    (void*)fn_8021CA00,
    (void*)fn_8021C900,
    (void*)fn_8021C75C,
    (void*)WS_NEKODAMASHI,
    (void*)fn_8021C6F4,
    (void*)fn_8021C588,
    (void*)fn_8021C490,
    (void*)fn_8021C308,
    (void*)fn_8021C190,
    (void*)fn_8021C0F4,
    (void*)fn_8021B8B8,
    (void*)WS_KUROIKIRI,
    (void*)fn_8021B760,
    (void*)WS_ABARERU,
    (void*)fn_8021B628,
    (void*)fn_8021B610,
    (void*)fn_8021B484,
    (void*)fn_8021B1A4,
    (void*)fn_8021B0B0,
    (void*)fn_8021AFAC,
    (void*)fn_8021AC1C,
    (void*)fn_8021AB9C,
    (void*)WS_WEATHER_CHANGE,
    (void*)fn_8021A984,
    (void*)fn_8021A878,
    (void*)fn_8021A80C,
    (void*)fn_8021A764,
    (void*)fn_8021A6CC,
    (void*)fn_8021A478,
    (void*)fn_8021A338,
    (void*)fn_8021A054,
    (void*)fn_80219E10,
    (void*)fn_80219D98,
    (void*)fn_80219CF4,
    (void*)fn_80219B2C,
    (void*)fn_80219964,
    (void*)fn_80219838,
    (void*)fn_802196A8,
    (void*)fn_802195A0,
    (void*)fn_80219354,
    (void*)fn_802192B4,
    (void*)fn_8021908C,
    (void*)fn_80218D24,
    (void*)WS_MICHIDURE,
    (void*)fn_80218BD4,
    (void*)fn_80218A6C,
    (void*)fn_80218824,
    (void*)fn_8021847C,
    (void*)fn_802183BC,
    (void*)fn_802182D4,
    (void*)WS_MIYABURU,
    (void*)fn_80218018,
    (void*)fn_80217E20,
    (void*)fn_80217D34,
    (void*)fn_80217C04,
    (void*)fn_80217AE4,
    (void*)fn_8021799C,
    (void*)fn_802178F4,
    (void*)fn_802177E4,
    (void*)fn_802175A8,
    (void*)fn_80217524,
    (void*)fn_80217434,
    (void*)WS_JIKOANJI,
    (void*)fn_80217220,
    (void*)WS_MARUKUNARU,
    (void*)fn_802170B4,
    (void*)fn_80217018,
    (void*)fn_80216F50,
    (void*)fn_80216D9C,
    (void*)fn_80216A58,
    (void*)WS_KIERUTAME,
    (void*)WS_KIERUTAME_AFTAR,
    (void*)WS_CHIISAKUNARU,
    (void*)fn_80216780,
    (void*)fn_80216650,
    (void*)fn_802165B4,
    (void*)WS_JUUDEN,
    (void*)fn_80216410,
    (void*)fn_80216364,
    (void*)WS_ICHAMON,
    (void*)fn_80216264,
    (void*)WS_CHOUHATSU,
    (void*)fn_802160EC,
    (void*)fn_80215CF0,
    (void*)WS_NARIKIRI,
    (void*)fn_80215AEC,
    (void*)WS_NEWOHARU,
    (void*)fn_80215954,
    (void*)WS_AKUBI,
    (void*)fn_80215808,
    (void*)fn_80215720,
    (void*)fn_80215614,
    (void*)fn_80215374,
    (void*)WS_ONNEN,
    (void*)fn_802151C0,
    (void*)fn_80214F10,
    (void*)fn_80214E50,
    (void*)fn_80214DB0,
    (void*)fn_80214CB0,
    (void*)fn_80214C04,
    (void*)fn_80214BB4,
    (void*)WS_HIMITUNOTIKARA,
    (void*)fn_80214B58,
    (void*)fn_80214AFC,
    (void*)fn_80214AB4,
    (void*)fn_802149B8,
    (void*)fn_80214864,
    (void*)fn_80214794,
    (void*)fn_802146C4,
    (void*)fn_802146B4,
    (void*)fn_802145C8,
    (void*)fn_80214450,
    (void*)fn_80213E94,
    (void*)fn_80213A78,
    (void*)fn_80213A68,
    (void*)fn_80213A58,
    (void*)fn_80213A48,
    (void*)fn_80213A38,
    (void*)fn_80213A28,
    (void*)WS_ITEMEND,
    (void*)WS_GETEND,
    (void*)WS_STATUS_GET8,
    (void*)WS_STATUS_GET16,
    (void*)WS_STATUS_GET32,
    (void*)WS_STATUS_SET8,
    (void*)WS_STATUS_SET16,
    (void*)WS_STATUS_SET32,
    (void*)0x00000000,
};

const u8 lbl_8027A408[24] = {
    0x00, 0x34, 0x00, 0x53, 0x00, 0xAC, 0x00, 0x35, 0x00, 0x7E, 0x01, 0x2B, 0x00, 0x07, 0x01, 0x3B,
    0x01, 0x33, 0x00, 0xDD, 0x00, 0xED, 0x00, 0x00,
};

const u8 lbl_8027A420[20] = {
    0x00, 0x01, 0x00, 0x02, 0x00, 0x23, 0x00, 0x24, 0x00, 0x2D, 0x00, 0x32, 0x00, 0x35, 0x00, 0x36,
    0x00, 0x3B, 0x00, 0x46,
};

const u8 lbl_8027A434[28] = {
    0x00, 0x03, 0x00, 0x02, 0x00, 0x03, 0xFF, 0xFF, 0x00, 0x01, 0x00, 0x02, 0x00, 0x01, 0xFF, 0xFF,
    0x00, 0x00, 0x00, 0x02, 0x00, 0x00, 0xFF, 0xFF, 0xFF, 0xFF, 0xFF, 0xFF,
};

const u8 lbl_8027A450[40] = {
    0x5B, 0x25, 0x73, 0x5D, 0x3A, 0x20, 0x83, 0x65, 0x81, 0x5B, 0x83, 0x75, 0x83, 0x8B, 0x83, 0x43,
    0x83, 0x93, 0x83, 0x66, 0x83, 0x62, 0x83, 0x4E, 0x83, 0x58, 0x82, 0xAA, 0x94, 0xCD, 0x88, 0xCD,
    0x8A, 0x4F, 0x82, 0xC5, 0x82, 0xB7, 0x0A, 0x00,
};

const u8 lbl_8027A478[16] = {
    0x00, 0x00, 0x00, 0x00, 0x40, 0xE0, 0x00, 0x00, 0x00, 0x00, 0x00, 0x00, 0x00, 0x00, 0x00, 0x00,
};

const u8 lbl_8027A488[40] = {
    0x00, 0x4A, 0x00, 0x00, 0x00, 0x00, 0x00, 0x00, 0x00, 0x5E, 0x00, 0x00, 0x00, 0x00, 0x00, 0x01,
    0x00, 0x5B, 0x00, 0x00, 0x00, 0x00, 0x00, 0x00, 0x00, 0x5C, 0x00, 0x00, 0x00, 0x00, 0x00, 0x00,
    0x00, 0x5D, 0x00, 0x00, 0x00, 0x00, 0x00, 0x00,
};

const u8 lbl_8027A4B0[24] = {
    0x00, 0x00, 0x01, 0xE0, 0x00, 0x00, 0x00, 0x02, 0x00, 0x00, 0x02, 0x1C, 0x00, 0x00, 0x00, 0x03,
    0x00, 0x00, 0x17, 0x70, 0x00, 0x00, 0x00, 0x04,
};

const u8 lbl_8027A4C8[40] = {
    0x5B, 0x25, 0x73, 0x5D, 0x3A, 0x20, 0x83, 0x65, 0x81, 0x5B, 0x83, 0x75, 0x83, 0x8B, 0x83, 0x43,
    0x83, 0x93, 0x83, 0x66, 0x83, 0x62, 0x83, 0x4E, 0x83, 0x58, 0x82, 0xAA, 0x94, 0xCD, 0x88, 0xCD,
    0x8A, 0x4F, 0x82, 0xC5, 0x82, 0xB7, 0x0A, 0x00,
};

