headroom_bytes	size	fuzzy_pct	function	unit	source_path	pp_value
12592.0	12592	0.0	psInterpretParticle0	main/game/ps_candidate_8016F300	src/game/ps_candidate_8016F300.c	0.50467
9184.0	9184	0.0	fn_800096B4	main/game/gs_range_800096B4	src/game/gs_range_800096B4.c	0.36808
7656.0	7656	0.0	fn_80144574	main/game/item_range_80144574	src/game/item_range_80144574.c	0.30684
7167.0	12380	42.11	fn_80084A8C	main/game/menu/cardesavedata	src/game/menu/cardesavedata.c	0.28724
6968.0	6968	0.0	fn_80044630	main/game/menu/pda_range_80037158	src/game/menu/pda_range_80037158.c	0.27927
6132.0	6132	0.0	fn_8005E7F0	main/game/menu/menuCB_BattleStart	src/game/menu/menuCB_BattleStart.c	0.24576
6020.0	6020	0.0	__two_exp_800DCCB8	main/dolphin/sdk_range_800C5458	src/dolphin/sdk_range_800C5458.c	0.24127
5732.0	5732	0.0	HSD_ByteCodeEval	main/hsd/hsd_range_801920E4	src/hsd/hsd_range_801920E4.c	0.22973
5376.8	9196	41.53	fn_8007D978	main/game/menu/menu_carde_matrix	src/game/menu/menu_carde_matrix.c	0.21549
5344.0	5344	0.0	generateParticle_8017424C	main/game/ps_candidate_801735EC	src/game/ps_candidate_801735EC.c	0.21418
4692.0	4692	0.0	fn_800643D4	main/game/menu/menuCB_range_800643D4	src/game/menu/menuCB_range_800643D4.c	0.18805
4652.0	4652	0.0	fn_80051E38	main/game/fight_range_80051710	src/game/fight_range_80051710.c	0.18644
4608.8	5668	18.69	fn_8008102C	main/game/menu/cardesavedata	src/game/menu/cardesavedata.c	0.18471
4530.4	4532	0.04	fn_800FF970	main/game/gs_floor	src/game/gs_floor.c	0.18157
4452.0	4452	0.0	fn_80046168	main/game/menu/pda_range_80037158	src/game/menu/pda_range_80037158.c	0.17843
4408.9	6508	32.25	fn_801B9320	main/hsd/hsd_texp_candidate_801B4300	src/hsd/hsd_texp_candidate_801B4300.c	0.1767
4304.0	4304	0.0	fn_80042658	main/game/menu/pda_range_80037158	src/game/menu/pda_range_80037158.c	0.1725
4114.6	4228	2.68	fightTrainerAiWazaValueHimitunotikara	main/game/fight_trainer_ai_waza_value_candidate_80245FC4	src/game/fight_trainer_ai_waza_value_candidate_80245FC4.c	0.16491
4104.0	4104	0.0	_sysvarsProcessData__FP16sysvarsFuncEntryPc	main/game/gs_range_80033278	src/game/gs_range_80033278.c	0.16448
3944.7	6020	34.47	fn_801CC380	main/game/field_candidate_801CBA90	src/game/field_candidate_801CBA90.c	0.1581
3716.0	3716	0.0	fn_8016AB94	main/game/ps_candidate_8016AB94	src/game/ps_candidate_8016AB94.c	0.14893
3676.0	3680	0.11	fn_801821B8	main/game/people/people	src/game/people/people.c	0.14733
3596.0	3596	0.0	fn_80040308	main/game/menu/pda_range_80037158	src/game/menu/pda_range_80037158.c	0.14412
3477.0	3524	1.33	fn_8008AE18	main/game/gba/gba_misc_candidate_8008ABE4	src/game/gba/gba_misc_candidate_8008ABE4.c	0.13935
3295.9	6172	46.6	fn_801CDB04	main/game/field_candidate_801CBA90	src/game/field_candidate_801CBA90.c	0.13209
3292.0	3292	0.0	psDispSubMakePolygon	main/game/ps_candidate_8016AB94	src/game/ps_candidate_8016AB94.c	0.13194
3244.0	3244	0.0	fn_8003E394	main/game/menu/pda_range_80037158	src/game/menu/pda_range_80037158.c	0.13001
3220.0	3220	0.0	fn_80034FB4	main/game/gs_range_80033278	src/game/gs_range_80033278.c	0.12905
3191.8	4644	31.27	fightTrainerAiSelectIrekaeDasuFightPokemon	main/game/fight_trainer_ai_irekae	src/game/fight_trainer_ai_irekae.c	0.12792
3179.8	4192	24.15	fn_80141308	main/game/people/people_data	src/game/people/people_data.c	0.12744
3060.0	3064	0.13	cameraUpdate	main/game/camera_candidate_80177A64	src/game/camera_candidate_80177A64.c	0.12264
2996.0	2996	0.0	fn_8003F464	main/game/menu/pda_range_80037158	src/game/menu/pda_range_80037158.c	0.12007
2960.0	2964	0.13	fightOutPokemonCheckCanOutOkWazaBanme	main/game/fight_pokemon_range_801FDB78	src/game/fight_pokemon_range_801FDB78.c	0.11863
2955.2	3008	1.75	fn_8001C7B8	main/game/menuPokemon	src/game/menuPokemon.c	0.11844
2914.4	2920	0.19	fn_800FC7E0	main/game/gs_msg	src/game/gs_msg.c	0.1168
2780.0	2784	0.14	_wazaSequenceCameraDoPosition__FP13ModelSequenceP24wazaSequenceCameraParamsfb	main/game/wazaSequenceCamera	src/game/wazaSequenceCamera.c	0.11142
2768.0	2768	0.0	fn_8004A7A8	main/game/menu/pda_range_80037158	src/game/menu/pda_range_80037158.c	0.11094
2756.0	2756	0.0	fn_801463C4	main/musyx/runtime/seq_candidate_801463C4	src/musyx/runtime/seq_candidate_801463C4.c	0.11046
2752.0	2752	0.0	fn_800499BC	main/game/menu/pda_range_80037158	src/game/menu/pda_range_80037158.c	0.1103
2740.2	3180	13.83	fn_801364A8	main/game/effect/tracefx	src/game/effect/tracefx.c	0.10982
2708.0	2708	0.0	fn_801485FC	main/musyx/runtime/seq_candidate_801485FC	src/musyx/runtime/seq_candidate_801485FC.c	0.10853
2676.0	2676	0.0	psDispSubAppSRT	main/game/ps_candidate_8016AB94	src/game/ps_candidate_8016AB94.c	0.10725
2484.0	2484	0.0	fn_80048918	main/game/menu/pda_range_80037158	src/game/menu/pda_range_80037158.c	0.09955
2464.0	2464	0.0	MakeColorGenTExp	main/hsd/hsd_tobj_candidate_801BBDDC	src/hsd/hsd_tobj_candidate_801BBDDC.c	0.09875
2431.8	2484	2.1	fn_80011EA4	main/game/gs_range_80011EA4	src/game/gs_range_80011EA4.c	0.09746
2420.0	2424	0.17	fn_8018CD08	main/game/people/people	src/game/people/people.c	0.09699
2400.0	2400	0.0	fn_800411FC	main/game/menu/pda_range_80037158	src/game/menu/pda_range_80037158.c	0.09619
2388.2	2420	1.32	fightOutPokemonCheckFightActionWazaSelect	main/game/fight_pokemon_range_801FDB78	src/game/fight_pokemon_range_801FDB78.c	0.09572
2324.5	4140	43.85	fn_80094650	main/game/gbaCommunication_candidate_800937F4	src/game/gbaCommunication_candidate_800937F4.c	0.09316
2303.8	2376	3.04	fn_8007CBB4	main/game/menu/menu_carde_matrix	src/game/menu/menu_carde_matrix.c	0.09233
2284.0	2288	0.17	fn_80189990	main/game/people/people	src/game/people/people.c	0.09154
2264.0	2264	0.0	menuPokemonSub	main/game/menuPokemon	src/game/menuPokemon.c	0.09074
2237.2	4796	53.35	GSmodelAddNull	main/game/gs_model_main_suffix_candidate_800E732C	src/game/gs_model_main_suffix_candidate_800E732C.c	0.08966
2224.0	2228	0.18	fn_801ED780	main/game/battle/battle_range_candidate_801ED780	src/game/battle/battle_range_candidate_801ED780.c	0.08913
2222.8	2388	6.92	fn_80031B4C	main/game/gs_npc_event_candidate_8003037C	src/game/gs_npc_event_candidate_8003037C.c	0.08909
2189.2	2792	21.59	fn_800E1544	main/game/gs_range_800E0DDC	src/game/gs_range_800E0DDC.c	0.08774
2176.0	2176	0.0	psCreateGeneratorID	main/game/ps_candidate_801735EC	src/game/ps_candidate_801735EC.c	0.08721
2172.0	2176	0.18	fn_800FD69C	main/game/gs_msg	src/game/gs_msg.c	0.08705
2168.0	2168	0.0	modelShadowRender__FP10GSgfxLayer	main/game/gs_model_shadow_candidate_800E8684	src/game/gs_model_shadow_candidate_800E8684.c	0.08689
2132.0	2132	0.0	HSD_MtxGetScale	main/hsd/hsd_mobj_range_801A86B4	src/hsd/hsd_mobj_range_801A86B4.c	0.08545
2120.0	2120	0.0	fn_801E2CA8	main/dolphin/thp/THP_range_801E1B54	src/dolphin/thp/THP_range_801E1B54.c	0.08497
2120.0	2120	0.0	fn_800BD91C	main/dolphin/sdk_candidate_800BD7A0	src/dolphin/sdk_candidate_800BD7A0.c	0.08497
2110.9	2652	20.4	fightMenuFightTrainerGcHeroOpenMenu	main/game/fight_menu	src/game/fight_menu.c	0.0846
2100.0	2104	0.19	fn_801BAC8C	main/hsd/hsd_texp_candidate_801B4300	src/hsd/hsd_texp_candidate_801B4300.c	0.08416
2089.9	3916	46.63	fn_8009567C	main/game/gbaCommunication_candidate_800937F4	src/game/gbaCommunication_candidate_800937F4.c	0.08376
2088.0	2088	0.0	VIConfigure	main/dolphin/vi/VI_candidate_800A9038	src/dolphin/vi/VI_candidate_800A9038.c	0.08368
2080.0	2080	0.0	fn_8003686C	main/game/gs_range_8003686C	src/game/gs_range_8003686C.c	0.08336
2078.4	2596	19.94	fn_80089F78	main/game/gba/gba_misc_candidate_80089F78	src/game/gba/gba_misc_candidate_80089F78.c	0.0833
2068.0	2072	0.19	fn_801D624C	main/game/wazaViewer_candidate_801D53D8	src/game/wazaViewer_candidate_801D53D8.c	0.08288
2064.0	2064	0.0	fn_80041E48	main/game/menu/pda_range_80037158	src/game/menu/pda_range_80037158.c	0.08272
2036.0	2036	0.0	fn_800679C0	main/game/menu/menuCB_range_800676EC	src/game/menu/menuCB_range_800676EC.c	0.0816
2020.0	2020	0.0	fn_80047CC0	main/game/menu/pda_range_80037158	src/game/menu/pda_range_80037158.c	0.08096
1988.0	1992	0.2	GScolsys2ThruGetFixedMdlEventList	main/game/GScolsys2Thru_range_80110084	src/game/GScolsys2Thru_range_80110084.c	0.07968
1952.0	1956	0.2	fn_801DFC30	main/game/field_range_801DF790	src/game/field_range_801DF790.c	0.07823
1932.0	1936	0.21	fn_801B50C0	main/hsd/hsd_texp_candidate_801B4300	src/hsd/hsd_texp_candidate_801B4300.c	0.07743
1924.0	1924	0.0	fn_800E2DB0	main/game/gs_mem	src/game/gs_mem.c	0.07711
1916.6	2552	24.9	fn_8008BBDC	main/game/gba/gba_misc_candidate_8008ABE4	src/game/gba/gba_misc_candidate_8008ABE4.c	0.07681
1916.0	1916	0.0	_modelParseJObjDispAll__FP9_HSD_JObjP5GSmtx12HSD_TrspMaskbPFP9_HSD_PObjP5GSmtxP5GSmtxP5GSmtxPv_vPv	main/game/gs_model_parse_candidate_800E9E90	src/game/gs_model_parse_candidate_800E9E90.c	0.07679
1908.0	1908	0.0	__pformatter_800C88BC	main/crt/printf_candidate_800C8864	src/crt/printf_candidate_800C8864.c	0.07647
1892.0	1896	0.21	fightTrainerSetStatus	main/game/fight_trainer_range_801FAA58	src/game/fight_trainer_range_801FAA58.c	0.07583
1880.0	1884	0.21	fn_8018E1C4	main/game/people/people	src/game/people/people.c	0.07535
1880.0	1880	0.0	drawShapeAnim	main/hsd/hsd_pobj_range_801AA608	src/hsd/hsd_pobj_range_801AA608.c	0.07535
1878.0	3004	37.48	resolveIKJoint1	main/hsd/hsd_jobj	src/hsd/hsd_jobj.c	0.07527
1872.0	1872	0.0	fn_80063060	main/game/menu/menuCB_range_80062948	src/game/menu/menuCB_range_80062948.c	0.07503
1868.0	1868	0.0	fn_801AF560	main/hsd/hsd_robj_range_801AEBE4		0.07487
1856.0	1856	0.0	fn_8003DC54	main/game/menu/pda_range_80037158	src/game/menu/pda_range_80037158.c	0.07439
1848.0	1848	0.0	psDispSub	main/game/ps_candidate_8016AB94	src/game/ps_candidate_8016AB94.c	0.07406
1844.0	1848	0.22	fightTrainerGetStatus	main/game/fight_trainer_range_801FAA58	src/game/fight_trainer_range_801FAA58.c	0.0739
1836.0	1840	0.22	fn_801D7464	main/game/wazaViewer_candidate_801D7464	src/game/wazaViewer_candidate_801D7464.c	0.07358
1832.0	1832	0.0	fn_80051710	main/game/fight_range_80051710	src/game/fight_range_80051710.c	0.07342
1820.0	1824	0.22	fn_80100B24	main/game/gs_floor	src/game/gs_floor.c	0.07294
1820.0	1820	0.0	float2str	main/crt/printf_candidate_800C8864	src/crt/printf_candidate_800C8864.c	0.07294
1784.0	1784	0.0	fn_8003B85C	main/game/menu/pda_range_80037158	src/game/menu/pda_range_80037158.c	0.0715
1780.0	1780	0.0	psDispSubAPPSRTPoint	main/game/ps_candidate_8016AB94	src/game/ps_candidate_8016AB94.c	0.07134
1755.0	2708	35.19	fn_801A20C8	main/hsd/hsd_jobj_residual_801A1B7C	src/hsd/hsd_jobj_residual_801A1B7C.c	0.07034
1752.0	1752	0.0	psSetupTev	main/game/ps_candidate_8016AB94	src/game/ps_candidate_8016AB94.c	0.07022
1736.0	1736	0.0	fn_8005DFC8	main/game/menu/menuCB_BattleStart	src/game/menu/menuCB_BattleStart.c	0.06958
1732.8	1768	1.99	fn_801B65F0	main/hsd/hsd_texp_candidate_801B4300	src/hsd/hsd_texp_candidate_801B4300.c	0.06945
1728.2	1736	0.45	fn_801B750C	main/hsd/hsd_texp_candidate_801B4300	src/hsd/hsd_texp_candidate_801B4300.c	0.06926
1712.0	1716	0.23	_wazaSequenceParticleEntryStart	main/game/wazaSequenceEntry	src/game/wazaSequenceEntry.c	0.06861
1668.0	1668	0.0	fn_8009CE8C	main/dolphin/sdk_range_8009BD84	src/dolphin/sdk_range_8009BD84.c	0.06685
1652.0	1656	0.24	fn_8018524C	main/game/people/people	src/game/people/people.c	0.06621
1648.0	1652	0.24	TObjMakeTExp	main/hsd/hsd_tobj_candidate_801BBDDC	src/hsd/hsd_tobj_candidate_801BBDDC.c	0.06605
1640.0	1644	0.24	fn_801B0EB8	main/hsd/hsd_shadow_candidate_801B06DC	src/hsd/hsd_shadow_candidate_801B06DC.c	0.06573
1637.9	1728	5.21	fn_800DB098	main/game/gs_gfx_range_800DB098	src/game/gs_gfx_range_800DB098.c	0.06564
1636.0	1636	0.0	fn_80063D14	main/game/menu/menuCB_range_80063D14	src/game/menu/menuCB_range_80063D14.c	0.06557
1628.0	1628	0.0	fn_8003C7C0	main/game/menu/pda_range_80037158	src/game/menu/pda_range_80037158.c	0.06525
1620.0	1624	0.25	fn_80179FA4	main/game/camera_candidate_80179E04	src/game/camera_candidate_80179E04.c	0.06493
1544.0	1548	0.26	fn_801BE85C	main/hsd/hsd_tobj_candidate_801BBDDC	src/hsd/hsd_tobj_candidate_801BBDDC.c	0.06188
1536.0	1540	0.26	_wazaSequenceModelEntryStart	main/game/wazaSequenceEntry	src/game/wazaSequenceEntry.c	0.06156
1535.4	1588	3.31	battleGridUpdate	main/game/battle/battle_grid_residual_801C3114	src/game/battle/battle_grid_residual_801C3114.c	0.06154
1528.0	1528	0.0	HSD_RObjLoadDesc	main/hsd/hsd_robj_range_801AE008		0.06124
1525.0	2428	37.19	fn_80084038	main/game/menu/cardesavedata	src/game/menu/cardesavedata.c	0.06112
1512.0	1516	0.26	fn_8010E53C	main/game/gs_range_8010CBD0	src/game/gs_range_8010CBD0.c	0.0606
1512.0	1512	0.0	fn_800EB904	main/game/gs_model_bound_candidate_800EB5A0	src/game/gs_model_bound_candidate_800EB5A0.c	0.0606
1504.0	1504	0.0	_modelShadowAddAsNewReceiver__FP8_GSmodelP8_GSmodelP7GSlightP7GSbound	main/game/gs_model_shadow_candidate_800E92D8	src/game/gs_model_shadow_candidate_800E92D8.c	0.06028
1481.0	1840	19.51	fn_800D6B00	main/game/gs_gfx_layer_candidate_800D6B00	src/game/gs_gfx_layer_candidate_800D6B00.c	0.05936
1480.0	1484	0.27	fn_801DE698	main/game/gs_range_801DE698	src/game/gs_range_801DE698.c	0.05932
1471.6	2144	31.36	fn_8017E30C	main/game/fsys/fsys_file_candidate_8017D410	src/game/fsys/fsys_file_candidate_8017D410.c	0.05898
1468.0	1472	0.27	fn_801129CC	main/game/floor	src/game/floor.c	0.05884
1455.0	1520	4.28	fightOutPokemonGetRndStatus	main/game/fight_pokemon_range_801FDB78	src/game/fight_pokemon_range_801FDB78.c	0.05831
1452.0	1452	0.0	fn_80062AB4	main/game/menu/menuCB_range_80062948	src/game/menu/menuCB_range_80062948.c	0.05819
1440.4	3016	52.24	fn_80080310	main/game/menu/cardesavedata	src/game/menu/cardesavedata.c	0.05773
1432.0	1432	0.0	fn_801E09E0	main/game/gs_candidate_801E09E0	src/game/gs_candidate_801E09E0.c	0.05739
1430.0	1508	5.17	GSlogWritef	main/game/gs_log	src/game/gs_log.c	0.05731
1430.0	1508	5.17	GSlogWrite	main/game/gs_log	src/game/gs_log.c	0.05731
1428.1	1540	7.26	fn_801BB4C4	main/hsd/hsd_texp_candidate_801B4300	src/hsd/hsd_texp_candidate_801B4300.c	0.05724
1424.2	1632	12.73	fn_80181850	main/game/people/people	src/game/people/people.c	0.05708
1420.0	1420	0.0	fn_80056084	main/game/menu/menuCB_prefix_80055E38	src/game/menu/menuCB_prefix_80055E38.c	0.05691
1416.0	1420	0.28	fn_80186B5C	main/game/people/people	src/game/people/people.c	0.05675
1416.0	1416	0.0	fn_801D0DB0	main/game/battle/battle_candidate_801D0C30	src/game/battle/battle_candidate_801D0C30.c	0.05675
1415.7	1840	23.06	fn_800E0E14	main/game/gs_range_800E0DDC	src/game/gs_range_800E0DDC.c	0.05674
1408.0	1408	0.0	HSD_TObjAssignResources	main/hsd/hsd_tobj_candidate_801BBDDC	src/hsd/hsd_tobj_candidate_801BBDDC.c	0.05643
1407.4	1888	25.46	resolveIKJoint2	main/hsd/hsd_jobj	src/hsd/hsd_jobj.c	0.05641
1397.7	1468	4.79	fn_8013EA44	main/game/effect/effect_visual_candidate_8013E8A4	src/game/effect/effect_visual_candidate_8013E8A4.c	0.05602
1396.0	1400	0.29	_cameraPadRotateUpdate__FP9_GScamera	main/game/camera_candidate_801786F4	src/game/camera_candidate_801786F4.c	0.05595
1391.5	2108	33.99	fn_80140ACC	main/game/people/people_data	src/game/people/people_data.c	0.05577
1376.0	1380	0.29	fn_801DD5E8	main/game/sequence_candidate_801DD45C	src/game/sequence_candidate_801DD45C.c	0.05515
1376.0	1376	0.0	fn_801A9DF0	main/hsd/hsd_mobj_candidate_801A958C	src/hsd/hsd_mobj_candidate_801A958C.c	0.05515
1360.8	4676	70.9	FObjLoadData	main/hsd/hsd_dobj	src/hsd/hsd_dobj.c	0.05454
1360.8	1368	0.53	fn_800DE128	main/game/gs_log	src/game/gs_log.c	0.05454
1348.0	1352	0.3	_wazaSequenceCameraDoDollyPosition__FP21TemplateExpFileHeaderP24wazaSequenceCameraParamsfb	main/game/wazaSequenceCamera	src/game/wazaSequenceCamera.c	0.05403
1342.4	1348	0.42	fn_800FAEF8	main/game/gs_msg	src/game/gs_msg.c	0.0538
1340.0	1344	0.3	TObjSetupMtx	main/hsd/hsd_tobj_candidate_801BBDDC	src/hsd/hsd_tobj_candidate_801BBDDC.c	0.05371
1337.6	2468	45.8	_winSeqMoveSub	main/game/win_sequence_candidate_80107170	src/game/win_sequence_candidate_80107170.c	0.05361
1336.0	1340	0.3	fn_80186620	main/game/people/people	src/game/people/people.c	0.05354
1336.0	1340	0.3	fn_80021B14	main/game/gs_title_candidate_80021B14	src/game/gs_title_candidate_80021B14.c	0.05354
1325.7	3532	62.47	fn_801C7730	main/game/gs_range_801C766C	src/game/gs_range_801C766C.c	0.05313
1323.0	1380	4.13	TExp2TevDesc	main/hsd/hsd_texp_candidate_801B4300	src/hsd/hsd_texp_candidate_801B4300.c	0.05302
1316.8	1352	2.61	HSD_TExpSetReg	main/hsd/hsd_texp_candidate_801B4300	src/hsd/hsd_texp_candidate_801B4300.c	0.05278
1316.0	1316	0.0	fn_801A98CC	main/hsd/hsd_mobj_candidate_801A958C	src/hsd/hsd_mobj_candidate_801A958C.c	0.05274
1311.5	2192	40.17	GXInit	main/dolphin/sdk_candidate_800B5C5C	src/dolphin/sdk_candidate_800B5C5C.c	0.05256
1310.4	1468	10.74	fn_801EFA08	main/game/battle/battle_main_candidate_801EFA08	src/game/battle/battle_main_candidate_801EFA08.c	0.05252
1296.9	1372	5.47	fn_8013D0A8	main/game/effect/effect_visual_candidate_8013C670	src/game/effect/effect_visual_candidate_8013C670.c	0.05198
1296.0	1300	0.31	_wazaSequenceCameraDoFOV__FP13ModelSequenceP24wazaSequenceCameraParamsif	main/game/wazaSequenceCamera	src/game/wazaSequenceCamera.c	0.05194
1295.0	2424	46.58	fn_80059034	main/game/menu/menuColosseumBattle_pre_main	src/game/menu/menuColosseumBattle_pre_main.c	0.0519
1292.0	1292	0.0	TRKTargetAccessFP	main/trk/TRKTarget_residual_800C1A08	src/trk/TRKTarget_residual_800C1A08.c	0.05178
1284.0	1284	0.0	parse_format_800CA11C	main/crt/printf_candidate_800C8864	src/crt/printf_candidate_800C8864.c	0.05146
1276.0	1280	0.31	fn_80189490	main/game/people/people	src/game/people/people.c	0.05114
1264.2	1756	28.0	fn_800327FC	main/game/gs_npc_event_candidate_8003037C	src/game/gs_npc_event_candidate_8003037C.c	0.05067
1256.0	1256	0.0	floorEventCtrlElevator	main/game/floor_event	src/game/floor_event.c	0.05034
1255.7	1388	9.53	fn_8013A520	main/game/effect/effect_visual_candidate_8013A520	src/game/effect/effect_visual_candidate_8013A520.c	0.05033
1255.0	1324	5.21	fn_8013C074	main/game/effect/effect_visual_candidate_8013B5E4	src/game/effect/effect_visual_candidate_8013B5E4.c	0.0503
1252.0	1256	0.32	fn_801101B4	main/game/GScolsys2Thru_range_80110084	src/game/GScolsys2Thru_range_80110084.c	0.05018
1247.2	2640	52.76	fn_80069C0C	main/game/menu/menu_middle_range_80069C0C	src/game/menu/menu_middle_range_80069C0C.c	0.04999
1245.0	1544	19.36	fn_801603C0	main/musyx/musyx_candidate_8015D678	src/musyx/musyx_candidate_8015D678.c	0.0499
1240.2	1248	0.62	fn_801B600C	main/hsd/hsd_texp_candidate_801B4300	src/hsd/hsd_texp_candidate_801B4300.c	0.04971
1236.0	1236	0.0	fn_800473E0	main/game/menu/pda_range_80037158	src/game/menu/pda_range_80037158.c	0.04954
1232.0	1236	0.32	fn_800210F0	main/game/gs_title_candidate_800210F0	src/game/gs_title_candidate_800210F0.c	0.04938
1224.0	1228	0.33	fn_80184D80	main/game/people/people	src/game/people/people.c	0.04906
1216.0	1216	0.0	fn_80039A84	main/game/menu/pda_range_80037158	src/game/menu/pda_range_80037158.c	0.04874
1208.0	1212	0.33	fn_8010EB28	main/game/gs_range_8010CBD0	src/game/gs_range_8010CBD0.c	0.04841
1204.0	1204	0.0	fn_8010BD6C	main/game/gs_range_80109C88	src/game/gs_range_80109C88.c	0.04825
1203.4	1260	4.5	fn_8006C7D4	main/game/menu/menu_middle_range_8006B9B8	src/game/menu/menu_middle_range_8006B9B8.c	0.04823
1200.0	1200	0.0	fn_8018FE30	main/game/gs_range_8018FE30	src/game/gs_range_8018FE30.c	0.04809
1200.0	1200	0.0	VIInit	main/dolphin/vi/VI_candidate_800A8894	src/dolphin/vi/VI_candidate_800A8894.c	0.04809
1197.2	1240	3.45	fn_8006E9A4	main/game/menu/menu_middle_range_8006B9B8	src/game/menu/menu_middle_range_8006B9B8.c	0.04798
1192.0	1192	0.0	fn_801AE008	main/hsd/hsd_robj_range_801AE008		0.04777
1180.0	1184	0.34	fn_801DF790	main/game/field_range_801DF790	src/game/field_range_801DF790.c	0.04729
1176.0	1176	0.0	fn_8003842C	main/game/menu/pda_range_80037158	src/game/menu/pda_range_80037158.c	0.04713
1168.0	1172	0.34	fn_8010147C	main/game/gs_floor	src/game/gs_floor.c	0.04681
1168.0	1168	0.0	fn_80060434	main/game/menu/menuCB_BattleStart	src/game/menu/menuCB_BattleStart.c	0.04681
1162.1	2916	60.15	fn_8007B6D8	main/game/menu/menu_range_8007109C	src/game/menu/menu_range_8007109C.c	0.04658
1140.0	1140	0.0	fn_800484A4	main/game/menu/pda_range_80037158	src/game/menu/pda_range_80037158.c	0.04569
1136.0	1140	0.35	windowOpen	main/game/window_candidate_8010474C	src/game/window_candidate_8010474C.c	0.04553
1136.0	1136	0.0	fn_8003C2B8	main/game/menu/pda_range_80037158	src/game/menu/pda_range_80037158.c	0.04553
1132.0	1136	0.35	fn_800232F0	main/game/gs_title_candidate_800232F0	src/game/gs_title_candidate_800232F0.c	0.04537
1128.0	1128	0.0	fn_80038A0C	main/game/menu/pda_range_80037158	src/game/menu/pda_range_80037158.c	0.04521
1127.4	1532	26.41	fightTrainerAiWazaValueJibaku	main/game/fight_trainer_ai_waza_value_candidate_8024BFC0	src/game/fight_trainer_ai_waza_value_candidate_8024BFC0.c	0.04518
1124.0	1124	0.0	psDispSubPointTrail	main/game/ps_candidate_8016AB94	src/game/ps_candidate_8016AB94.c	0.04505
1120.0	1120	0.0	get_shape_vertex_xyz	main/hsd/hsd_pobj_range_801AA608	src/hsd/hsd_pobj_range_801AA608.c	0.04489
1120.0	1120	0.0	get_shape_normal_xyz	main/hsd/hsd_pobj_range_801AA608	src/hsd/hsd_pobj_range_801AA608.c	0.04489
1120.0	1120	0.0	fn_8003A7F0	main/game/menu/pda_range_80037158	src/game/menu/pda_range_80037158.c	0.04489
1118.8	1292	13.41	HandleReverb	main/musyx/musyx_candidate_801644E0	src/musyx/musyx_candidate_801644E0.c	0.04484
1118.5	1600	30.09	fightTrainerAiWazaValueKoraeru	main/game/fight_trainer_ai_waza_value_middle	src/game/fight_trainer_ai_waza_value_middle.c	0.04483
1117.7	1364	18.06	fn_8019F1C4	main/hsd/hsd_jobj	src/hsd/hsd_jobj.c	0.0448
1115.4	1348	17.26	JObjReleaseChild	main/hsd/hsd_jobj	src/hsd/hsd_jobj.c	0.0447
1113.2	1488	25.19	fightTrainerAiWazaValueJisin	main/game/fight_trainer_ai_waza_value_candidate_8024B474	src/game/fight_trainer_ai_waza_value_candidate_8024B474.c	0.04462
1107.0	2320	52.28	fn_800D892C	main/game/gs_gfx_layer_candidate_800D892C	src/game/gs_gfx_layer_candidate_800D892C.c	0.04437
1104.0	1104	0.0	_menuCBBattleStartSetIndex__Fv	main/game/menu/menuCB_BattleStart	src/game/menu/menuCB_BattleStart.c	0.04425
1100.0	1104	0.36	fn_801874BC	main/game/people/people	src/game/people/people.c	0.04409
1098.4	1104	0.51	wazaSequenceSysGetWazaTime	main/game/wazaSequenceSys_tail_candidate_801DB288	src/game/wazaSequenceSys_tail_candidate_801DB288.c	0.04402
1088.0	1088	0.0	fn_80056C54	main/game/menu/menuCB_suffix_80056B74	src/game/menu/menuCB_suffix_80056B74.c	0.04361
1080.0	1080	0.0	TRKTargetAccessExtended2	main/trk/TRKTarget_residual_800C1A08	src/trk/TRKTarget_residual_800C1A08.c	0.04328
1067.8	1876	43.08	fn_8001C064	main/game/menuPokemon	src/game/menuPokemon.c	0.0428
1060.0	1060	0.0	fn_801ABDD4	main/hsd/hsd_pobj_range_801AA608	src/hsd/hsd_pobj_range_801AA608.c	0.04248
1056.3	1192	11.38	_leaffxGenerateLeafData	main/game/effect/effect_visual_candidate_80138BBC	src/game/effect/effect_visual_candidate_80138BBC.c	0.04233
1052.0	1052	0.0	setupTevReg	main/game/ps_candidate_8016AB94	src/game/ps_candidate_8016AB94.c	0.04216
1046.4	1052	0.53	fn_80180C78	main/game/people/people	src/game/people/people.c	0.04194
1044.0	1044	0.0	fn_800E209C	main/game/gs_mem	src/game/gs_mem.c	0.04184
1044.0	1044	0.0	fn_8003A10C	main/game/menu/pda_range_80037158	src/game/menu/pda_range_80037158.c	0.04184
1036.0	1036	0.0	fn_800478B4	main/game/menu/pda_range_80037158	src/game/menu/pda_range_80037158.c	0.04152
1035.8	1340	22.7	fightTrainerCreateFightTrainerPokemonDataIdToPokemon	main/game/fight_trainer_range_801F99C8	src/game/fight_trainer_range_801F99C8.c	0.04151
1030.1	1800	42.77	fn_800F8A54	main/game/gs_thread_hi_range_800F8268	src/game/gs_thread_hi_range_800F8268.c	0.04128
1026.6	1108	7.35	fn_8012D39C	main/game/hero_move	src/game/hero_move.c	0.04114
1024.0	1028	0.39	fn_8010E138	main/game/gs_range_8010CBD0	src/game/gs_range_8010CBD0.c	0.04104
1024.0	1024	0.0	fn_800D923C	main/game/gs_gfx_layer_candidate_800D892C	src/game/gs_gfx_layer_candidate_800D892C.c	0.04104
1020.0	1020	0.0	fn_801C9F5C	main/game/gs_range_801C766C	src/game/gs_range_801C766C.c	0.04088
1020.0	1020	0.0	fn_80071EA4	main/game/menu/menu_range_8007109C	src/game/menu/menu_range_8007109C.c	0.04088
1019.1	1684	39.48	fightTrainerAiSelectFightActionItem	main/game/fight_trainer_ai_irekae	src/game/fight_trainer_ai_irekae.c	0.04084
1016.6	1484	31.49	fightTrainerAiGetFightPokemonIrekaeModosuValue	main/game/fight_trainer_ai_irekae	src/game/fight_trainer_ai_irekae.c	0.04074
1016.0	1016	0.0	fn_8015E8B0	main/musyx/musyx_candidate_8015D678	src/musyx/musyx_candidate_8015D678.c	0.04072
1016.0	1016	0.0	fn_8008F524	main/game/gbaCommunication_prefix	src/game/gbaCommunication_prefix.c	0.04072
1012.0	1012	0.0	fn_8010B16C	main/game/gs_range_80109C88	src/game/gs_range_80109C88.c	0.04056
1012.0	1012	0.0	fn_800495C8	main/game/menu/pda_range_80037158	src/game/menu/pda_range_80037158.c	0.04056
1008.0	1012	0.4	fn_801D6A64	main/game/wazaViewer_candidate_801D53D8	src/game/wazaViewer_candidate_801D53D8.c	0.0404
1008.0	1012	0.4	fn_8018AACC	main/game/people/people	src/game/people/people.c	0.0404
996.0	996	0.0	heroMoveMain	main/game/hero_move	src/game/hero_move.c	0.03992
996.0	996	0.0	fn_800832C8	main/game/menu/cardesavedata	src/game/menu/cardesavedata.c	0.03992
992.0	992	0.0	fn_80093B4C	main/game/gbaCommunication_candidate_800937F4	src/game/gbaCommunication_candidate_800937F4.c	0.03976
988.1	2376	58.41	logVsnprintf_float	main/game/gs_log	src/game/gs_log.c	0.0396
988.0	992	0.4	battleCameraStartWaza	main/game/wazaSequenceCamera	src/game/wazaSequenceCamera.c	0.0396
988.0	988	0.0	ScreenReport	main/dolphin/sdk_range_8009BD84	src/dolphin/sdk_range_8009BD84.c	0.0396
984.0	984	0.0	fn_801C89F8	main/game/gs_range_801C766C	src/game/gs_range_801C766C.c	0.03944
984.0	984	0.0	fn_80008868	main/game/gs_task_residual_80008868	src/game/gs_task_residual_80008868.c	0.03944
984.0	984	0.0	floorEventCtrlDoor	main/game/floor_event	src/game/floor_event.c	0.03944
984.0	984	0.0	OSInit	main/dolphin/sdk_range_80098108	src/dolphin/sdk_range_80098108.c	0.03944
980.0	984	0.41	fn_801D6E58	main/game/wazaViewer_candidate_801D53D8	src/game/wazaViewer_candidate_801D53D8.c	0.03928
978.4	984	0.57	fn_80181478	main/game/people/people	src/game/people/people.c	0.03921
976.2	1008	3.16	fn_8006D550	main/game/menu/menu_middle_range_8006B9B8	src/game/menu/menu_middle_range_8006B9B8.c	0.03912
976.0	980	0.41	fn_801870E8	main/game/people/people	src/game/people/people.c	0.03912
976.0	976	0.0	fn_80043FA8	main/game/menu/pda_range_80037158	src/game/menu/pda_range_80037158.c	0.03912
976.0	976	0.0	fn_800181C4	main/game/menuPokemon	src/game/menuPokemon.c	0.03912
972.0	972	0.0	GSsplineCreate	main/game/gs_spline	src/game/gs_spline.c	0.03896
968.8	1448	33.09	fn_80198038	main/hsd/hsd_displayfunc	src/hsd/hsd_displayfunc.c	0.03883
968.0	972	0.41	fn_8018A700	main/game/people/people	src/game/people/people.c	0.0388
968.0	968	0.0	fn_80197C70	main/hsd/hsd_displayfunc	src/hsd/hsd_displayfunc.c	0.0388
968.0	968	0.0	SetupEnvelopeModelMtx	main/hsd/hsd_pobj_range_801AA608	src/hsd/hsd_pobj_range_801AA608.c	0.0388
964.5	988	2.38	fadeDaemon	main/game/effect/fade_candidate_801C43F4	src/game/effect/fade_candidate_801C43F4.c	0.03866
964.2	1244	22.5	fn_8001DACC	main/game/menuSub	src/game/menuSub.c	0.03864
964.0	968	0.41	_wazaSequenceCameraSelectDuration__FUcPff	main/game/wazaSequenceCamera	src/game/wazaSequenceCamera.c	0.03864
962.3	1532	37.19	fn_8002E460	main/game/menuPokemonChange	src/game/menuPokemonChange.c	0.03857
960.7	1436	33.1	_fsysGetFilename	main/game/fsys/fsys_file_candidate_8017D410	src/game/fsys/fsys_file_candidate_8017D410.c	0.0385
958.6	1292	25.81	ReverbHICreate	main/musyx/musyx_candidate_801644E0	src/musyx/musyx_candidate_801644E0.c	0.03842
950.7	2628	63.82	fn_8001F304	main/game/gs_pcbox_range_8001E3E0	src/game/gs_pcbox_range_8001E3E0.c	0.0381
948.0	948	0.0	salInitDspCtrl	main/musyx/musyx_candidate_80158BB4	src/musyx/musyx_candidate_80158BB4.c	0.03799
948.0	948	0.0	__num2dec_internal	main/dolphin/sdk_range_800C5458	src/dolphin/sdk_range_800C5458.c	0.03799
944.0	944	0.0	fn_8015F270	main/musyx/musyx_candidate_8015D678	src/musyx/musyx_candidate_8015D678.c	0.03783
940.0	944	0.42	fn_80188214	main/game/people/people	src/game/people/people.c	0.03767
932.0	936	0.43	fn_8018DCA8	main/game/people/people	src/game/people/people.c	0.03735
932.0	932	0.0	pokemonSetWazaStatus	main/game/pokemon_range_801237B8	src/game/pokemon_range_801237B8.c	0.03735
931.8	1252	25.57	_lightningRenderMain	main/game/effect/effect_visual_candidate_8013814C	src/game/effect/effect_visual_candidate_8013814C.c	0.03735
928.0	928	0.0	__ieee754_rem_pio2	main/crt/math_range_800CB2B4	src/crt/math_range_800CB2B4.c	0.03719
925.2	2660	65.22	fn_8002C408	main/game/menuShop	src/game/menuShop.c	0.03708
924.0	928	0.43	fn_8018ECEC	main/game/people/people	src/game/people/people.c	0.03703
924.0	924	0.0	getEvoPokemonLevelUp	main/game/pokemon_range_8012640C	src/game/pokemon_range_8012640C.c	0.03703
920.5	2948	68.78	fn_8007480C	main/game/menu/menu_range_8007109C	src/game/menu/menu_range_8007109C.c	0.03689
920.0	924	0.43	fn_80186284	main/game/people/people	src/game/people/people.c	0.03687
920.0	920	0.0	fn_80062334	main/game/menu/menuCB_BattleStart	src/game/menu/menuCB_BattleStart.c	0.03687
920.0	920	0.0	fn_8000D710	main/game/gs_range_8000D290	src/game/gs_range_8000D290.c	0.03687
916.4	1188	22.86	fn_8006DC28	main/game/menu/menu_middle_range_8006B9B8	src/game/menu/menu_middle_range_8006B9B8.c	0.03673
916.0	916	0.0	VIConfigurePan	main/dolphin/vi/VI_candidate_800A9038	src/dolphin/vi/VI_candidate_800A9038.c	0.03671
912.0	912	0.0	fn_80099400	main/dolphin/sdk_range_80098108	src/dolphin/sdk_range_80098108.c	0.03655
904.0	904	0.0	fn_801E03D4	main/game/field_range_801DF790	src/game/field_range_801DF790.c	0.03623
904.0	904	0.0	fn_80109C88	main/game/gs_range_80109C88	src/game/gs_range_80109C88.c	0.03623
904.0	904	0.0	fn_8003D8CC	main/game/menu/pda_range_80037158	src/game/menu/pda_range_80037158.c	0.03623
902.4	1296	30.37	fightTrainerAiWazaValueTedasuke	main/game/fight_trainer_ai_waza_value_candidate_80241660	src/game/fight_trainer_ai_waza_value_candidate_80241660.c	0.03617
900.0	904	0.44	fn_80188FA0	main/game/people/people	src/game/people/people.c	0.03607
900.0	904	0.44	_wazaSequenceEffectEntryStart	main/game/wazaSequenceEntry	src/game/wazaSequenceEntry.c	0.03607
899.0	1204	25.34	fn_800D963C	main/game/gs_gfx_layer_candidate_800D892C	src/game/gs_gfx_layer_candidate_800D892C.c	0.03603
896.0	896	0.0	fn_80076F2C	main/game/menu/menu_range_8007109C	src/game/menu/menu_range_8007109C.c	0.03591
893.0	1140	21.67	fn_8006C164	main/game/menu/menu_middle_range_8006B9B8	src/game/menu/menu_middle_range_8006B9B8.c	0.03579
891.7	988	9.75	_matGSmatEnableEnvMapExt	main/game/gs_material_candidate_800DF498	src/game/gs_material_candidate_800DF498.c	0.03574
888.0	888	0.0	fn_800B80CC	main/dolphin/sdk_range_800B771C	src/dolphin/sdk_range_800B771C.c	0.03559
888.0	888	0.0	fn_800776E4	main/game/menu/menu_range_8007109C	src/game/menu/menu_range_8007109C.c	0.03559
888.0	888	0.0	cameraReturn	main/game/camera_candidate_8017707C	src/game/camera_candidate_8017707C.c	0.03559
887.4	916	3.13	fn_801B7178	main/hsd/hsd_texp_candidate_801B4300	src/hsd/hsd_texp_candidate_801B4300.c	0.03557
884.2	2092	57.73	fightMenuFightTrainerAgbHeroOpenMenu	main/game/fight_menu	src/game/fight_menu.c	0.03544
884.0	884	0.0	psInitDataBankLocate	main/game/ps_candidate_801698F8	src/game/ps_candidate_801698F8.c	0.03543
884.0	884	0.0	fn_801E40F8	main/dolphin/thp/THP_range_801E1B54	src/dolphin/thp/THP_range_801E1B54.c	0.03543
880.1	1360	35.29	fn_8020A8E0	main/game/fight_out_pokemon_suffix_8020A8E0	src/game/fight_out_pokemon_suffix_8020A8E0.c	0.03527
880.0	884	0.45	wazaSequenceEntryStop	main/game/wazaSequenceEntry	src/game/wazaSequenceEntry.c	0.03527
880.0	880	0.0	fn_80039128	main/game/menu/pda_range_80037158	src/game/menu/pda_range_80037158.c	0.03527
880.0	880	0.0	_modelParseJObjDispSub__FP9_HSD_JObjP5GSmtxP5GSmtx12HSD_TrspMaskbPFP9_HSD_PObjP5GSmtxP5GSmtxP5GSmtxPv_vPv	main/game/gs_model_parse_candidate_800EA820	src/game/gs_model_parse_candidate_800EA820.c	0.03527
876.0	880	0.45	_wazaSequenceCameraCalculateParams__FP13ModelSequenceiP24wazaSequenceCameraParams	main/game/wazaSequenceCamera	src/game/wazaSequenceCamera.c	0.03511
872.0	872	0.0	_vtrTexDispFunc__Fv	main/game/gs_candidate_801E1300	src/game/gs_candidate_801E1300.c	0.03495
869.4	1344	35.32	fn_801985E0	main/hsd/hsd_displayfunc	src/hsd/hsd_displayfunc.c	0.03484
868.3	1004	13.51	fn_8013DE6C	main/game/effect/effect_visual_candidate_8013DE6C	src/game/effect/effect_visual_candidate_8013DE6C.c	0.0348
868.2	1772	51.01	fn_80093F64	main/game/gbaCommunication_candidate_800937F4	src/game/gbaCommunication_candidate_800937F4.c	0.0348
868.0	868	0.0	fn_8000D3AC	main/game/gs_range_8000D290	src/game/gs_range_8000D290.c	0.03479
867.7	1244	30.25	fn_8006F720	main/game/menu/menu_middle_range_8006B9B8	src/game/menu/menu_middle_range_8006B9B8.c	0.03478
864.0	864	0.0	fn_8019D620	main/hsd/hsd_jobj	src/hsd/hsd_jobj.c	0.03463
864.0	864	0.0	fn_8009AC50	main/dolphin/sdk_candidate_8009AC50	src/dolphin/sdk_candidate_8009AC50.c	0.03463
862.4	920	6.27	fightOutPokemonGetOutOkWazaBanmeAry	main/game/fight_pokemon_range_801FDB78	src/game/fight_pokemon_range_801FDB78.c	0.03456
856.9	1108	22.66	fn_8001E644	main/game/gs_pcbox_range_8001E3E0	src/game/gs_pcbox_range_8001E3E0.c	0.03434
856.0	856	0.0	fn_800B7D74	main/dolphin/sdk_range_800B771C	src/dolphin/sdk_range_800B771C.c	0.03431
856.0	856	0.0	HSD_TObjSetup	main/hsd/hsd_tobj_candidate_801BBDDC	src/hsd/hsd_tobj_candidate_801BBDDC.c	0.03431
852.0	856	0.47	fn_80185B90	main/game/people/people	src/game/people/people.c	0.03415
852.0	852	0.0	fn_800D1070	main/game/gs_range_800D1070	src/game/gs_range_800D1070.c	0.03415
848.0	848	0.0	fn_800B7874	main/dolphin/sdk_range_800B771C	src/dolphin/sdk_range_800B771C.c	0.03399
848.0	848	0.0	fn_80071AE4	main/game/menu/menu_range_8007109C	src/game/menu/menu_range_8007109C.c	0.03399
848.0	848	0.0	fn_8003D4C8	main/game/menu/pda_range_80037158	src/game/menu/pda_range_80037158.c	0.03399
844.0	844	0.0	pokemonCreate	main/game/pokemon_range_801240C4	src/game/pokemon_range_801240C4.c	0.03383
841.5	2192	61.61	fn_8006CCC0	main/game/menu/menu_middle_range_8006B9B8	src/game/menu/menu_middle_range_8006B9B8.c	0.03373
840.0	840	0.0	fn_8017FDB0	main/game/gs_range_8017F2C4	src/game/gs_range_8017F2C4.c	0.03367
840.0	840	0.0	fn_800E27B0	main/game/gs_mem	src/game/gs_mem.c	0.03367
840.0	840	0.0	fn_80060A28	main/game/menu/menuCB_BattleStart	src/game/menu/menuCB_BattleStart.c	0.03367
836.0	836	0.0	__OSDispatchInterrupt	main/dolphin/os/OSInterrupt		0.03351
836.0	836	0.0	SIInterruptHandler_800CFA60	main/dolphin/si/SI_range_800CF764	src/dolphin/si/SI_range_800CF764.c	0.03351
832.0	832	0.0	fn_801CF9C8	main/game/field_candidate_801CBA90	src/game/field_candidate_801CBA90.c	0.03335
832.0	832	0.0	fn_801A958C	main/hsd/hsd_mobj_candidate_801A958C	src/hsd/hsd_mobj_candidate_801A958C.c	0.03335
832.0	832	0.0	__OSReboot	main/dolphin/os/OSReset	src/dolphin/os/OSReset.c	0.03335
829.0	1408	41.12	fn_8007AB10	main/game/menu/menu_range_8007109C	src/game/menu/menu_range_8007109C.c	0.03323
828.9	1988	58.31	fn_80087C64	main/game/menu/cardesavedata	src/game/menu/cardesavedata.c	0.03322
828.0	828	0.0	fn_801AF224	main/hsd/hsd_robj_range_801AEBE4		0.03318
828.0	828	0.0	dbgMenuFightWazaEditSub	main/game/fight_range_80051710	src/game/fight_range_80051710.c	0.03318
828.0	828	0.0	__ieee754_fmod	main/crt/math_range_800CB2B4	src/crt/math_range_800CB2B4.c	0.03318
824.1	1152	28.46	HSD_TExpMakeDag	main/hsd/hsd_texp_candidate_801B4300	src/hsd/hsd_texp_candidate_801B4300.c	0.03303
824.0	824	0.0	fn_80089048	main/game/pokeconv	src/game/pokeconv.c	0.03302
824.0	824	0.0	double2hex	main/crt/printf_candidate_800C8864	src/crt/printf_candidate_800C8864.c	0.03302
821.9	872	5.74	menuFightDrawSecretWazaDoc	main/game/menuFight	src/game/menuFight.c	0.03294
820.0	824	0.49	fn_8018E9B4	main/game/people/people	src/game/people/people.c	0.03286
820.0	824	0.49	fn_80183350	main/game/people/people	src/game/people/people.c	0.03286
820.0	824	0.49	fn_80183018	main/game/people/people	src/game/people/people.c	0.03286
820.0	824	0.49	GScolsy2UtilChkInTri	main/game/GScolsys2Util	src/game/GScolsys2Util.c	0.03286
820.0	820	0.0	fn_8009D904	main/dolphin/sdk_range_8009BD84	src/dolphin/sdk_range_8009BD84.c	0.03286
820.0	820	0.0	fn_800798E8	main/game/menu/menu_range_8007109C	src/game/menu/menu_range_8007109C.c	0.03286
816.0	816	0.0	particleSort	main/game/gs_dvd_candidate_80167FA8	src/game/gs_dvd_candidate_80167FA8.c	0.0327
812.0	812	0.0	fn_80159EF0	main/musyx/musyx_candidate_80158BB4	src/musyx/musyx_candidate_80158BB4.c	0.03254
812.0	812	0.0	fn_8010AB00	main/game/gs_range_80109C88	src/game/gs_range_80109C88.c	0.03254
812.0	812	0.0	fn_8004A47C	main/game/menu/pda_range_80037158	src/game/menu/pda_range_80037158.c	0.03254
812.0	812	0.0	fn_80034830	main/game/gs_range_80033278	src/game/gs_range_80033278.c	0.03254
812.0	812	0.0	_fsysInitTOC	main/game/gs_range_8017A5FC	src/game/gs_range_8017A5FC.c	0.03254
808.0	812	0.49	fn_801123D4	main/game/floor	src/game/floor.c	0.03238
806.9	1776	54.57	salCalcVolume	main/musyx/musyx_candidate_8015D678	src/musyx/musyx_candidate_8015D678.c	0.03234
804.0	808	0.5	wazaSequenceEntryUpdate	main/game/wazaSequenceEntry	src/game/wazaSequenceEntry.c	0.03222
804.0	804	0.0	pokemonGetEffortFromPokemon	main/game/pokemon_range_801226D0	src/game/pokemon_range_801226D0.c	0.03222
804.0	804	0.0	fn_8019D9DC	main/hsd/hsd_jobj	src/hsd/hsd_jobj.c	0.03222
804.0	804	0.0	fn_80034280	main/game/gs_range_80033278	src/game/gs_range_80033278.c	0.03222
804.0	804	0.0	DoneCallback	main/dolphin/sdk_candidate_800B0694	src/dolphin/sdk_candidate_800B0694.c	0.03222
800.0	800	0.0	fn_80068418	main/game/menu/menuCB_range_800676EC	src/game/menu/menuCB_range_800676EC.c	0.03206
800.0	800	0.0	fn_8004B278	main/game/menu/pda_range_80037158	src/game/menu/pda_range_80037158.c	0.03206
798.4	1304	38.77	CalcDistance	main/hsd/hsd_texp_candidate_801B4300	src/hsd/hsd_texp_candidate_801B4300.c	0.032
798.1	900	11.32	fn_801B7CA0	main/hsd/hsd_texp_candidate_801B4300	src/hsd/hsd_texp_candidate_801B4300.c	0.03199
796.0	796	0.0	modifyDirGenBase	main/game/ps_candidate_80172930	src/game/ps_candidate_80172930.c	0.0319
796.0	796	0.0	fn_801BDA58	main/hsd/hsd_tobj_candidate_801BBDDC	src/hsd/hsd_tobj_candidate_801BBDDC.c	0.0319
796.0	796	0.0	fn_800439BC	main/game/menu/pda_range_80037158	src/game/menu/pda_range_80037158.c	0.0319
792.0	796	0.5	fn_801DF474	main/game/gs_range_801DE698	src/game/gs_range_801DE698.c	0.03174
792.0	792	0.0	menuCBBattleStartInit	main/game/menu/menuCB_BattleStart	src/game/menu/menuCB_BattleStart.c	0.03174
791.7	1408	43.77	fn_8017C8FC	main/game/fsys/fsys_file_candidate_8017C8FC	src/game/fsys/fsys_file_candidate_8017C8FC.c	0.03173
788.0	788	0.0	longlong2str_800C9BB0	main/crt/printf_candidate_800C8864	src/crt/printf_candidate_800C8864.c	0.03158
788.0	788	0.0	_modelParseDObjDisp__FP9_HSD_DObjP5GSmtxP5GSmtxbPFP9_HSD_PObjP5GSmtxP5GSmtxP5GSmtxPv_vPv	main/game/gs_model_parse_candidate_800EA820	src/game/gs_model_parse_candidate_800EA820.c	0.03158
787.8	1180	33.24	fn_8006F284	main/game/menu/menu_middle_range_8006B9B8	src/game/menu/menu_middle_range_8006B9B8.c	0.03157
784.0	788	0.51	fn_80187D48	main/game/people/people	src/game/people/people.c	0.03142
784.0	784	0.0	HSD_MtxSRT	main/hsd/hsd_mobj_range_801A86B4	src/hsd/hsd_mobj_range_801A86B4.c	0.03142
780.0	780	0.0	floorEventCtrlTresure	main/game/floor_event	src/game/floor_event.c	0.03126
776.0	780	0.51	fn_801D5A94	main/game/wazaViewer_candidate_801D53D8	src/game/wazaViewer_candidate_801D53D8.c	0.0311
776.0	776	0.0	fn_800A09B0	main/dolphin/sdk_range_800A09B0	src/dolphin/sdk_range_800A09B0.c	0.0311
772.0	776	0.52	fn_80181EB0	main/game/people/people	src/game/people/people.c	0.03094
772.0	772	0.0	fn_8009DC38	main/dolphin/sdk_range_8009BD84	src/dolphin/sdk_range_8009BD84.c	0.03094
770.2	1268	39.26	fn_8012DE94	main/game/hero_move	src/game/hero_move.c	0.03087
768.0	772	0.52	winSeqMoveMenu	main/game/win_sequence_candidate_80107170	src/game/win_sequence_candidate_80107170.c	0.03078
768.0	772	0.52	fn_8010FAF4	main/game/GScolsys2Human_range_8010FAF4	src/game/GScolsys2Human_range_8010FAF4.c	0.03078
768.0	772	0.52	fn_80020618	main/game/gs_title_candidate_80020618	src/game/gs_title_candidate_80020618.c	0.03078
768.0	768	0.0	fn_800E24B0	main/game/gs_mem	src/game/gs_mem.c	0.03078
767.5	2584	70.3	menuPokemonDrawItem	main/game/menuPokemon	src/game/menuPokemon.c	0.03076
764.0	764	0.0	fn_80168638	main/game/gs_dvd_candidate_80167FA8	src/game/gs_dvd_candidate_80167FA8.c	0.03062
764.0	764	0.0	fn_800492CC	main/game/menu/pda_range_80037158	src/game/menu/pda_range_80037158.c	0.03062
764.0	764	0.0	fn_8003AFDC	main/game/menu/pda_range_80037158	src/game/menu/pda_range_80037158.c	0.03062
764.0	764	0.0	CompleteTransfer	main/dolphin/si/SI_range_800CF764	src/dolphin/si/SI_range_800CF764.c	0.03062
760.0	764	0.52	wazaSequenceLoadData	main/game/wazaSequence_candidate_801DC014	src/game/wazaSequence_candidate_801DC014.c	0.03046
760.0	764	0.52	fn_8002217C	main/game/gs_title_candidate_8002217C	src/game/gs_title_candidate_8002217C.c	0.03046
760.0	760	0.0	modifyDir	main/game/ps_candidate_80172930	src/game/ps_candidate_80172930.c	0.03046
760.0	760	0.0	menuFightPokemonSelectSub	main/game/gs_task_residual_80007364	src/game/gs_task_residual_80007364.c	0.03046
760.0	760	0.0	floorEventGetTresure	main/game/floor_event	src/game/floor_event.c	0.03046
760.0	760	0.0	HSD_PObjDisp	main/hsd/hsd_pobj_range_801AA608	src/hsd/hsd_pobj_range_801AA608.c	0.03046
760.0	760	0.0	GSpartGetTransform	main/game/gs_part	src/game/gs_part.c	0.03046
759.1	2092	63.71	fn_8015F620	main/musyx/musyx_candidate_8015D678	src/musyx/musyx_candidate_8015D678.c	0.03042
756.0	756	0.0	PObjSetupMtx	main/hsd/hsd_pobj_range_801AA608	src/hsd/hsd_pobj_range_801AA608.c	0.0303
752.0	756	0.53	fightTrainerSortFightTrainerDataIdToHeroTemotiPokemon	main/game/fight_trainer_range_801F99C8	src/game/fight_trainer_range_801F99C8.c	0.03014
752.0	752	0.0	fn_80040018	main/game/menu/pda_range_80037158	src/game/menu/pda_range_80037158.c	0.03014
748.9	1112	32.65	HSD_JObjResolveRefsAll	main/hsd/hsd_jobj_residual_801A05EC	src/hsd/hsd_jobj_residual_801A05EC.c	0.03001
748.0	752	0.53	fn_80184A90	main/game/people/people	src/game/people/people.c	0.02998
746.0	1224	39.06	fn_8017CED8	main/game/fsys/fsys_file_candidate_8017CED8	src/game/fsys/fsys_file_candidate_8017CED8.c	0.0299
744.0	748	0.53	fn_801845E4	main/game/people/people	src/game/people/people.c	0.02982
744.0	744	0.0	fn_801909A8	main/game/gs_flag_candidate_801909A8	src/game/gs_flag_candidate_801909A8.c	0.02982
744.0	744	0.0	fn_80053778	main/game/menu/menuCB_range_8005344C	src/game/menu/menuCB_range_8005344C.c	0.02982
744.0	744	0.0	__OSUnhandledException	main/dolphin/sdk_range_8009BD84	src/dolphin/sdk_range_8009BD84.c	0.02982
740.0	744	0.54	fn_80187A60	main/game/people/people	src/game/people/people.c	0.02966
736.0	736	0.0	fn_801AD7CC	main/hsd/hsd_pobj_range_801AA608	src/hsd/hsd_pobj_range_801AA608.c	0.0295
736.0	736	0.0	fn_8019CB70	main/hsd/hsd_initialize_candidate_8019C7B8	src/hsd/hsd_initialize_candidate_8019C7B8.c	0.0295
736.0	736	0.0	fn_80076054	main/game/menu/menu_range_8007109C	src/game/menu/menu_range_8007109C.c	0.0295
736.0	736	0.0	fn_800558B8	main/game/menu/menuCB_suffix_800552D4	src/game/menu/menuCB_suffix_800552D4.c	0.0295
736.0	736	0.0	__DVDInterruptHandler	main/dolphin/dvd/DVDLow		0.0295
736.0	736	0.0	TRKDoReadRegisters	main/trk/TRKDispatch_range_800BF53C		0.0295
736.0	736	0.0	Link	main/dolphin/sdk_range_8009E7B0	src/dolphin/sdk_range_8009E7B0.c	0.0295
732.4	880	16.77	fn_8001EC08	main/game/gs_pcbox_range_8001E3E0	src/game/gs_pcbox_range_8001E3E0.c	0.02935
732.0	736	0.54	fn_801B0BD8	main/hsd/hsd_shadow_candidate_801B06DC	src/hsd/hsd_shadow_candidate_801B06DC.c	0.02934
732.0	732	0.0	fn_8015AD1C	main/musyx/musyx_candidate_8015AD1C	src/musyx/musyx_candidate_8015AD1C.c	0.02934
732.0	732	0.0	fn_80072D58	main/game/menu/menu_range_8007109C	src/game/menu/menu_range_8007109C.c	0.02934
731.2	1096	33.29	fightTrainerAiWazaValueJikoanji	main/game/fight_trainer_ai_waza_value_prefix	src/game/fight_trainer_ai_waza_value_prefix.c	0.02931
728.0	728	0.0	fn_8008F91C	main/game/gbaCommunication_prefix	src/game/gbaCommunication_prefix.c	0.02918
728.0	728	0.0	fn_80079C1C	main/game/menu/menu_range_8007109C	src/game/menu/menu_range_8007109C.c	0.02918
728.0	728	0.0	fn_800730F8	main/game/menu/menu_range_8007109C	src/game/menu/menu_range_8007109C.c	0.02918
728.0	728	0.0	SetInterruptMask	main/dolphin/os/OSInterrupt		0.02918
725.2	1224	40.75	fn_8017B6B8	main/game/fsys/fsys_file_candidate_8017B1CC	src/game/fsys/fsys_file_candidate_8017B1CC.c	0.02906
724.0	728	0.55	fn_80188CA0	main/game/people/people	src/game/people/people.c	0.02902
724.0	724	0.0	setFbbRegs	main/dolphin/vi/VI_candidate_800A9038	src/dolphin/vi/VI_candidate_800A9038.c	0.02902
724.0	724	0.0	fn_801BF1F0	main/hsd/hsd_util	src/hsd/hsd_util.c	0.02902
724.0	724	0.0	fn_800767B8	main/game/menu/menu_range_8007109C	src/game/menu/menu_range_8007109C.c	0.02902
724.0	724	0.0	fn_800676EC	main/game/menu/menuCB_range_800676EC	src/game/menu/menuCB_range_800676EC.c	0.02902
720.0	720	0.0	menuModelInit	main/game/gs_range_80109C88	src/game/gs_range_80109C88.c	0.02886
720.0	720	0.0	fn_8010B718	main/game/gs_range_80109C88	src/game/gs_range_80109C88.c	0.02886
716.0	716	0.0	fn_8003D1FC	main/game/menu/pda_range_80037158	src/game/menu/pda_range_80037158.c	0.0287
715.4	1700	57.92	fn_8012D7F0	main/game/hero_move	src/game/hero_move.c	0.02867
712.0	716	0.56	fn_801D9950	main/game/wazaSequenceEntry	src/game/wazaSequenceEntry.c	0.02854
712.0	712	0.0	fn_801C63C0	main/game/effect/fade_range_801C4CB8	src/game/effect/fade_range_801C4CB8.c	0.02854
712.0	712	0.0	SetupSharedVtxModelMtx	main/hsd/hsd_pobj_range_801AA608	src/hsd/hsd_pobj_range_801AA608.c	0.02854
712.0	712	0.0	PObjLoad	main/hsd/hsd_pobj_range_801AA608	src/hsd/hsd_pobj_range_801AA608.c	0.02854
709.6	756	6.14	fightOutPokemonCopyHensinStatus	main/game/fight_pokemon_range_801FDB78	src/game/fight_pokemon_range_801FDB78.c	0.02844
708.0	708	0.0	fn_801AC1F8	main/hsd/hsd_pobj_range_801AA608	src/hsd/hsd_pobj_range_801AA608.c	0.02838
708.0	708	0.0	fn_8003CF38	main/game/menu/pda_range_80037158	src/game/menu/pda_range_80037158.c	0.02838
705.4	752	6.2	fightOutPokemonInitJoutaiKeep	main/game/fight_pokemon_range_801FDB78	src/game/fight_pokemon_range_801FDB78.c	0.02827
704.0	708	0.56	fn_801D7B94	main/game/wazaViewer_candidate_801D7464	src/game/wazaViewer_candidate_801D7464.c	0.02822
704.0	704	0.0	fn_800733D0	main/game/menu/menu_range_8007109C	src/game/menu/menu_range_8007109C.c	0.02822
700.0	704	0.57	fn_80184190	main/game/people/people	src/game/people/people.c	0.02805
700.0	700	0.0	OSLink	main/dolphin/sdk_range_8009E7B0	src/dolphin/sdk_range_8009E7B0.c	0.02805
696.0	700	0.57	wazaSequenceEntryStart	main/game/wazaSequenceEntry	src/game/wazaSequenceEntry.c	0.02789
696.0	700	0.57	fightTrainerCreateFightTrainerDataIdToHero	main/game/fight_trainer_range_801F99C8	src/game/fight_trainer_range_801F99C8.c	0.02789
696.0	696	0.0	psGenerateParticle0	main/game/ps_candidate_801698F8	src/game/ps_candidate_801698F8.c	0.02789
696.0	696	0.0	fn_80044378	main/game/menu/pda_range_80037158	src/game/menu/pda_range_80037158.c	0.02789
692.0	692	0.0	psExecGenerator	main/game/ps_candidate_801735EC	src/game/ps_candidate_801735EC.c	0.02773
692.0	692	0.0	itemParamConvertOrigFormat	main/game/people/people_data_candidate_80142A88	src/game/people/people_data_candidate_80142A88.c	0.02773
689.0	852	19.14	fn_80139E80	main/game/effect/effect_visual_candidate_80139AC4	src/game/effect/effect_visual_candidate_80139AC4.c	0.02761
688.0	692	0.58	fn_8018A44C	main/game/people/people	src/game/people/people.c	0.02757
688.0	688	0.0	fn_801BFF18	main/hsd/hsd_video	src/hsd/hsd_video.c	0.02757
688.0	688	0.0	fn_800973EC	main/game/gbaCommunication_candidate_800937F4	src/game/gbaCommunication_candidate_800937F4.c	0.02757
684.0	688	0.58	peopleBiosPopData	main/game/people/people_candidate_8018F730	src/game/people/people_candidate_8018F730.c	0.02741
684.0	688	0.58	_menuUpdateKeyInfo__FP15WINDOW_SYS_WORK	main/game/menu_candidate_80102014	src/game/menu_candidate_80102014.c	0.02741
684.0	684	0.0	fn_801E5154	main/dolphin/thp/THP_range_801E1B54	src/dolphin/thp/THP_range_801E1B54.c	0.02741
680.0	680	0.0	setVelToJObj	main/game/ps_candidate_80172930	src/game/ps_candidate_80172930.c	0.02725
680.0	680	0.0	fn_8017FB08	main/game/gs_range_8017F2C4	src/game/gs_range_8017F2C4.c	0.02725
680.0	680	0.0	OSDumpContext	main/dolphin/sdk_range_8009BD84	src/dolphin/sdk_range_8009BD84.c	0.02725
676.0	676	0.0	TRKValidMemory32	main/trk/TRKTarget_residual_800C25FC	src/trk/TRKTarget_residual_800C25FC.c	0.02709
675.6	816	17.2	seaEffectStart	main/game/effect/effect_visual_candidate_8013C670	src/game/effect/effect_visual_candidate_8013C670.c	0.02708
675.1	1236	45.38	fn_80014574	main/game/gs_event_exec_candidate_800141BC	src/game/gs_event_exec_candidate_800141BC.c	0.02706
675.0	2428	72.2	fn_800D461C	main/game/gs_gfx_candidate_800D461C	src/game/gs_gfx_candidate_800D461C.c	0.02705
674.8	1852	63.56	fn_80017028	main/game/gs_pokemon_summary	src/game/gs_pokemon_summary.c	0.02704
672.2	772	12.92	fn_80139074	main/game/effect/effect_visual_candidate_80138BBC	src/game/effect/effect_visual_candidate_80138BBC.c	0.02694
671.8	1120	40.02	fn_8006E338	main/game/menu/menu_middle_range_8006B9B8	src/game/menu/menu_middle_range_8006B9B8.c	0.02692
668.0	668	0.0	fn_8003F040	main/game/menu/pda_range_80037158	src/game/menu/pda_range_80037158.c	0.02677
664.0	668	0.6	fn_801D5DA0	main/game/wazaViewer_candidate_801D53D8	src/game/wazaViewer_candidate_801D53D8.c	0.02661
664.0	668	0.6	fn_801093C8	main/game/win_sprite_suffix_801093C8	src/game/win_sprite_suffix_801093C8.c	0.02661
664.0	664	0.0	fn_801ACDAC	main/hsd/hsd_pobj_range_801AA608	src/hsd/hsd_pobj_range_801AA608.c	0.02661
664.0	664	0.0	DVDLowRead	main/dolphin/dvd/DVDLow		0.02661
660.0	664	0.6	fn_8018B76C	main/game/people/people	src/game/people/people.c	0.02645
660.0	664	0.6	fn_80105634	main/game/window_candidate_80105634	src/game/window_candidate_80105634.c	0.02645
660.0	660	0.0	pokemonAllKaihuku	main/game/pokemon_range_8011FCA4	src/game/pokemon_range_8011FCA4.c	0.02645
660.0	660	0.0	fn_80043728	main/game/menu/pda_range_80037158	src/game/menu/pda_range_80037158.c	0.02645
659.5	728	9.41	fn_801B9048	main/hsd/hsd_texp_candidate_801B4300	src/hsd/hsd_texp_candidate_801B4300.c	0.02643
656.0	660	0.61	floorInitMap	main/game/floor	src/game/floor.c	0.02629
656.0	656	0.0	fn_80073700	main/game/menu/menu_range_8007109C	src/game/menu/menu_range_8007109C.c	0.02629
656.0	656	0.0	fn_80039644	main/game/menu/pda_range_80037158	src/game/menu/pda_range_80037158.c	0.02629
656.0	656	0.0	SendACK	main/trk/TRKDispatch_range_800BF53C		0.02629
648.0	648	0.0	fn_801ED3B8	main/game/field_candidate_801ED3B8	src/game/field_candidate_801ED3B8.c	0.02597
648.0	648	0.0	OSResumeThread	main/dolphin/os/OSThread		0.02597
647.4	984	34.21	fn_800706C4	main/game/menu/menu_middle_range_800704AC	src/game/menu/menu_middle_range_800704AC.c	0.02595
644.0	648	0.62	fn_801DE190	main/game/sequence_candidate_801DE190	src/game/sequence_candidate_801DE190.c	0.02581
644.0	648	0.62	fn_801D2404	main/game/mailMain	src/game/mailMain.c	0.02581
644.0	644	0.0	fn_801E075C	main/game/field_range_801DF790	src/game/field_range_801DF790.c	0.02581
644.0	644	0.0	fn_801D0090	main/game/field_candidate_801D0090	src/game/field_candidate_801D0090.c	0.02581
644.0	644	0.0	fn_801BFA1C	main/hsd/hsd_video	src/hsd/hsd_video.c	0.02581
644.0	644	0.0	_modelParseLoadEnvelopeMatrix__FP9_HSD_PObjP5GSmtxP5GSmtxP5GSmtx	main/game/gs_model_parse_candidate_800EA820	src/game/gs_model_parse_candidate_800EA820.c	0.02581
644.0	644	0.0	VerifyID	main/dolphin/sdk_range_800B2070	src/dolphin/sdk_range_800B2070.c	0.02581
644.0	644	0.0	VerifyFAT	main/dolphin/sdk_range_800B2070	src/dolphin/sdk_range_800B2070.c	0.02581
643.6	1068	39.73	fn_800F1E38	main/game/gs_thread_candidate_800F0424	src/game/gs_thread_candidate_800F0424.c	0.02579
643.5	1068	39.75	fn_800F1A0C	main/game/gs_thread_candidate_800F0424	src/game/gs_thread_candidate_800F0424.c	0.02579
642.4	1500	57.18	menuFightButtonSecretPokemonTop	main/game/menuFight	src/game/menuFight.c	0.02575
640.0	644	0.62	fn_8018BA04	main/game/people/people	src/game/people/people.c	0.02565
640.0	644	0.62	_wazaSequenceEffectEntryLoad	main/game/wazaSequence_candidate_801DC014	src/game/wazaSequence_candidate_801DC014.c	0.02565
640.0	644	0.62	GStextureLoad	main/game/gs_texture_candidate_800EF5FC	src/game/gs_texture_candidate_800EF5FC.c	0.02565
640.0	640	0.0	fn_8004E510	main/game/menu/menu_pda_mail	src/game/menu/menu_pda_mail.c	0.02565
637.8	1068	40.28	fn_80198B20	main/hsd/hsd_displayfunc	src/hsd/hsd_displayfunc.c	0.02556
636.0	640	0.62	fn_801DDEE4	main/game/sequence_candidate_801DD45C	src/game/sequence_candidate_801DD45C.c	0.02549
636.0	640	0.62	fn_8018F08C	main/game/people/people	src/game/people/people.c	0.02549
636.0	636	0.0	__ieee754_log	main/crt/math_range_800CB2B4	src/crt/math_range_800CB2B4.c	0.02549
636.0	636	0.0	DVDCancelAsync	main/dolphin/sdk_candidate_800A7880	src/dolphin/sdk_candidate_800A7880.c	0.02549
632.0	632	0.0	fn_801195AC	main/game/field_candidate_801195AC	src/game/field_candidate_801195AC.c	0.02533
632.0	632	0.0	fn_80041BD0	main/game/menu/pda_range_80037158	src/game/menu/pda_range_80037158.c	0.02533
632.0	632	0.0	__timesdec	main/dolphin/sdk_range_800C5458	src/dolphin/sdk_range_800C5458.c	0.02533
630.3	660	4.5	fn_801B5A00	main/hsd/hsd_texp_candidate_801B4300	src/hsd/hsd_texp_candidate_801B4300.c	0.02526
628.0	628	0.0	setupChanReg	main/game/ps_candidate_8016AB94	src/game/ps_candidate_8016AB94.c	0.02517
628.0	628	0.0	fn_8010A88C	main/game/gs_range_80109C88	src/game/gs_range_80109C88.c	0.02517
628.0	628	0.0	fn_80072A00	main/game/menu/menu_range_8007109C	src/game/menu/menu_range_8007109C.c	0.02517
624.0	628	0.64	chkMailSend	main/game/mailMain	src/game/mailMain.c	0.02501
621.9	656	5.2	fn_800896E8	main/game/gba/gba_misc_candidate_800896E8	src/game/gba/gba_misc_candidate_800896E8.c	0.02492
620.0	620	0.0	fn_801C6008	main/game/effect/fade_range_801C4CB8	src/game/effect/fade_range_801C4CB8.c	0.02485
619.8	2096	70.43	__ieee754_pow	main/crt/math_range_800CB2B4	src/crt/math_range_800CB2B4.c	0.02484
616.0	620	0.65	windowClose	main/game/window_candidate_8010474C	src/game/window_candidate_8010474C.c	0.02469
616.0	620	0.65	fn_801D2D28	main/game/wazaSequenceCamera	src/game/wazaSequenceCamera.c	0.02469
616.0	616	0.0	fn_801AED88	main/hsd/hsd_robj_range_801AEBE4		0.02469
612.0	612	0.0	fn_80034B5C	main/game/gs_range_80033278	src/game/gs_range_80033278.c	0.02453
612.0	612	0.0	_menuCBPokemonEntryEntCheckGBA__F13GSinputDevicel	main/game/menu/menuCB_range_800676EC	src/game/menu/menuCB_range_800676EC.c	0.02453
611.2	660	7.4	fn_800886D0	main/game/gba/gba_conv	src/game/gba/gba_conv.c	0.0245
610.4	616	0.91	TObjLoad	main/hsd/hsd_tobj_candidate_801BBDDC	src/hsd/hsd_tobj_candidate_801BBDDC.c	0.02446
604.0	608	0.66	winMsgOpenWithSE	main/game/win_msg_candidate_80105C68	src/game/win_msg_candidate_80105C68.c	0.02421
604.0	604	0.0	savedataCreate	main/game/hero	src/game/hero.c	0.02421
604.0	604	0.0	pokemonEvolutionCheck	main/game/pokemon_range_8012640C	src/game/pokemon_range_8012640C.c	0.02421
604.0	604	0.0	fn_801C9910	main/game/gs_range_801C766C	src/game/gs_range_801C766C.c	0.02421
603.0	1084	44.37	fadeFluidInit	main/game/effect/fade_range_801C4CB8	src/game/effect/fade_range_801C4CB8.c	0.02417
600.1	2104	71.48	fn_8012CA84	main/game/hero_move	src/game/hero_move.c	0.02405
600.0	604	0.66	winMsgOpen	main/game/win_msg_candidate_80105C68	src/game/win_msg_candidate_80105C68.c	0.02405
600.0	604	0.66	psRemoveGenerator	main/game/ps_generator_range_8017572C	src/game/ps_generator_range_8017572C.c	0.02405
600.0	604	0.66	menuModelRender	main/game/menu_model	src/game/menu_model.c	0.02405
600.0	604	0.66	fn_80112FEC	main/game/floor	src/game/floor.c	0.02405
600.0	600	0.0	long2str_800C9EC4	main/crt/printf_candidate_800C8864	src/crt/printf_candidate_800C8864.c	0.02405
600.0	600	0.0	fn_800745B4	main/game/menu/menu_range_8007109C	src/game/menu/menu_range_8007109C.c	0.02405
600.0	600	0.0	fn_8003B478	main/game/menu/pda_range_80037158	src/game/menu/pda_range_80037158.c	0.02405
600.0	600	0.0	fn_80009178	main/game/gs_range_80009178	src/game/gs_range_80009178.c	0.02405
600.0	600	0.0	fightActionFlowKaisiPreSubLoad	main/game/fight_action_candidate_8020B058	src/game/fight_action_candidate_8020B058.c	0.02405
600.0	600	0.0	cameraResetFloor	main/game/camera_candidate_801786F4	src/game/camera_candidate_801786F4.c	0.02405
598.5	1308	54.24	fn_8015E374	main/musyx/musyx_candidate_8015D678	src/musyx/musyx_candidate_8015D678.c	0.02399
597.0	1684	64.55	winSpriteDrawTexture	main/game/win_sprite	src/game/win_sprite.c	0.02393
596.4	744	19.83	fn_80070A9C	main/game/menu/menu_middle_range_800704AC	src/game/menu/menu_middle_range_800704AC.c	0.0239
596.0	596	0.0	fn_801176C8	main/game/field_camera_candidate_80117514	src/game/field_camera_candidate_80117514.c	0.02389
596.0	596	0.0	fn_800B588C	main/dolphin/sdk_candidate_800B5228	src/dolphin/sdk_candidate_800B5228.c	0.02389
596.0	596	0.0	fn_80074360	main/game/menu/menu_range_8007109C	src/game/menu/menu_range_8007109C.c	0.02389
596.0	596	0.0	fn_8004B598	main/game/menu/pda_range_80037158	src/game/menu/pda_range_80037158.c	0.02389
590.9	956	38.19	fn_80163810	main/musyx/musyx_candidate_80163810	src/musyx/musyx_candidate_80163810.c	0.02368
590.0	676	12.72	HSD_TExpCompile	main/hsd/hsd_texp_candidate_801B4300	src/hsd/hsd_texp_candidate_801B4300.c	0.02365
588.0	588	0.0	fn_800F57F0	main/game/gs_thread_candidate_800F0424	src/game/gs_thread_candidate_800F0424.c	0.02357
588.0	588	0.0	fn_80073C38	main/game/menu/menu_range_8007109C	src/game/menu/menu_range_8007109C.c	0.02357
588.0	588	0.0	fn_800617E0	main/game/menu/menuCB_BattleStart	src/game/menu/menuCB_BattleStart.c	0.02357
586.4	588	0.27	wazaViewerThread	main/game/wazaViewer_candidate_801D53D8	src/game/wazaViewer_candidate_801D53D8.c	0.0235
584.0	584	0.0	getCpPolyVec__FP5GSvecP5GSvecP5GSvecP5GSvec	main/game/gs_range_8010CBD0	src/game/gs_range_8010CBD0.c	0.02341
584.0	584	0.0	fn_8018094C	main/game/gs_range_8017F2C4	src/game/gs_range_8017F2C4.c	0.02341
584.0	584	0.0	fn_80159550	main/musyx/musyx_candidate_80158BB4	src/musyx/musyx_candidate_80158BB4.c	0.02341
583.0	600	2.84	fn_8013A1D4	main/game/effect/effect_visual_candidate_80139AC4	src/game/effect/effect_visual_candidate_80139AC4.c	0.02337
582.3	712	18.22	fn_80138838	main/game/effect/effect_visual_candidate_80138838	src/game/effect/effect_visual_candidate_80138838.c	0.02334
580.0	584	0.68	fn_80137114	main/game/effect/tracefx	src/game/effect/tracefx.c	0.02325
580.0	580	0.0	fn_8004D34C	main/game/menu/menu_pda_mail	src/game/menu/menu_pda_mail.c	0.02325
580.0	580	0.0	TRKDoReadMemory	main/trk/TRKDispatch_range_800BF53C		0.02325
576.0	580	0.69	fn_80137D14	main/game/effect/tracefx	src/game/effect/tracefx.c	0.02309
576.0	576	0.0	__GXSetTmemConfig	main/dolphin/sdk_range_800BB30C_prefix	src/dolphin/sdk_range_800BB30C_prefix.c	0.02309
576.0	576	0.0	VerifyDir	main/dolphin/sdk_range_800B2070	src/dolphin/sdk_range_800B2070.c	0.02309
573.4	588	2.48	fn_801F87CC	main/game/fight_trainer_range_801F87CC	src/game/fight_trainer_range_801F87CC.c	0.02298
573.0	656	12.66	fightOutPokemonToMenuPokemonStatus	main/game/fight_pokemon_range_801FDB78	src/game/fight_pokemon_range_801FDB78.c	0.02296
572.6	1504	61.93	fn_8001FD48	main/game/gs_pcbox_range_8001E3E0	src/game/gs_pcbox_range_8001E3E0.c	0.02295
572.0	572	0.0	psSetGeneratorAngleRadiusScale	main/game/ps_candidate_80168C64	src/game/ps_candidate_80168C64.c	0.02292
572.0	572	0.0	fn_8007B114	main/game/menu/menu_range_8007109C	src/game/menu/menu_range_8007109C.c	0.02292
572.0	572	0.0	fn_80063AD4	main/game/menu/menuCB_range_80062948	src/game/menu/menuCB_range_80062948.c	0.02292
572.0	572	0.0	TRKDoWriteMemory	main/trk/TRKDispatch_range_800BF53C		0.02292
571.5	656	12.88	fn_80138DE4	main/game/effect/effect_visual_candidate_80138BBC	src/game/effect/effect_visual_candidate_80138BBC.c	0.0229
568.9	1128	49.56	fn_8002B880	main/game/menuShop	src/game/menuShop.c	0.0228
568.0	572	0.7	fn_8018C1E8	main/game/people/people	src/game/people/people.c	0.02276
568.0	568	0.0	fn_80061D34	main/game/menu/menuCB_BattleStart	src/game/menu/menuCB_BattleStart.c	0.02276
568.0	568	0.0	OSUnlink	main/dolphin/sdk_candidate_8009ED70	src/dolphin/sdk_candidate_8009ED70.c	0.02276
564.6	604	6.53	menuFightOpenPokemon	main/game/menuFight	src/game/menuFight.c	0.02263
564.0	568	0.7	fightOutPokemonSetJoutaiMigawariHp	main/game/fight_pokemon_range_801FDB78	src/game/fight_pokemon_range_801FDB78.c	0.0226
564.0	564	0.0	fn_801AEFF0	main/hsd/hsd_robj_range_801AEBE4		0.0226
563.2	1032	45.42	fn_800F96E4	main/game/gs_msg	src/game/gs_msg.c	0.02257
560.0	564	0.71	fn_801D56B0	main/game/wazaViewer_candidate_801D53D8	src/game/wazaViewer_candidate_801D53D8.c	0.02244
560.0	564	0.71	fn_80023968	main/game/gs_title_candidate_800232F0	src/game/gs_title_candidate_800232F0.c	0.02244
560.0	560	0.0	fn_801B3408	main/hsd/hsd_texp_candidate_801B3174	src/hsd/hsd_texp_candidate_801B3174.c	0.02244
560.0	560	0.0	fn_8017F484	main/game/gs_range_8017F2C4	src/game/gs_range_8017F2C4.c	0.02244
560.0	560	0.0	fn_800A85DC	main/dolphin/vi/VI_candidate_800A839C	src/dolphin/vi/VI_candidate_800A839C.c	0.02244
557.9	1284	56.55	fn_801E3A50	main/dolphin/thp/THP_range_801E1B54	src/dolphin/thp/THP_range_801E1B54.c	0.02236
556.4	1260	55.84	heroMoveChkHinderClear	main/game/hero_move	src/game/hero_move.c	0.0223
556.0	556	0.0	fn_800AF8A0	main/dolphin/sdk_range_800AF8A0	src/dolphin/sdk_range_800AF8A0.c	0.02228
552.0	556	0.72	fn_801DC5F0	main/game/wazaSequence_candidate_801DC014	src/game/wazaSequence_candidate_801DC014.c	0.02212
552.0	556	0.72	fn_80101D8C	main/game/gapp_candidate_80101D8C	src/game/gapp_candidate_80101D8C.c	0.02212
552.0	556	0.72	fightTrainerGetHikaeFightPokemonNum	main/game/fight_trainer_range_801F7F80	src/game/fight_trainer_range_801F7F80.c	0.02212
552.0	552	0.0	fn_801800F8	main/game/gs_range_8017F2C4	src/game/gs_range_8017F2C4.c	0.02212
552.0	552	0.0	fn_80082738	main/game/menu/cardesavedata	src/game/menu/cardesavedata.c	0.02212
552.0	552	0.0	fn_800772AC	main/game/menu/menu_range_8007109C	src/game/menu/menu_range_8007109C.c	0.02212
552.0	552	0.0	SelectThread	main/dolphin/os/OSThread		0.02212
550.6	1224	55.01	fn_80018A68	main/game/menuPokemon	src/game/menuPokemon.c	0.02207
548.8	792	30.71	fightTrainerAiWazaValueSunaarasi	main/game/fight_trainer_ai_waza_value_middle_suffix_8024498C	src/game/fight_trainer_ai_waza_value_middle_suffix_8024498C.c	0.022
548.0	552	0.72	GScolsys2ThruGetEventID	main/game/GScolsys2Thru_range_80110084	src/game/GScolsys2Thru_range_80110084.c	0.02196
548.0	548	0.0	psRemoveParticle	main/game/ps_candidate_801698F8	src/game/ps_candidate_801698F8.c	0.02196
548.0	548	0.0	pokemonEvolutionCreateAddPokemon	main/game/pokemon_range_8012640C	src/game/pokemon_range_8012640C.c	0.02196
548.0	548	0.0	menuDbgItemCreateCursor	main/game/menu/menu_debug_range_8005DA48	src/game/menu/menu_debug_range_8005DA48.c	0.02196
548.0	548	0.0	friendXUp__FP7PokemonP12FightPokemonScUsUs	main/game/people/people_data_suffix_801441A8	src/game/people/people_data_suffix_801441A8.c	0.02196
548.0	548	0.0	fn_80089380	main/game/pokeconv	src/game/pokeconv.c	0.02196
548.0	548	0.0	fn_800830A4	main/game/menu/cardesavedata	src/game/menu/cardesavedata.c	0.02196
548.0	548	0.0	fn_80056854	main/game/menu/menuCB_prefix_80055E38	src/game/menu/menuCB_prefix_80055E38.c	0.02196
548.0	548	0.0	_modelIntpJObjAll__FP8_GSmodelP9_HSD_JObjP9_HSD_JObjP9_HSD_JObjff	main/game/gs_model_bound_candidate_800EB5A0	src/game/gs_model_bound_candidate_800EB5A0.c	0.02196
548.0	548	0.0	__ieee754_sqrt	main/crt/math_range_800CE378	src/crt/math_range_800CE378.c	0.02196
548.0	548	0.0	__ieee754_exp	main/crt/math_range_800CB2B4	src/crt/math_range_800CB2B4.c	0.02196
546.0	816	33.08	fn_8017DB74	main/game/fsys/fsys_file_candidate_8017D410	src/game/fsys/fsys_file_candidate_8017D410.c	0.02188
544.0	544	0.0	fn_8015EF04	main/musyx/musyx_candidate_8015D678	src/musyx/musyx_candidate_8015D678.c	0.0218
544.0	544	0.0	TRKSuppAccessFile	main/trk/TRKDispatch_range_800C0504		0.0218
544.0	544	0.0	TRKDoStep	main/trk/TRKDispatch_range_800BF53C		0.0218
544.0	544	0.0	CARDCreateAsync	main/dolphin/sdk_candidate_800B4644	src/dolphin/sdk_candidate_800B4644.c	0.0218
540.0	540	0.0	fn_800BC8F8	main/dolphin/sdk_candidate_800BC8F8	src/dolphin/sdk_candidate_800BC8F8.c	0.02164
540.0	540	0.0	fn_8007A850	main/game/menu/menu_range_8007109C	src/game/menu/menu_range_8007109C.c	0.02164
539.4	1700	68.27	fightMenuFightTrainerGcHeroSelectIrekaeFightPokemon	main/game/fight_menu	src/game/fight_menu.c	0.02162
538.6	1316	59.07	fn_801B3D1C	main/hsd/hsd_texp_suffix_801B3D1C	src/hsd/hsd_texp_suffix_801B3D1C.c	0.02159
537.2	1620	66.84	GSmsgGetRect	main/game/gs_msg	src/game/gs_msg.c	0.02153
536.0	540	0.74	fn_801D7230	main/game/wazaViewer_candidate_801D53D8	src/game/wazaViewer_candidate_801D53D8.c	0.02148
536.0	536	0.0	fn_8007581C	main/game/menu/menu_range_8007109C	src/game/menu/menu_range_8007109C.c	0.02148
536.0	536	0.0	atan	main/crt/math_range_800CD648	src/crt/math_range_800CD648.c	0.02148
536.0	536	0.0	OSSetErrorHandler	main/dolphin/sdk_range_8009BD84	src/dolphin/sdk_range_8009BD84.c	0.02148
535.9	1300	58.78	fn_80140588	main/game/people/people_data	src/game/people/people_data.c	0.02148
535.6	1324	59.54	fn_80078390	main/game/menu/menu_range_8007109C	src/game/menu/menu_range_8007109C.c	0.02147
532.0	536	0.75	fn_801B0880	main/hsd/hsd_shadow_candidate_801B06DC	src/hsd/hsd_shadow_candidate_801B06DC.c	0.02132
532.0	536	0.75	_wazaSequenceCameraSelectMotion__FP13ModelSequenceP12WazaSequenceP24wazaSequenceCameraParams	main/game/wazaSequenceCamera	src/game/wazaSequenceCamera.c	0.02132
532.0	532	0.0	fn_80197784	main/hsd/hsd_cobj_candidate_80197344	src/hsd/hsd_cobj_candidate_80197344.c	0.02132
532.0	532	0.0	fn_80061240	main/game/menu/menuCB_BattleStart	src/game/menu/menuCB_BattleStart.c	0.02132
532.0	532	0.0	__kernel_tan	main/crt/math_range_800CD648	src/crt/math_range_800CD648.c	0.02132
528.0	532	0.75	fn_8018B558	main/game/people/people	src/game/people/people.c	0.02116
528.0	532	0.75	fn_801885C4	main/game/people/people	src/game/people/people.c	0.02116
528.0	528	0.0	vsSampleUpdates	main/musyx/musyx_candidate_80158BB4	src/musyx/musyx_candidate_80158BB4.c	0.02116
528.0	528	0.0	fn_8012F1FC	main/game/hero_move	src/game/hero_move.c	0.02116
528.0	528	0.0	fn_8010A210	main/game/gs_range_80109C88	src/game/gs_range_80109C88.c	0.02116
528.0	528	0.0	fn_800774D4	main/game/menu/menu_range_8007109C	src/game/menu/menu_range_8007109C.c	0.02116
528.0	528	0.0	fn_800094A4	main/game/gs_range_80009178	src/game/gs_range_80009178.c	0.02116
528.0	528	0.0	cameraInit	main/game/camera_candidate_801786F4	src/game/camera_candidate_801786F4.c	0.02116
524.8	1620	67.61	_fightMenuFightTrainerGcHeroOpenMenuSubItem__FP13FIGHT_TRAINERP15FightOutPokemonUs	main/game/fight_menu	src/game/fight_menu.c	0.02103
524.0	528	0.76	fn_801D603C	main/game/wazaViewer_candidate_801D53D8	src/game/wazaViewer_candidate_801D53D8.c	0.021
524.0	524	0.0	fn_800D37D4	main/game/gs_gfx_candidate_800D37D4	src/game/gs_gfx_candidate_800D37D4.c	0.021
524.0	524	0.0	fn_80068BB0	main/game/menu/menuCB_range_80068794	src/game/menu/menuCB_range_80068794.c	0.021
524.0	524	0.0	fn_8005351C	main/game/menu/menuCB_range_8005344C	src/game/menu/menuCB_range_8005344C.c	0.021
524.0	524	0.0	__SITransfer	main/dolphin/si/SI_range_800CF764	src/dolphin/si/SI_range_800CF764.c	0.021
520.0	524	0.76	_windowCreateItemSprite__FP14tagWINDOW_WORK	main/game/window_candidate_8010474C	src/game/window_candidate_8010474C.c	0.02084
520.0	520	0.0	fn_801E1924	main/game/gs_candidate_801E189C	src/game/gs_candidate_801E189C.c	0.02084
520.0	520	0.0	fn_801BFD10	main/hsd/hsd_video	src/hsd/hsd_video.c	0.02084
516.0	516	0.0	fn_8015ED00	main/musyx/musyx_candidate_8015D678	src/musyx/musyx_candidate_8015D678.c	0.02068
516.0	516	0.0	fn_8012F40C	main/game/hero_move	src/game/hero_move.c	0.02068
515.5	560	7.95	stateReady_800A6684	main/dolphin/dvd/DVD_range_800A6684	src/dolphin/dvd/DVD_range_800A6684.c	0.02066
515.4	596	13.53	fadeEffectHookFunction_Doku	main/game/effect/fade_effect_candidate_801C4814	src/game/effect/fade_effect_candidate_801C4814.c	0.02066
512.0	516	0.78	fn_801B019C	main/hsd/hsd_shadow	src/hsd/hsd_shadow.c	0.02052
512.0	516	0.78	fn_8013757C	main/game/effect/tracefx	src/game/effect/tracefx.c	0.02052
512.0	512	0.0	getStep__FP8FOOTSTEPP8_GSmodelPiP8FOOTWORK	main/game/hero_move	src/game/hero_move.c	0.02052
512.0	512	0.0	fn_8010A010	main/game/gs_range_80109C88	src/game/gs_range_80109C88.c	0.02052
512.0	512	0.0	fn_800A8934	main/dolphin/vi/VI_candidate_800A8894	src/dolphin/vi/VI_candidate_800A8894.c	0.02052
512.0	512	0.0	TRKTargetSupportRequest	main/trk/TRKTarget_range_800C1348	src/trk/TRKTarget_range_800C1348.c	0.02052
508.0	512	0.78	wazaSequencePokemonMotionStart	main/game/wazaSequenceEntry	src/game/wazaSequenceEntry.c	0.02036
508.0	508	0.0	heroMoveGetKenObjID	main/game/hero_move	src/game/hero_move.c	0.02036
508.0	508	0.0	_modelSetRotateEulerToQuatAll__FP9_HSD_JObj	main/game/gs_model_anim_candidate_800EBEEC	src/game/gs_model_anim_candidate_800EBEEC.c	0.02036
505.6	888	43.07	evolutionWazaLearn	main/game/evolution	src/game/evolution.c	0.02026
504.0	504	0.0	pokemonCheckSetMonohiroi	main/game/pokemon_range_8011FCA4	src/game/pokemon_range_8011FCA4.c	0.0202
504.0	504	0.0	heroMoveSyncWithHero	main/game/hero_move	src/game/hero_move.c	0.0202
504.0	504	0.0	fn_801B18D8	main/hsd/hsd_texp_candidate_801B18D8	src/hsd/hsd_texp_candidate_801B18D8.c	0.0202
504.0	504	0.0	fn_80159840	main/musyx/musyx_candidate_80158BB4	src/musyx/musyx_candidate_80158BB4.c	0.0202
504.0	504	0.0	fn_80091F48	main/game/gbaCommunication_candidate_80091DA4	src/game/gbaCommunication_candidate_80091DA4.c	0.0202
504.0	504	0.0	UpdateIconOffsets	main/dolphin/sdk_candidate_800B5228	src/dolphin/sdk_candidate_800B5228.c	0.0202
500.5	520	3.75	fightTrainerTimeOutSelectIrekaeFightPokemon	main/game/fight_trainer_range_801F9130	src/game/fight_trainer_range_801F9130.c	0.02006
500.0	504	0.79	GStextureConvertFromHW	main/game/gs_texture	src/game/gs_texture.c	0.02004
500.0	500	0.0	fn_801BF6AC	main/hsd/hsd_video	src/hsd/hsd_video.c	0.02004
500.0	500	0.0	fn_80073A44	main/game/menu/menu_range_8007109C	src/game/menu/menu_range_8007109C.c	0.02004
499.5	664	24.77	fn_8013AD9C	main/game/effect/effect_visual_candidate_8013AD9C	src/game/effect/effect_visual_candidate_8013AD9C.c	0.02002
498.1	612	18.61	_distortionEffectUpdateMatrices	main/game/effect/effect_visual_candidate_8013F80C	src/game/effect/effect_visual_candidate_8013F80C.c	0.01996
496.0	500	0.8	winMsgCtrl	main/game/win_msg	src/game/win_msg.c	0.01988
496.0	500	0.8	fn_801B04E0	main/hsd/hsd_shadow_candidate_801B0408	src/hsd/hsd_shadow_candidate_801B0408.c	0.01988
496.0	496	0.0	fn_801E4F64	main/dolphin/thp/THP_range_801E1B54	src/dolphin/thp/THP_range_801E1B54.c	0.01988
496.0	496	0.0	fn_8017A624	main/game/gs_range_8017A5FC	src/game/gs_range_8017A5FC.c	0.01988
496.0	496	0.0	fn_8010AE2C	main/game/gs_range_80109C88	src/game/gs_range_80109C88.c	0.01988
492.4	1096	55.07	fn_800836AC	main/game/menu/cardesavedata	src/game/menu/cardesavedata.c	0.01973
492.0	496	0.81	fn_8018B368	main/game/people/people	src/game/people/people.c	0.01972
492.0	492	0.0	savedataInit	main/game/hero	src/game/hero.c	0.01972
492.0	492	0.0	fn_800615F4	main/game/menu/menuCB_BattleStart	src/game/menu/menuCB_BattleStart.c	0.01972
492.0	492	0.0	fn_8004C8AC	main/game/menu/menu_pda_mail	src/game/menu/menu_pda_mail.c	0.01972
492.0	492	0.0	fn_8004C6C0	main/game/menu/menu_pda_mail	src/game/menu/menu_pda_mail.c	0.01972
492.0	492	0.0	fn_800129A8	main/game/gs_range_80011EA4	src/game/gs_range_80011EA4.c	0.01972
492.0	492	0.0	TRK__write_aram	main/trk/TRKInit	src/trk/TRKInit.c	0.01972
488.0	492	0.81	fn_80137780	main/game/effect/tracefx	src/game/effect/tracefx.c	0.01956
488.0	488	0.0	OSCreateThread	main/dolphin/os/OSThread		0.01956
487.8	632	22.81	surfEffectStart	main/game/effect/effect_visual_candidate_8013B5E4	src/game/effect/effect_visual_candidate_8013B5E4.c	0.01955
485.0	912	46.82	fn_8006FEE4	main/game/menu/menu_middle_range_8006FEE4	src/game/menu/menu_middle_range_8006FEE4.c	0.01944
485.0	500	2.99	fn_8013BC10	main/game/effect/effect_visual_candidate_8013B5E4	src/game/effect/effect_visual_candidate_8013B5E4.c	0.01944
484.0	488	0.82	fn_801F8A18	main/game/fight_trainer_range_801F87CC	src/game/fight_trainer_range_801F87CC.c	0.0194
484.0	488	0.82	fn_801858C4	main/game/people/people	src/game/people/people.c	0.0194
484.0	484	0.0	inpSetExCtrl	main/musyx/musyx_candidate_80161D20	src/musyx/musyx_candidate_80161D20.c	0.0194
484.0	484	0.0	fn_801CF7E4	main/game/field_candidate_801CBA90	src/game/field_candidate_801CBA90.c	0.0194
484.0	484	0.0	fn_80037F40	main/game/menu/pda_range_80037158	src/game/menu/pda_range_80037158.c	0.0194
484.0	484	0.0	__AI_SRC_INIT	main/dolphin/sdk_range_800AC6D4	src/dolphin/sdk_range_800AC6D4.c	0.0194
481.0	696	30.9	fightTrainerAiWazaValueKogoerukaze	main/game/fight_trainer_ai_waza_value	src/game/fight_trainer_ai_waza_value.c	0.01928
480.3	748	35.79	fn_801634A8	main/musyx/musyx_candidate_801634A8	src/musyx/musyx_candidate_801634A8.c	0.01925
480.0	484	0.83	fn_8011207C	main/game/GScolsys2Sun_range_80111C24	src/game/GScolsys2Sun_range_80111C24.c	0.01924
480.0	480	0.0	fn_800638F4	main/game/menu/menuCB_range_80062948	src/game/menu/menuCB_range_80062948.c	0.01924
480.0	480	0.0	_offsetCCD__FP12CCD_FILEHEAD	main/game/gs_range_8010CBD0	src/game/gs_range_8010CBD0.c	0.01924
480.0	480	0.0	TRKRequestSend	main/trk/TRKDispatch_range_800C0504		0.01924
479.8	1240	61.31	fn_800F0A74	main/game/gs_thread_candidate_800F0424	src/game/gs_thread_candidate_800F0424.c	0.01923
477.7	796	39.99	setupBottomHalfCamera	main/hsd/hsd_cobj_candidate_80195A6C	src/hsd/hsd_cobj_candidate_80195A6C.c	0.01915
476.0	480	0.83	windowCreateCursorSprite	main/game/window_candidate_8010474C	src/game/window_candidate_8010474C.c	0.01908
476.0	480	0.83	_wazaSequenceModelEntryLoad	main/game/wazaSequence_candidate_801DC014	src/game/wazaSequence_candidate_801DC014.c	0.01908
476.0	476	0.0	fn_801E1E1C	main/dolphin/thp/THP_range_801E1B54	src/dolphin/thp/THP_range_801E1B54.c	0.01908
476.0	476	0.0	aramUploadData	main/musyx/musyx_candidate_801632B4	src/musyx/musyx_candidate_801632B4.c	0.01908
475.0	1044	54.51	fn_8013024C	main/game/hero_move	src/game/hero_move.c	0.01904
472.4	552	14.42	fn_8013B268	main/game/effect/effect_visual_candidate_8013B268	src/game/effect/effect_visual_candidate_8013B268.c	0.01893
472.0	476	0.84	MakeTextureMtx	main/hsd/hsd_tobj_candidate_801BBDDC	src/hsd/hsd_tobj_candidate_801BBDDC.c	0.01892
472.0	472	0.0	fn_8011A0A8	main/game/field_candidate_8011A0A8	src/game/field_candidate_8011A0A8.c	0.01892
472.0	472	0.0	fn_800BC6F0	main/dolphin/sdk_range_800BC618	src/dolphin/sdk_range_800BC618.c	0.01892
471.1	580	18.78	fn_801C31EC	main/game/battle/battle_grid_residual_801C3114	src/game/battle/battle_grid_residual_801C3114.c	0.01888
470.3	1124	58.16	HSD_CObjSetRoll	main/hsd/hsd_cobj_candidate_801947C8	src/hsd/hsd_cobj_candidate_801947C8.c	0.01885
469.1	604	22.33	fn_801B8D5C	main/hsd/hsd_texp_candidate_801B4300	src/hsd/hsd_texp_candidate_801B4300.c	0.0188
468.0	468	0.0	fn_800ED8C4	main/game/gs_model_anim_suffix_candidate_800ED8C4	src/game/gs_model_anim_suffix_candidate_800ED8C4.c	0.01876
468.0	468	0.0	fn_8009EFE4	main/dolphin/sdk_candidate_8009ED70	src/dolphin/sdk_candidate_8009ED70.c	0.01876
468.0	468	0.0	fn_8006106C	main/game/menu/menuCB_BattleStart	src/game/menu/menuCB_BattleStart.c	0.01876
468.0	468	0.0	cameraSetFloorDefault	main/game/camera_candidate_801786F4	src/game/camera_candidate_801786F4.c	0.01876
466.0	592	21.28	fn_8013CE58	main/game/effect/effect_visual_candidate_8013C670	src/game/effect/effect_visual_candidate_8013C670.c	0.01868
464.0	468	0.85	wazaSequenceFree	main/game/wazaSequence_candidate_801DBDDC	src/game/wazaSequence_candidate_801DBDDC.c	0.0186
464.0	464	0.0	fn_8010B9E8	main/game/gs_range_80109C88	src/game/gs_range_80109C88.c	0.0186
464.0	464	0.0	HSD_PObjResolveRefsAll	main/hsd/hsd_pobj_range_801AA608	src/hsd/hsd_pobj_range_801AA608.c	0.0186
464.0	464	0.0	HSD_MtxSRTQuat	main/hsd/hsd_mobj_range_801A86B4	src/hsd/hsd_mobj_range_801A86B4.c	0.0186
464.0	464	0.0	GSmodelEnableEnvMap	main/game/gs_model_main_suffix_candidate_800E61BC	src/game/gs_model_main_suffix_candidate_800E61BC.c	0.0186
462.7	692	33.14	fn_8017BD34	main/game/fsys/fsys_file_candidate_8017B1CC	src/game/fsys/fsys_file_candidate_8017B1CC.c	0.01854
460.0	460	0.0	fn_80092498	main/game/gbaCommunication_candidate_80091DA4	src/game/gbaCommunication_candidate_80091DA4.c	0.01844
456.8	588	22.31	fn_80139AC4	main/game/effect/effect_visual_candidate_80139AC4	src/game/effect/effect_visual_candidate_80139AC4.c	0.01831
456.0	460	0.87	peopleAddWalkList	main/game/people/people	src/game/people/people.c	0.01828
456.0	460	0.87	fn_80101B90	main/game/gapp_candidate_80101B90	src/game/gapp_candidate_80101B90.c	0.01828
456.0	460	0.87	GScolsys2ThruGetEventList	main/game/GScolsys2Thru_range_80110084	src/game/GScolsys2Thru_range_80110084.c	0.01828
456.0	460	0.87	GScolsys2HumanCollision	main/game/GScolsys2Human_range_8010FAF4	src/game/GScolsys2Human_range_8010FAF4.c	0.01828
456.0	456	0.0	fn_800BCB14	main/dolphin/sdk_candidate_800BC8F8	src/dolphin/sdk_candidate_800BC8F8.c	0.01828
456.0	456	0.0	fn_80068DBC	main/game/menu/menuCB_range_80068794	src/game/menu/menuCB_range_80068794.c	0.01828
456.0	456	0.0	fn_80037D78	main/game/menu/pda_range_80037158	src/game/menu/pda_range_80037158.c	0.01828
456.0	456	0.0	fn_80037BB0	main/game/menu/pda_range_80037158	src/game/menu/pda_range_80037158.c	0.01828
456.0	456	0.0	fn_800379E8	main/game/menu/pda_range_80037158	src/game/menu/pda_range_80037158.c	0.01828
456.0	456	0.0	floorReadMapPostFunc	main/game/field_range_80114AE0	src/game/field_range_80114AE0.c	0.01828
456.0	456	0.0	GSmodelPushState	main/game/gs_model_state	src/game/gs_model_state.c	0.01828
454.1	604	24.81	fn_80035F64	main/game/movie	src/game/movie.c	0.0182
453.9	1652	72.52	menuNameEntryBackCtrl	main/game/menuNameEntry	src/game/menuNameEntry.c	0.01819
452.9	572	20.82	fn_8013B85C	main/game/effect/effect_visual_candidate_8013B5E4	src/game/effect/effect_visual_candidate_8013B5E4.c	0.01815
452.0	452	0.0	fn_801C8834	main/game/gs_range_801C766C	src/game/gs_range_801C766C.c	0.01812
452.0	452	0.0	fn_8006905C	main/game/menu/menuCB_range_8006905C	src/game/menu/menuCB_range_8006905C.c	0.01812
452.0	452	0.0	SIGetType	main/dolphin/si/SI_range_800CF764	src/dolphin/si/SI_range_800CF764.c	0.01812
448.0	448	0.0	SetEffectivePriority	main/dolphin/os/OSThread		0.01796
448.0	448	0.0	GSscratchAlloc	main/game/gs_scratch	src/game/gs_scratch.c	0.01796
444.8	656	32.19	fn_800F2264	main/game/gs_thread_candidate_800F0424	src/game/gs_thread_candidate_800F0424.c	0.01783
444.7	712	37.54	fightOutPokemonInitJoutaiKie	main/game/fight_pokemon_range_801FDB78	src/game/fight_pokemon_range_801FDB78.c	0.01782
444.0	444	0.0	fn_801E0FB4	main/game/gs_candidate_801E09E0	src/game/gs_candidate_801E09E0.c	0.01779
444.0	444	0.0	fn_801BEEDC	main/hsd/hsd_tobj_candidate_801BBDDC	src/hsd/hsd_tobj_candidate_801BBDDC.c	0.01779
444.0	444	0.0	fn_801AFCAC	main/hsd/hsd_robj_range_801AEBE4		0.01779
444.0	444	0.0	fn_8010D20C	main/game/gs_range_8010CBD0	src/game/gs_range_8010CBD0.c	0.01779
444.0	444	0.0	fn_80057F94	main/game/menu/menuColosseumBattle_candidate_80057E70	src/game/menu/menuColosseumBattle_candidate_80057E70.c	0.01779
444.0	444	0.0	__OSInitAudioSystem	main/dolphin/sdk_candidate_8009AFFC	src/dolphin/sdk_candidate_8009AFFC.c	0.01779
444.0	444	0.0	OSCancelThread	main/dolphin/os/OSThread		0.01779
443.2	520	14.77	fn_801C2F00	main/game/battle/battle_camera_candidate_801C2D80	src/game/battle/battle_camera_candidate_801C2D80.c	0.01776
442.3	832	46.84	_fightTrainerAiWazaHitCheck	main/game/fight_trainer_ai_waza_hit	src/game/fight_trainer_ai_waza_hit.c	0.01773
441.3	708	37.67	fn_8007C7EC	main/game/menu/menu_carde_matrix	src/game/menu/menu_carde_matrix.c	0.01769
440.0	1204	63.46	pokemonCreateRndFit	main/game/pokemon_range_801240C4	src/game/pokemon_range_801240C4.c	0.01763
440.0	444	0.9	peopleWaitSyncMotionBlend	main/game/people/people	src/game/people/people.c	0.01763
440.0	444	0.9	fn_801DDD28	main/game/sequence_candidate_801DD45C	src/game/sequence_candidate_801DD45C.c	0.01763
440.0	440	0.0	fn_80166E88	main/game/gs_range_801653CC	src/game/gs_range_801653CC.c	0.01763
440.0	440	0.0	fn_8011791C	main/game/field_camera_candidate_80117514	src/game/field_camera_candidate_80117514.c	0.01763
440.0	440	0.0	fn_8004C120	main/game/menu/menu_pda_mail	src/game/menu/menu_pda_mail.c	0.01763
440.0	440	0.0	__CARDSeek	main/dolphin/sdk_candidate_800B4644	src/dolphin/sdk_candidate_800B4644.c	0.01763
440.0	440	0.0	TRKSaveExtended1Block	main/trk/TRKSaveState		0.01763
440.0	440	0.0	TRKRestoreExtended1Block	main/trk/TRKSaveState		0.01763
439.0	792	44.58	fn_80070D84	main/game/menu/menu_middle_range_800704AC	src/game/menu/menu_middle_range_800704AC.c	0.01759
436.5	1056	58.66	fn_800F4818	main/game/gs_thread_candidate_800F0424	src/game/gs_thread_candidate_800F0424.c	0.01749
436.0	440	0.91	windowDrawSprite2	main/game/window_candidate_801040F0	src/game/window_candidate_801040F0.c	0.01747
436.0	440	0.91	fn_8018805C	main/game/people/people	src/game/people/people.c	0.01747
436.0	436	0.0	hwInitSamplePlayback	main/musyx/musyx_candidate_80161D20	src/musyx/musyx_candidate_80161D20.c	0.01747
436.0	436	0.0	fn_801E449C	main/dolphin/thp/THP_range_801E1B54	src/dolphin/thp/THP_range_801E1B54.c	0.01747
436.0	436	0.0	fn_801C6934	main/game/effect/fade_range_801C4CB8	src/game/effect/fade_range_801C4CB8.c	0.01747
436.0	436	0.0	fn_800AFBDC	main/dolphin/sdk_range_800AF8A0	src/dolphin/sdk_range_800AF8A0.c	0.01747
436.0	436	0.0	fn_80082CF0	main/game/menu/cardesavedata	src/game/menu/cardesavedata.c	0.01747
436.0	436	0.0	fn_800689FC	main/game/menu/menuCB_range_80068794	src/game/menu/menuCB_range_80068794.c	0.01747
436.0	436	0.0	fn_80054760	main/game/menu/menuCB_range_8005344C	src/game/menu/menuCB_range_8005344C.c	0.01747
436.0	436	0.0	floorUpdateFieldCamera	main/game/field_camera_candidate_80117514	src/game/field_camera_candidate_80117514.c	0.01747
435.4	680	35.96	fn_80022478	main/game/gs_title_candidate_8002217C	src/game/gs_title_candidate_8002217C.c	0.01745
435.4	616	29.32	fn_8013CBF0	main/game/effect/effect_visual_candidate_8013C670	src/game/effect/effect_visual_candidate_8013C670.c	0.01745
434.7	508	14.43	fn_8006C5D8	main/game/menu/menu_middle_range_8006B9B8	src/game/menu/menu_middle_range_8006B9B8.c	0.01742
434.6	536	18.91	fn_800AAF38	main/dolphin/pad/PAD	src/dolphin/pad/PAD.c	0.01742
432.6	696	37.84	GSmsgInit	main/game/gs_msg	src/game/gs_msg.c	0.01734
432.0	436	0.92	fn_80185F44	main/game/people/people	src/game/people/people.c	0.01731
432.0	432	0.0	__CARDCheckSum	main/dolphin/sdk_range_800B2070	src/dolphin/sdk_range_800B2070.c	0.01731
428.6	544	21.21	HSD_LObjDeleteCurrentAll	main/hsd/hsd_lobj	src/hsd/hsd_lobj.c	0.01718
428.0	456	6.13	fn_801B89BC	main/hsd/hsd_texp_candidate_801B4300	src/hsd/hsd_texp_candidate_801B4300.c	0.01715
428.0	432	0.93	fn_801D58E4	main/game/wazaViewer_candidate_801D53D8	src/game/wazaViewer_candidate_801D53D8.c	0.01715
428.0	432	0.93	fn_801B5850	main/hsd/hsd_texp_candidate_801B4300	src/hsd/hsd_texp_candidate_801B4300.c	0.01715
428.0	432	0.93	_eyeTexAnimEnded	main/game/gs_range_801DE698	src/game/gs_range_801DE698.c	0.01715
428.0	428	0.0	hwSetADSR	main/musyx/musyx_candidate_80161D20	src/musyx/musyx_candidate_80161D20.c	0.01715
428.0	428	0.0	fn_800E2C04	main/game/gs_mem	src/game/gs_mem.c	0.01715
428.0	428	0.0	fn_800BBCE0	main/dolphin/sdk_candidate_800BB81C	src/dolphin/sdk_candidate_800BB81C.c	0.01715
426.3	1088	60.82	_dlParseVertex__FP16_HSD_VtxDescListPUcP22GSgfxParseCallbackListPv_802B1720	main/game/gs_gfx_dl	src/game/gs_gfx_dl.c	0.01709
424.0	428	0.93	psKillAllGenerator	main/game/ps_generator_range_8017572C	src/game/ps_generator_range_8017572C.c	0.01699
424.0	428	0.93	fn_8018CB5C	main/game/people/people	src/game/people/people.c	0.01699
424.0	428	0.93	fn_80188AF4	main/game/people/people	src/game/people/people.c	0.01699
424.0	424	0.0	hpRecover__FP20ITEMUSE2POKEMON_LOG1PsP7PokemonUcbUsP12FightPokemon	main/game/people/people_data_suffix_801441A8	src/game/people/people_data_suffix_801441A8.c	0.01699
424.0	424	0.0	fn_800BE164	main/dolphin/sdk_candidate_800BD7A0	src/dolphin/sdk_candidate_800BD7A0.c	0.01699
424.0	424	0.0	fn_80092C90	main/game/gbaCommunication_candidate_80091DA4	src/game/gbaCommunication_candidate_80091DA4.c	0.01699
420.0	420	0.0	pokemonEvolution	main/game/pokemon_range_8012640C	src/game/pokemon_range_8012640C.c	0.01683
420.0	420	0.0	fn_801AEBE4	main/hsd/hsd_robj_range_801AEBE4		0.01683
420.0	420	0.0	fn_80091DA4	main/game/gbaCommunication_candidate_80091DA4	src/game/gbaCommunication_candidate_80091DA4.c	0.01683
420.0	420	0.0	fn_800544A8	main/game/menu/menuCB_range_8005344C	src/game/menu/menuCB_range_8005344C.c	0.01683
420.0	420	0.0	__num2dec	main/dolphin/sdk_range_800C5458	src/dolphin/sdk_range_800C5458.c	0.01683
420.0	420	0.0	GSflagInitBitPos	main/game/gs_flag_candidate_801909A8	src/game/gs_flag_candidate_801909A8.c	0.01683
416.9	924	54.88	fn_801425E8	main/game/people/people_data	src/game/people/people_data.c	0.01671
416.1	1320	68.48	fn_801B2038	main/hsd/hsd_texp_candidate_801B18D8	src/hsd/hsd_texp_candidate_801B18D8.c	0.01668
416.0	624	33.33	fn_8013BE04	main/game/effect/effect_visual_candidate_8013B5E4	src/game/effect/effect_visual_candidate_8013B5E4.c	0.01667
416.0	420	0.95	peopleWaitSyncMotion	main/game/people/people	src/game/people/people.c	0.01667
416.0	420	0.95	fn_801839A0	main/game/people/people	src/game/people/people.c	0.01667
416.0	420	0.95	fn_8010EFE4	main/game/gs_range_8010CBD0	src/game/gs_range_8010CBD0.c	0.01667
416.0	416	0.0	setVerticalRegs	main/dolphin/vi/VI_candidate_800A9038	src/dolphin/vi/VI_candidate_800A9038.c	0.01667
416.0	416	0.0	fn_8019F024	main/hsd/hsd_jobj	src/hsd/hsd_jobj.c	0.01667
416.0	416	0.0	fn_80061454	main/game/menu/menuCB_BattleStart	src/game/menu/menuCB_BattleStart.c	0.01667
416.0	416	0.0	fn_8004CDD8	main/game/menu/menu_pda_mail	src/game/menu/menu_pda_mail.c	0.01667
416.0	416	0.0	fn_8004CC38	main/game/menu/menu_pda_mail	src/game/menu/menu_pda_mail.c	0.01667
416.0	416	0.0	fn_8004CA98	main/game/menu/menu_pda_mail	src/game/menu/menu_pda_mail.c	0.01667
416.0	416	0.0	fn_8003B2D8	main/game/menu/pda_range_80037158	src/game/menu/pda_range_80037158.c	0.01667
416.0	416	0.0	fn_8003A520	main/game/menu/pda_range_80037158	src/game/menu/pda_range_80037158.c	0.01667
416.0	416	0.0	__DSP_exec_task	main/dolphin/sdk_range_800AE9FC	src/dolphin/sdk_range_800AE9FC.c	0.01667
416.0	416	0.0	CARDMountAsync	main/dolphin/sdk_candidate_800B3078	src/dolphin/sdk_candidate_800B3078.c	0.01667
415.6	492	15.54	menuFightOpenWaza	main/game/menuFight	src/game/menuFight.c	0.01666
415.4	3704	88.78	HSD_LObjSetup	main/hsd/hsd_lobj	src/hsd/hsd_lobj.c	0.01665
415.0	636	34.75	fn_800889E4	main/game/gba/gba_conv	src/game/gba/gba_conv.c	0.01663
414.1	600	30.99	fightTrainerAiWazaValueNihonbare	main/game/fight_trainer_ai_waza_value_middle_suffix_8024498C	src/game/fight_trainer_ai_waza_value_middle_suffix_8024498C.c	0.0166
412.7	1148	64.05	fn_800788BC	main/game/menu/menu_range_8007109C	src/game/menu/menu_range_8007109C.c	0.01654
412.0	412	0.0	fn_8010A420	main/game/gs_range_80109C88	src/game/gs_range_80109C88.c	0.01651
412.0	412	0.0	fn_8009D510	main/dolphin/sdk_range_8009BD84	src/dolphin/sdk_range_8009BD84.c	0.01651
412.0	412	0.0	fn_80083D30	main/game/menu/cardesavedata	src/game/menu/cardesavedata.c	0.01651
412.0	412	0.0	fn_80039F70	main/game/menu/pda_range_80037158	src/game/menu/pda_range_80037158.c	0.01651
408.0	412	0.97	fn_801B1524	main/hsd/hsd_shadow_candidate_801B06DC	src/hsd/hsd_shadow_candidate_801B06DC.c	0.01635
408.0	412	0.97	fn_80183B44	main/game/people/people	src/game/people/people.c	0.01635
407.1	472	13.75	fn_801B8B84	main/hsd/hsd_texp_candidate_801B4300	src/hsd/hsd_texp_candidate_801B4300.c	0.01632
404.4	520	22.24	fn_8013AB60	main/game/effect/effect_visual_candidate_8013AB60	src/game/effect/effect_visual_candidate_8013AB60.c	0.01621
404.0	408	0.98	fn_8010F320	main/game/gs_range_8010CBD0	src/game/gs_range_8010CBD0.c	0.01619
404.0	408	0.98	fn_8010F188	main/game/gs_range_8010CBD0	src/game/gs_range_8010CBD0.c	0.01619
404.0	404	0.0	pokemonGetDarkPokemonLevel	main/game/pokemon_range_8011F77C	src/game/pokemon_range_8011F77C.c	0.01619
404.0	404	0.0	cameraPlayOffsetAnime	main/game/camera_candidate_80176C78	src/game/camera_candidate_80176C78.c	0.01619
404.0	404	0.0	_modelShadowFindValidReceiveModel__FP8_GSmodelP8_GSmodelP7GSlightP7GSbound	main/game/gs_model_shadow_candidate_800E92D8	src/game/gs_model_shadow_candidate_800E92D8.c	0.01619
404.0	404	0.0	TRKInterruptHandler	main/trk/TRKInterrupt		0.01619
401.8	1668	75.91	fightOutPokemonCheckFightActionSelect	main/game/fight_out_pokemon	src/game/fight_out_pokemon.c	0.0161
401.1	480	16.44	fn_8013D984	main/game/effect/effect_visual_candidate_8013D984	src/game/effect/effect_visual_candidate_8013D984.c	0.01608
400.0	400	0.0	fn_80092E38	main/game/gbaCommunication_candidate_80091DA4	src/game/gbaCommunication_candidate_80091DA4.c	0.01603
400.0	400	0.0	fn_80038E74	main/game/menu/pda_range_80037158	src/game/menu/pda_range_80037158.c	0.01603
400.0	400	0.0	__GXShutdown_800C6260	main/dolphin/sdk_candidate_800B5C5C	src/dolphin/sdk_candidate_800B5C5C.c	0.01603
400.0	400	0.0	TRKTargetInterrupt	main/trk/TRKTarget_residual_800C17CC	src/trk/TRKTarget_residual_800C17CC.c	0.01603
400.0	400	0.0	GXInitLightSpot	main/dolphin/sdk_range_800BA1B4	src/dolphin/sdk_range_800BA1B4.c	0.01603
396.6	1072	63.0	fn_8012E388	main/game/hero_move	src/game/hero_move.c	0.0159
396.0	400	1.0	menuInit	main/game/menu_candidate_80102014	src/game/menu_candidate_80102014.c	0.01587
396.0	400	1.0	fn_8010CA30	main/game/gs_colsys_candidate_8010C8D0	src/game/gs_colsys_candidate_8010C8D0.c	0.01587
396.0	396	0.0	fn_8017AAA4	main/game/gs_range_8017A5FC	src/game/gs_range_8017A5FC.c	0.01587
396.0	396	0.0	fn_80012B94	main/game/gs_range_80011EA4	src/game/gs_range_80011EA4.c	0.01587
396.0	396	0.0	__DSP_boot_task	main/dolphin/sdk_range_800AE9FC	src/dolphin/sdk_range_800AE9FC.c	0.01587
396.0	396	0.0	C_MTXLookAt	main/dolphin/sdk_range_800A2D38	src/dolphin/sdk_range_800A2D38.c	0.01587
394.7	1120	64.76	GSmsgInitRuby	main/game/gs_msg	src/game/gs_msg.c	0.01582
393.5	428	8.07	fn_801B5C94	main/hsd/hsd_texp_candidate_801B4300	src/hsd/hsd_texp_candidate_801B4300.c	0.01577
392.0	396	1.01	sequenceLoad	main/game/sequence_candidate_801DD45C	src/game/sequence_candidate_801DD45C.c	0.01571
392.0	396	1.01	_floorInitialize__FUi14FloorEnterMode	main/game/floor	src/game/floor.c	0.01571
392.0	392	0.0	fn_801BD8D0	main/hsd/hsd_tobj_candidate_801BBDDC	src/hsd/hsd_tobj_candidate_801BBDDC.c	0.01571
392.0	392	0.0	fn_8003F2DC	main/game/menu/pda_range_80037158	src/game/menu/pda_range_80037158.c	0.01571
392.0	392	0.0	HSD_MkRotationMtx	main/hsd/hsd_mobj_range_801A86B4	src/hsd/hsd_mobj_range_801A86B4.c	0.01571
390.1	572	31.8	fightTrainerAiWazaValueKanarazuSubayasaDaun	main/game/fight_trainer_ai_waza_value	src/game/fight_trainer_ai_waza_value.c	0.01563
389.4	1540	74.71	fn_80058150	main/game/menu/menuColosseumBattle_prefix	src/game/menu/menuColosseumBattle_prefix.c	0.01561
388.8	1140	65.9	menuFightButtonSecretWazaTop	main/game/menuFight	src/game/menuFight.c	0.01558
388.0	424	8.48	fn_8013CA48	main/game/effect/effect_visual_candidate_8013C670	src/game/effect/effect_visual_candidate_8013C670.c	0.01555
388.0	392	1.02	wazaSequenceUpdate	main/game/wazaSequence_candidate_801DB988	src/game/wazaSequence_candidate_801DB988.c	0.01555
388.0	388	0.0	fn_80168284	main/game/gs_dvd_candidate_80167FA8	src/game/gs_dvd_candidate_80167FA8.c	0.01555
388.0	388	0.0	fn_80069220	main/game/menu/menuCB_range_8006905C	src/game/menu/menuCB_range_8006905C.c	0.01555
388.0	388	0.0	fn_80060D70	main/game/menu/menuCB_BattleStart	src/game/menu/menuCB_BattleStart.c	0.01555
384.0	388	1.03	fn_801DC46C	main/game/wazaSequence_candidate_801DC014	src/game/wazaSequence_candidate_801DC014.c	0.01539
384.0	384	0.0	fn_801D0C30	main/game/battle/battle_candidate_801D0C30	src/game/battle/battle_candidate_801D0C30.c	0.01539
384.0	384	0.0	fn_80167118	main/game/gs_dvd_candidate_80167040	src/game/gs_dvd_candidate_80167040.c	0.01539
384.0	384	0.0	GScharCmp	main/game/gs_msg	src/game/gs_msg.c	0.01539
383.5	564	32.01	fn_8006B6B4	main/game/menu/menu_middle_range_8006B5D0	src/game/menu/menu_middle_range_8006B5D0.c	0.01537
382.6	848	54.88	fn_800F6D18	main/game/gs_thread_candidate_800F0424	src/game/gs_thread_candidate_800F0424.c	0.01533
382.2	536	28.7	fn_800704AC	main/game/menu/menu_middle_range_800704AC	src/game/menu/menu_middle_range_800704AC.c	0.01532
380.0	1096	65.33	fn_8012B19C	main/game/hero_move	src/game/hero_move.c	0.01523
380.0	384	1.04	fn_801DE418	main/game/sequence_candidate_801DE190	src/game/sequence_candidate_801DE190.c	0.01523
380.0	384	1.04	fn_801837D8	main/game/people/people	src/game/people/people.c	0.01523
380.0	380	0.0	fn_801C8688	main/game/gs_range_801C766C	src/game/gs_range_801C766C.c	0.01523
380.0	380	0.0	fn_801BF8A0	main/hsd/hsd_video	src/hsd/hsd_video.c	0.01523
380.0	380	0.0	fn_800BB97C	main/dolphin/sdk_candidate_800BB81C	src/dolphin/sdk_candidate_800BB81C.c	0.01523
380.0	380	0.0	fn_80087AE8	main/game/menu/cardesavedata	src/game/menu/cardesavedata.c	0.01523
380.0	380	0.0	dbgMenuLogDraw	main/game/menu/menu_debug_range_8005DA48	src/game/menu/menu_debug_range_8005DA48.c	0.01523
380.0	380	0.0	__GXSetSUTexRegs	main/dolphin/sdk_range_800BB30C_prefix	src/dolphin/sdk_range_800BB30C_prefix.c	0.01523
380.0	380	0.0	CARDProbeEx	main/dolphin/sdk_candidate_800B3078	src/dolphin/sdk_candidate_800B3078.c	0.01523
376.0	380	1.05	fn_80183CE0	main/game/people/people	src/game/people/people.c	0.01507
376.0	376	0.0	psKillGenerator	main/game/ps_generator_range_8017572C	src/game/ps_generator_range_8017572C.c	0.01507
376.0	376	0.0	fn_801EE958	main/game/battle/battle_range_candidate_801EE958	src/game/battle/battle_range_candidate_801EE958.c	0.01507
376.0	376	0.0	fn_80190528	main/game/gs_range_8018FE30	src/game/gs_range_8018FE30.c	0.01507
376.0	376	0.0	fn_801903B0	main/game/gs_range_8018FE30	src/game/gs_range_8018FE30.c	0.01507
376.0	376	0.0	fn_80061BBC	main/game/menu/menuCB_BattleStart	src/game/menu/menuCB_BattleStart.c	0.01507
376.0	376	0.0	fn_8004DFCC	main/game/menu/menu_pda_mail	src/game/menu/menu_pda_mail.c	0.01507
376.0	376	0.0	_flagSet	main/game/gs_range_8018FE30	src/game/gs_range_8018FE30.c	0.01507
376.0	376	0.0	GSmodelEnableColorSwap	main/game/gs_model_main_suffix_candidate_800E5E34	src/game/gs_model_main_suffix_candidate_800E5E34.c	0.01507
376.0	376	0.0	GSgfxParseDisplayList	main/game/gs_gfx_dl	src/game/gs_gfx_dl.c	0.01507
373.4	1224	69.5	initFloor__Fv	main/game/hero_move	src/game/hero_move.c	0.01497
372.0	376	1.06	_floorUpdate__FUi14FloorEnterMode	main/game/floor	src/game/floor.c	0.01491
372.0	372	0.0	fn_8004DDC0	main/game/menu/menu_pda_mail	src/game/menu/menu_pda_mail.c	0.01491
372.0	372	0.0	GXProject	main/dolphin/sdk_candidate_800BD16C	src/dolphin/sdk_candidate_800BD16C.c	0.01491
372.0	372	0.0	Decode	main/dolphin/sdk_range_8009BD84	src/dolphin/sdk_range_8009BD84.c	0.01491
372.0	372	0.0	C_QUATSlerp	main/dolphin/sdk_candidate_800A3A78	src/dolphin/sdk_candidate_800A3A78.c	0.01491
368.0	372	1.08	fn_8018E050	main/game/people/people	src/game/people/people.c	0.01475
368.0	372	1.08	fn_80184470	main/game/people/people	src/game/people/people.c	0.01475
368.0	368	0.0	fn_801C5D60	main/game/effect/fade_range_801C4CB8	src/game/effect/fade_range_801C4CB8.c	0.01475
368.0	368	0.0	fn_801C55D8	main/game/effect/fade_range_801C4CB8	src/game/effect/fade_range_801C4CB8.c	0.01475
368.0	368	0.0	fn_800B8AE8	main/dolphin/sdk_range_800B8AE8	src/dolphin/sdk_range_800B8AE8.c	0.01475
368.0	368	0.0	fn_800929BC	main/game/gbaCommunication_candidate_80091DA4	src/game/gbaCommunication_candidate_80091DA4.c	0.01475
368.0	368	0.0	fn_80037180	main/game/menu/pda_range_80037158	src/game/menu/pda_range_80037158.c	0.01475
368.0	368	0.0	WriteCallback	main/dolphin/sdk_candidate_800B4E50	src/dolphin/sdk_candidate_800B4E50.c	0.01475
368.0	368	0.0	TRKTargetAccessExtended1	main/trk/TRKTarget_residual_800C1A08	src/trk/TRKTarget_residual_800C1A08.c	0.01475
368.0	368	0.0	TRKDispatchMessage	main/dolphin/sdk_range_800BF33C	src/dolphin/sdk_range_800BF33C.c	0.01475
368.0	368	0.0	OSSuspendThread	main/dolphin/os/OSThread		0.01475
367.4	1352	72.83	fightActionFlowKaisiNyuujouPokemon	main/game/fight_action_candidate_8020B058	src/game/fight_action_candidate_8020B058.c	0.01472
366.5	696	47.34	setupTopHalfCamera	main/hsd/hsd_cobj_candidate_80195A6C	src/hsd/hsd_cobj_candidate_80195A6C.c	0.01469
365.7	532	31.26	fn_800884BC	main/game/gba/gba_conv	src/game/gba/gba_conv.c	0.01466
364.2	432	15.7	GSgfxBeginBackFBCapture	main/game/gs_gfx_backfb	src/game/gs_gfx_backfb.c	0.0146
364.0	368	1.09	winMsgDraw	main/game/win_msg	src/game/win_msg.c	0.01459
364.0	368	1.09	wazaSequenceSysFreeWazaResource	main/game/wazaSequenceSys_tail_candidate_801DB288	src/game/wazaSequenceSys_tail_candidate_801DB288.c	0.01459
364.0	364	0.0	qsort	main/crt/printf_candidate_800C8864	src/crt/printf_candidate_800C8864.c	0.01459
364.0	364	0.0	fn_80062948	main/game/menu/menuCB_range_80062948	src/game/menu/menuCB_range_80062948.c	0.01459
364.0	364	0.0	fn_800576C4	main/game/menu/menuCB_suffix_80056B74	src/game/menu/menuCB_suffix_80056B74.c	0.01459
364.0	364	0.0	SITransfer	main/dolphin/si/SI_range_800CF764	src/dolphin/si/SI_range_800CF764.c	0.01459
364.0	364	0.0	AIInit	main/dolphin/sdk_range_800AC440	src/dolphin/sdk_range_800AC440.c	0.01459
361.6	1780	79.69	fn_80079EF4	main/game/menu/menu_range_8007109C	src/game/menu/menu_range_8007109C.c	0.01449
360.0	364	1.1	windowGetPortKeyInfo	main/game/window_candidate_8010474C	src/game/window_candidate_8010474C.c	0.01443
360.0	364	1.1	fn_801DF1D0	main/game/gs_range_801DE698	src/game/gs_range_801DE698.c	0.01443
360.0	360	0.0	fn_801CBCDC	main/game/field_candidate_801CBA90	src/game/field_candidate_801CBA90.c	0.01443
360.0	360	0.0	fn_80083ECC	main/game/menu/cardesavedata	src/game/menu/cardesavedata.c	0.01443
360.0	360	0.0	_menuCBBattleStartDispTrainerTexCallBack__FlPvl	main/game/menu/menuCB_BattleStart	src/game/menu/menuCB_BattleStart.c	0.01443
360.0	360	0.0	__fstLoad	main/dolphin/vi/VI_candidate_800A839C	src/dolphin/vi/VI_candidate_800A839C.c	0.01443
359.3	1592	77.43	fn_800A6BD4	main/dolphin/dvd/DVD_range_800A6684	src/dolphin/dvd/DVD_range_800A6684.c	0.0144
358.2	484	25.98	fn_8007C450	main/game/menu/menu_carde_matrix	src/game/menu/menu_carde_matrix.c	0.01436
357.8	1012	64.65	fn_800F4C38	main/game/gs_thread_candidate_800F0424	src/game/gs_thread_candidate_800F0424.c	0.01434
357.4	520	31.27	msgctrlTime	main/game/msgctrl_candidate_8013182C	src/game/msgctrl_candidate_8013182C.c	0.01432
356.4	556	35.91	fn_8013FF0C	main/game/effect/effect_visual_candidate_8013FF0C	src/game/effect/effect_visual_candidate_8013FF0C.c	0.01428
356.1	1388	74.35	fn_800D4F98	main/game/gs_gfx_candidate_800D461C	src/game/gs_gfx_candidate_800D461C.c	0.01427
356.0	360	1.11	fn_801DAEF8	main/game/wazaSequenceSys_tail_candidate_801DAC90	src/game/wazaSequenceSys_tail_candidate_801DAC90.c	0.01427
356.0	356	0.0	fn_80092B2C	main/game/gbaCommunication_candidate_80091DA4	src/game/gbaCommunication_candidate_80091DA4.c	0.01427
356.0	356	0.0	fn_800345A4	main/game/gs_range_80033278	src/game/gs_range_80033278.c	0.01427
356.0	356	0.0	GSsplineAddControlVectorValue	main/game/gs_spline	src/game/gs_spline.c	0.01427
355.6	532	33.16	fn_80089978	main/game/gba/gba_misc_candidate_800896E8	src/game/gba/gba_misc_candidate_800896E8.c	0.01425
354.5	380	6.72	fn_8006B9B8	main/game/menu/menu_middle_range_8006B9B8	src/game/menu/menu_middle_range_8006B9B8.c	0.01421
352.0	356	1.12	fn_801DEF0C	main/game/gs_range_801DE698	src/game/gs_range_801DE698.c	0.01411
352.0	356	1.12	fn_8018F30C	main/game/people/people	src/game/people/people.c	0.01411
352.0	352	0.0	psInitParticle	main/game/ps_candidate_801698F8	src/game/ps_candidate_801698F8.c	0.01411
352.0	352	0.0	menuColosseumBattleInit	main/game/menu/menuColosseumBattle	src/game/menu/menuColosseumBattle.c	0.01411
352.0	352	0.0	fn_800BB81C	main/dolphin/sdk_candidate_800BB81C	src/dolphin/sdk_candidate_800BB81C.c	0.01411
352.0	352	0.0	fn_800B4488	main/dolphin/sdk_range_800B4488	src/dolphin/sdk_range_800B4488.c	0.01411
352.0	352	0.0	fn_80069664	main/game/menu/menuCB_range_8006905C	src/game/menu/menuCB_range_8006905C.c	0.01411
352.0	352	0.0	fn_80069504	main/game/menu/menuCB_range_8006905C	src/game/menu/menuCB_range_8006905C.c	0.01411
352.0	352	0.0	fn_800693A4	main/game/menu/menuCB_range_8006905C	src/game/menu/menuCB_range_8006905C.c	0.01411
352.0	352	0.0	fn_8004E2E0	main/game/menu/menu_pda_mail	src/game/menu/menu_pda_mail.c	0.01411
352.0	352	0.0	fn_8004E180	main/game/menu/menu_pda_mail	src/game/menu/menu_pda_mail.c	0.01411
352.0	352	0.0	GSmodelEnableModulation	main/game/gs_model_main_suffix_candidate_800E5BE0	src/game/gs_model_main_suffix_candidate_800E5BE0.c	0.01411
351.8	524	32.86	fn_8006E798	main/game/menu/menu_middle_range_8006B9B8	src/game/menu/menu_middle_range_8006B9B8.c	0.0141
351.4	1336	73.7	fn_80008C40	main/game/gs_task_residual_80008868	src/game/gs_task_residual_80008868.c	0.01408
349.7	812	56.94	PADTypeAndStatusCallback	main/dolphin/pad/PAD	src/dolphin/pad/PAD.c	0.01402
348.4	736	52.66	fn_800F24F4	main/game/gs_thread_candidate_800F0424	src/game/gs_thread_candidate_800F0424.c	0.01396
348.0	352	1.14	fn_801D97F0	main/game/wazaSequenceEntry	src/game/wazaSequenceEntry.c	0.01395
348.0	352	1.14	fn_8010C8D0	main/game/gs_colsys_candidate_8010C8D0	src/game/gs_colsys_candidate_8010C8D0.c	0.01395
348.0	348	0.0	fn_801ADAAC	main/hsd/hsd_pobj_range_801AA608	src/hsd/hsd_pobj_range_801AA608.c	0.01395
348.0	348	0.0	fn_8017D410	main/game/fsys/fsys_file_candidate_8017D410	src/game/fsys/fsys_file_candidate_8017D410.c	0.01395
348.0	348	0.0	fn_800E3604	main/game/gs_model_main	src/game/gs_model_main.c	0.01395
348.0	348	0.0	fn_80057538	main/game/menu/menuCB_suffix_80056B74	src/game/menu/menuCB_suffix_80056B74.c	0.01395
348.0	348	0.0	cameraPlayAnime	main/game/camera_candidate_80176C78	src/game/camera_candidate_80176C78.c	0.01395
348.0	348	0.0	__start	main/crt/__start	src/crt/__start.c	0.01395
348.0	348	0.0	GSmodelSetRenderFlags	main/game/gs_model_main_suffix_candidate_800E69C4	src/game/gs_model_main_suffix_candidate_800E69C4.c	0.01395
346.8	692	49.88	toolentryDebugPokemonCreate	main/game/toolentry	src/game/toolentry.c	0.0139
344.0	348	1.15	wazaSequenceEntryLink	main/game/wazaSequence_candidate_801DC014	src/game/wazaSequence_candidate_801DC014.c	0.01379
344.0	348	1.15	fn_801860F8	main/game/people/people	src/game/people/people.c	0.01379
344.0	348	1.15	fn_80106F98	main/game/win_sequence	src/game/win_sequence.c	0.01379
344.0	344	0.0	salHandleAuxProcessing	main/musyx/musyx_candidate_8015D678	src/musyx/musyx_candidate_8015D678.c	0.01379
344.0	344	0.0	menuNameEntryDraw50Cursor	main/game/menuNameEntry	src/game/menuNameEntry.c	0.01379
344.0	344	0.0	fn_801A05EC	main/hsd/hsd_jobj_residual_801A05EC	src/hsd/hsd_jobj_residual_801A05EC.c	0.01379
344.0	344	0.0	fn_800B771C	main/dolphin/sdk_range_800B771C	src/dolphin/sdk_range_800B771C.c	0.01379
344.0	344	0.0	__OSThreadInit	main/dolphin/sdk_range_800A0D00	src/dolphin/sdk_range_800A0D00.c	0.01379
340.5	376	9.44	GSgfxBackFBDoFrame	main/game/gs_light_candidate_800DC560	src/game/gs_light_candidate_800DC560.c	0.01365
340.0	344	1.16	fn_8018D7D0	main/game/people/people	src/game/people/people.c	0.01363
340.0	340	0.0	snd_handle_irq	main/musyx/musyx_candidate_80161D20	src/musyx/musyx_candidate_80161D20.c	0.01363
340.0	340	0.0	psInitDataBank	main/game/ps_candidate_801698F8	src/game/ps_candidate_801698F8.c	0.01363
340.0	340	0.0	fn_801974A8	main/hsd/hsd_cobj_candidate_80197344	src/hsd/hsd_cobj_candidate_80197344.c	0.01363
340.0	340	0.0	fn_8017F108	main/game/fsys/fsys_file_candidate_8017D410	src/game/fsys/fsys_file_candidate_8017D410.c	0.01363
340.0	340	0.0	fn_8010B5C4	main/game/gs_range_80109C88	src/game/gs_range_80109C88.c	0.01363
340.0	340	0.0	fn_8009CD38	main/dolphin/sdk_range_8009BD84	src/dolphin/sdk_range_8009BD84.c	0.01363
340.0	340	0.0	GSmodelSetTextureChange	main/game/gs_model_main_suffix_candidate_800E563C	src/game/gs_model_main_suffix_candidate_800E563C.c	0.01363
340.0	340	0.0	GSmodelSetPEdescr	main/game/gs_model_main_suffix_candidate_800E6478	src/game/gs_model_main_suffix_candidate_800E6478.c	0.01363
336.0	340	1.18	fn_8018790C	main/game/people/people	src/game/people/people.c	0.01347
336.0	336	0.0	salActivateStudio	main/musyx/musyx_candidate_8015A950	src/musyx/musyx_candidate_8015A950.c	0.01347
336.0	336	0.0	fn_801C5748	main/game/effect/fade_range_801C4CB8	src/game/effect/fade_range_801C4CB8.c	0.01347
336.0	336	0.0	fn_8010B01C	main/game/gs_range_80109C88	src/game/gs_range_80109C88.c	0.01347
336.0	336	0.0	fn_80057270	main/game/menu/menuCB_suffix_80056B74	src/game/menu/menuCB_suffix_80056B74.c	0.01347
336.0	336	0.0	_menuCBPokemonEntryLoadCallBack__FPv	main/game/menu/menuCB_range_800697F4	src/game/menu/menuCB_range_800697F4.c	0.01347
336.0	336	0.0	GStextureConvertToHW	main/game/gs_texture_range_800EEF48	src/game/gs_texture_range_800EEF48.c	0.01347
336.0	336	0.0	GSscratchInit	main/game/gs_scratch	src/game/gs_scratch.c	0.01347
332.0	336	1.19	winMsgOpenFightNoWait	main/game/win_msg_candidate_80105C68	src/game/win_msg_candidate_80105C68.c	0.01331
332.0	336	1.19	winMsgOpenFieldWithSE	main/game/win_msg_candidate_80105C68	src/game/win_msg_candidate_80105C68.c	0.01331
332.0	336	1.19	fn_8018D680	main/game/people/people	src/game/people/people.c	0.01331
332.0	336	1.19	fn_80111F2C	main/game/GScolsys2Sun_range_80111C24	src/game/GScolsys2Sun_range_80111C24.c	0.01331
332.0	332	0.0	fn_801ED0CC	main/game/field_range_801ECFE0	src/game/field_range_801ECFE0.c	0.01331
332.0	332	0.0	fn_8015F124	main/musyx/musyx_candidate_8015D678	src/musyx/musyx_candidate_8015D678.c	0.01331
332.0	332	0.0	fn_8015A21C	main/musyx/musyx_candidate_80158BB4	src/musyx/musyx_candidate_80158BB4.c	0.01331
332.0	332	0.0	fn_80082BA4	main/game/menu/cardesavedata	src/game/menu/cardesavedata.c	0.01331
332.0	332	0.0	fn_80057C9C	main/game/menu/menuColosseumBattle_candidate_80057C9C	src/game/menu/menuColosseumBattle_candidate_80057C9C.c	0.01331
332.0	332	0.0	TRKTargetAccessMemory	main/trk/TRKTarget_residual_800C25FC	src/trk/TRKTarget_residual_800C25FC.c	0.01331
332.0	332	0.0	TRKInitializeNub	main/trk/TRKNub_candidate_800BE6B4	src/trk/TRKNub_candidate_800BE6B4.c	0.01331
332.0	332	0.0	GSmodelInitMaterialAlpha	main/game/gs_model_main_suffix_candidate_800E66B8	src/game/gs_model_main_suffix_candidate_800E66B8.c	0.01331
332.0	332	0.0	GScharLenCpy	main/game/gs_msg	src/game/gs_msg.c	0.01331
331.5	1052	68.49	moveLeader__F15HEROMOVE_MEMBER	main/game/hero_move	src/game/hero_move.c	0.01329
328.0	332	1.2	winMsgOpenFight	main/game/win_msg_candidate_80105C68	src/game/win_msg_candidate_80105C68.c	0.01315
328.0	332	1.2	winMsgOpenField	main/game/win_msg_candidate_80105C68	src/game/win_msg_candidate_80105C68.c	0.01315
328.0	328	0.0	fn_801E4B38	main/dolphin/thp/THP_range_801E1B54	src/dolphin/thp/THP_range_801E1B54.c	0.01315
328.0	328	0.0	fn_8017A95C	main/game/gs_range_8017A5FC	src/game/gs_range_8017A5FC.c	0.01315
328.0	328	0.0	fn_8017A814	main/game/gs_range_8017A5FC	src/game/gs_range_8017A5FC.c	0.01315
328.0	328	0.0	fn_800B4C7C	main/dolphin/sdk_candidate_800B4644	src/dolphin/sdk_candidate_800B4644.c	0.01315
328.0	328	0.0	fn_800753D0	main/game/menu/menu_range_8007109C	src/game/menu/menu_range_8007109C.c	0.01315
328.0	328	0.0	fn_80061A2C	main/game/menu/menuCB_BattleStart	src/game/menu/menuCB_BattleStart.c	0.01315
328.0	328	0.0	_gsdvdErrorTask_801879AC	main/game/gs_dvd_candidate_80167040	src/game/gs_dvd_candidate_80167040.c	0.01315
326.1	1324	75.37	fn_8010D8D4	main/game/gs_range_8010CBD0	src/game/gs_range_8010CBD0.c	0.01307
326.1	540	39.61	menuFightOpenTarget	main/game/menuFight	src/game/menuFight.c	0.01307
325.5	416	21.75	fn_8013E8A4	main/game/effect/effect_visual_candidate_8013E8A4	src/game/effect/effect_visual_candidate_8013E8A4.c	0.01305
325.1	672	51.62	synthInitAllocationAids	main/musyx/musyx_candidate_80157280	src/musyx/musyx_candidate_80157280.c	0.01303
324.0	328	1.22	fn_80184948	main/game/people/people	src/game/people/people.c	0.01299
324.0	328	1.22	fn_800FF828	main/game/gs_floor	src/game/gs_floor.c	0.01299
324.0	324	0.0	psKillGeneratorID	main/game/ps_generator_range_8017572C	src/game/ps_generator_range_8017572C.c	0.01299
324.0	324	0.0	fn_801CA5C4	main/game/gs_range_801C766C	src/game/gs_range_801C766C.c	0.01299
324.0	324	0.0	fn_800637B0	main/game/menu/menuCB_range_80062948	src/game/menu/menuCB_range_80062948.c	0.01299
324.0	324	0.0	fn_8003B6D0	main/game/menu/pda_range_80037158	src/game/menu/pda_range_80037158.c	0.01299
324.0	324	0.0	applyForceJObj	main/game/ps_candidate_80172930	src/game/ps_candidate_80172930.c	0.01299
324.0	324	0.0	_fadeEffectFunction_UDLR_FirstInit__FP9GStextureUs	main/game/effect/fade_range_801C4CB8	src/game/effect/fade_range_801C4CB8.c	0.01299
324.0	324	0.0	ReadArrayUnlock	main/dolphin/sdk_candidate_800B0694	src/dolphin/sdk_candidate_800B0694.c	0.01299
324.0	324	0.0	FormatCallback	main/dolphin/sdk_candidate_800B3978	src/dolphin/sdk_candidate_800B3978.c	0.01299
322.3	400	19.42	fn_80164C40	main/musyx/musyx_candidate_801644E0	src/musyx/musyx_candidate_801644E0.c	0.01292
322.2	852	62.19	fn_800FD348	main/game/gs_msg	src/game/gs_msg.c	0.01291
321.3	744	56.81	fn_800F10E8	main/game/gs_thread_candidate_800F0424	src/game/gs_thread_candidate_800F0424.c	0.01288
320.4	536	40.22	fn_8013E258	main/game/effect/effect_visual_candidate_8013DE6C	src/game/effect/effect_visual_candidate_8013DE6C.c	0.01284
320.0	324	1.23	fn_8018C558	main/game/people/people	src/game/people/people.c	0.01283
320.0	320	0.0	modelShadowPrepare__FP8_GSmodelb	main/game/gs_model_shadow_candidate_800E9148	src/game/gs_model_shadow_candidate_800E9148.c	0.01283
320.0	320	0.0	modelCalculateBlendModel__FP8_GSmodelf	main/game/gs_model_bound_candidate_800EB5A0	src/game/gs_model_bound_candidate_800EB5A0.c	0.01283
320.0	320	0.0	fn_801EEB34	main/game/battle/battle_range_candidate_801EEB34	src/game/battle/battle_range_candidate_801EEB34.c	0.01283
320.0	320	0.0	fn_801C53BC	main/game/effect/fade_range_801C4CB8	src/game/effect/fade_range_801C4CB8.c	0.01283
320.0	320	0.0	fn_801A1A00	main/hsd/hsd_jobj_residual_801A1A00	src/hsd/hsd_jobj_residual_801A1A00.c	0.01283
320.0	320	0.0	fn_8010C224	main/game/gs_range_80109C88	src/game/gs_range_80109C88.c	0.01283
320.0	320	0.0	fn_800A1E54	main/dolphin/os/OSThread		0.01283
320.0	320	0.0	fn_80082EA4	main/game/menu/cardesavedata	src/game/menu/cardesavedata.c	0.01283
320.0	320	0.0	_modelParseJObjDispDObj__FP9_HSD_JObjP5GSmtx12HSD_TrspMaskbPFP9_HSD_PObjP5GSmtxP5GSmtxP5GSmtxPv_vPv	main/game/gs_model_parse_candidate_800EA820	src/game/gs_model_parse_candidate_800EA820.c	0.01283
320.0	320	0.0	GSmodelPopState	main/game/gs_model_state	src/game/gs_model_state.c	0.01283
319.4	376	15.06	fn_8013BA98	main/game/effect/effect_visual_candidate_8013B5E4	src/game/effect/effect_visual_candidate_8013B5E4.c	0.0128
317.2	564	43.77	HSD_LObjAddCurrentAll	main/hsd/hsd_lobj	src/hsd/hsd_lobj.c	0.01271
316.6	1056	70.02	fn_800F3830	main/game/gs_thread_candidate_800F0424	src/game/gs_thread_candidate_800F0424.c	0.01269
316.0	320	1.25	fn_801D1864	main/game/mail_candidate_801D1734	src/game/mail_candidate_801D1734.c	0.01266
316.0	320	1.25	fn_801B0A98	main/hsd/hsd_shadow_candidate_801B06DC	src/hsd/hsd_shadow_candidate_801B06DC.c	0.01266
316.0	320	1.25	fn_8018DB68	main/game/people/people	src/game/people/people.c	0.01266
316.0	316	0.0	heroMoveInitEvent	main/game/hero_move	src/game/hero_move.c	0.01266
316.0	316	0.0	fn_80072548	main/game/menu/menu_range_8007109C	src/game/menu/menu_range_8007109C.c	0.01266
316.0	316	0.0	fn_800719A8	main/game/menu/menu_range_8007109C	src/game/menu/menu_range_8007109C.c	0.01266
316.0	316	0.0	fn_80058DCC	main/game/menu/menuColosseumBattle_candidate_80058DCC	src/game/menu/menuColosseumBattle_candidate_80058DCC.c	0.01266
316.0	316	0.0	SIGetTypeAsync	main/dolphin/si/SI_range_800CF764	src/dolphin/si/SI_range_800CF764.c	0.01266
316.0	316	0.0	HSD_ObjAllocInit	main/hsd/hsd_mobj_candidate_801AA35C	src/hsd/hsd_mobj_candidate_801AA35C.c	0.01266
314.6	720	56.3	HSD_FogSet	main/hsd/hsd_fog	src/hsd/hsd_fog.c	0.01261
314.2	652	51.8	fn_8006EFF8	main/game/menu/menu_middle_range_8006B9B8	src/game/menu/menu_middle_range_8006B9B8.c	0.01259
313.7	552	43.17	fn_800192A8	main/game/menuPokemon	src/game/menuPokemon.c	0.01257
313.3	1044	69.99	fn_800F27D4	main/game/gs_thread_candidate_800F0424	src/game/gs_thread_candidate_800F0424.c	0.01256
312.5	844	62.97	_msgGetSize__FPCUs	main/game/gs_msg	src/game/gs_msg.c	0.01252
312.0	312	0.0	fn_801BF574	main/hsd/hsd_util	src/hsd/hsd_util.c	0.0125
312.0	312	0.0	fn_800688C4	main/game/menu/menuCB_range_80068794	src/game/menu/menuCB_range_80068794.c	0.0125
312.0	312	0.0	_menuGetAgbKeyInfo__FlPUs	main/game/menu_candidate_80102014	src/game/menu_candidate_80102014.c	0.0125
312.0	312	0.0	__div2i	main/dolphin/sdk_range_800C470C	src/dolphin/sdk_range_800C470C.c	0.0125
312.0	312	0.0	__CARDMountCallback	main/dolphin/sdk_candidate_800B3078	src/dolphin/sdk_candidate_800B3078.c	0.0125
311.5	2812	88.92	fn_801C8E14	main/game/gs_range_801C766C	src/game/gs_range_801C766C.c	0.01248
311.5	692	54.99	selectLetter__FP14NAME_ENTRY_ARG	main/game/menuNameEntry	src/game/menuNameEntry.c	0.01248
311.4	1048	70.28	fn_800F3C50	main/game/gs_thread_candidate_800F0424	src/game/gs_thread_candidate_800F0424.c	0.01248
311.2	1056	70.53	fn_800F2FF8	main/game/gs_thread_candidate_800F0424	src/game/gs_thread_candidate_800F0424.c	0.01247
311.2	1048	70.3	fn_800F3418	main/game/gs_thread_candidate_800F0424	src/game/gs_thread_candidate_800F0424.c	0.01247
311.2	1040	70.07	fn_800F2BE8	main/game/gs_thread_candidate_800F0424	src/game/gs_thread_candidate_800F0424.c	0.01247
311.0	984	68.39	fn_800F4440	main/game/gs_thread_candidate_800F0424	src/game/gs_thread_candidate_800F0424.c	0.01246
309.0	984	68.6	fn_800F4068	main/game/gs_thread_candidate_800F0424	src/game/gs_thread_candidate_800F0424.c	0.01238
308.8	1680	81.62	fightOutPokemonSetMeetEnemyFightPokemonEnemySideAll	main/game/fight_out_pokemon	src/game/fight_out_pokemon.c	0.01238
308.6	984	68.64	fn_800F502C	main/game/gs_thread_candidate_800F0424	src/game/gs_thread_candidate_800F0424.c	0.01237
308.5	1180	73.85	fightActionFlowKaisiNyuujouTrainer	main/game/fight_action_candidate_8020B058	src/game/fight_action_candidate_8020B058.c	0.01236
308.0	312	1.28	fn_801DADC0	main/game/wazaSequenceSys_tail_candidate_801DAC90	src/game/wazaSequenceSys_tail_candidate_801DAC90.c	0.01234
308.0	308	0.0	statusSetStatus	main/game/status	src/game/status.c	0.01234
308.0	308	0.0	fn_801E2B74	main/dolphin/thp/THP_range_801E1B54	src/dolphin/thp/THP_range_801E1B54.c	0.01234
308.0	308	0.0	fn_80197650	main/hsd/hsd_cobj_candidate_80197344	src/hsd/hsd_cobj_candidate_80197344.c	0.01234
308.0	308	0.0	fn_80180450	main/game/gs_range_8017F2C4	src/game/gs_range_8017F2C4.c	0.01234
308.0	308	0.0	fn_8017F928	main/game/gs_range_8017F2C4	src/game/gs_range_8017F2C4.c	0.01234
308.0	308	0.0	fn_8017F2C4	main/game/gs_range_8017F2C4	src/game/gs_range_8017F2C4.c	0.01234
308.0	308	0.0	fn_8017E1D8	main/game/fsys/fsys_file_candidate_8017D410	src/game/fsys/fsys_file_candidate_8017D410.c	0.01234
308.0	308	0.0	__OSInitSram	main/dolphin/sdk_range_800A07C4_prefix	src/dolphin/sdk_range_800A07C4_prefix.c	0.01234
308.0	308	0.0	__CARDReadSegment	main/dolphin/sdk_range_800AF8A0	src/dolphin/sdk_range_800AF8A0.c	0.01234
308.0	308	0.0	TRK__read_aram	main/trk/TRKInit	src/trk/TRKInit.c	0.01234
308.0	308	0.0	PObjRelease	main/hsd/hsd_pobj_range_801AA608	src/hsd/hsd_pobj_range_801AA608.c	0.01234
308.0	308	0.0	GSmodelAttachToGSpart	main/game/gs_model_main_suffix_candidate_800E4AC0	src/game/gs_model_main_suffix_candidate_800E4AC0.c	0.01234
307.0	1176	73.89	fn_80073E8C	main/game/menu/menu_range_8007109C	src/game/menu/menu_range_8007109C.c	0.0123
306.5	588	47.88	fn_800F5CA0	main/game/gs_thread_candidate_800F0424	src/game/gs_thread_candidate_800F0424.c	0.01228
304.0	308	1.3	winMsgOpenLevelUpStatus	main/game/win_msg_candidate_80105C68	src/game/win_msg_candidate_80105C68.c	0.01218
304.0	308	1.3	winMsgOpenLevelUpFiledStatus	main/game/win_msg_candidate_80105C68	src/game/win_msg_candidate_80105C68.c	0.01218
304.0	308	1.3	fn_801D228C	main/game/mailMain	src/game/mailMain.c	0.01218
304.0	308	1.3	fn_80111DF8	main/game/GScolsys2Sun_range_80111C24	src/game/GScolsys2Sun_range_80111C24.c	0.01218
304.0	304	0.0	psSetupTevCommon	main/game/ps_candidate_8016F300	src/game/ps_candidate_8016F300.c	0.01218
304.0	304	0.0	fn_801C9B6C	main/game/gs_range_801C766C	src/game/gs_range_801C766C.c	0.01218
304.0	304	0.0	fn_80180320	main/game/gs_range_8017F2C4	src/game/gs_range_8017F2C4.c	0.01218
304.0	304	0.0	fn_80068794	main/game/menu/menuCB_range_80068794	src/game/menu/menuCB_range_80068794.c	0.01218
304.0	304	0.0	fn_8003A6C0	main/game/menu/pda_range_80037158	src/game/menu/pda_range_80037158.c	0.01218
304.0	304	0.0	fightActionDispFifoAll	main/game/fight_action_range_801F0898	src/game/fight_action_range_801F0898.c	0.01218
304.0	304	0.0	_menuPop_80071398	main/game/menu/menu_range_8007109C	src/game/menu/menu_range_8007109C.c	0.01218
304.0	304	0.0	VIFlush	main/dolphin/vi/VI_candidate_800A9038	src/dolphin/vi/VI_candidate_800A9038.c	0.01218
304.0	304	0.0	ReadCallback	main/dolphin/sdk_candidate_800B4644	src/dolphin/sdk_candidate_800B4644.c	0.01218
304.0	304	0.0	CreateCallbackFat	main/dolphin/sdk_candidate_800B4644	src/dolphin/sdk_candidate_800B4644.c	0.01218
302.7	640	52.71	fn_80025730	main/game/gs_title_candidate_80024DBC	src/game/gs_title_candidate_80024DBC.c	0.01213
302.4	368	17.83	fn_8013F80C	main/game/effect/effect_visual_candidate_8013F80C	src/game/effect/effect_visual_candidate_8013F80C.c	0.01212
301.6	344	12.31	fn_800A5D88	main/dolphin/dvd/DVD_range_800A5D88	src/dolphin/dvd/DVD_range_800A5D88.c	0.01209
300.0	304	1.32	wazaSequenceSysRelease	main/game/wazaSequenceSys_tail_candidate_801DAC90	src/game/wazaSequenceSys_tail_candidate_801DAC90.c	0.01202
300.0	304	1.32	fn_801D1734	main/game/mail_candidate_801D1734	src/game/mail_candidate_801D1734.c	0.01202
300.0	304	1.32	cbStep	main/game/mailMain	src/game/mailMain.c	0.01202
300.0	300	0.0	round_decimal	main/crt/printf_candidate_800C8864	src/crt/printf_candidate_800C8864.c	0.01202
300.0	300	0.0	fn_801E4C80	main/dolphin/thp/THP_range_801E1B54	src/dolphin/thp/THP_range_801E1B54.c	0.01202
300.0	300	0.0	fn_8010BBB8	main/game/gs_range_80109C88	src/game/gs_range_80109C88.c	0.01202
300.0	300	0.0	fn_800FED3C	main/game/gs_thread_hi_range_800FEC34	src/game/gs_thread_hi_range_800FEC34.c	0.01202
300.0	300	0.0	fn_800E584C	main/game/gs_model_main_suffix_candidate_800E584C	src/game/gs_model_main_suffix_candidate_800E584C.c	0.01202
300.0	300	0.0	fn_800B5530	main/dolphin/sdk_candidate_800B5228	src/dolphin/sdk_candidate_800B5228.c	0.01202
300.0	300	0.0	fn_80057144	main/game/menu/menuCB_suffix_80056B74	src/game/menu/menuCB_suffix_80056B74.c	0.01202
300.0	300	0.0	__TRK_copy_vectors	main/trk/TRKInit	src/trk/TRKInit.c	0.01202
300.0	300	0.0	OSFillFPUContext	main/dolphin/sdk_range_8009BD84	src/dolphin/sdk_range_8009BD84.c	0.01202
299.9	384	21.91	battleCameraStartRandom	main/game/battle/battle_camera_candidate_801C2D80	src/game/battle/battle_camera_candidate_801C2D80.c	0.01202
296.0	300	1.33	windowGetValue	main/game/window_candidate_801040F0	src/game/window_candidate_801040F0.c	0.01186
296.0	296	0.0	gbaPokemonConditonFromGC	main/game/gba/gba_misc_candidate_8008ABE4	src/game/gba/gba_misc_candidate_8008ABE4.c	0.01186
296.0	296	0.0	fn_8017F800	main/game/gs_range_8017F2C4	src/game/gs_range_8017F2C4.c	0.01186
296.0	296	0.0	fn_80082960	main/game/menu/cardesavedata	src/game/menu/cardesavedata.c	0.01186
296.0	296	0.0	fn_800756C8	main/game/menu/menu_range_8007109C	src/game/menu/menu_range_8007109C.c	0.01186
296.0	296	0.0	fn_80035C48	main/game/gs_range_80033278	src/game/gs_range_80033278.c	0.01186
296.0	296	0.0	__OSSaveFPUContext_8009BA38	main/dolphin/os/OSContext_range_8009B914	src/dolphin/os/OSContext_range_8009B914.c	0.01186
296.0	296	0.0	__OSFPRInit	main/dolphin/sdk_range_80098108	src/dolphin/sdk_range_80098108.c	0.01186
292.0	296	1.35	fn_800FF178	main/game/gs_floor_data_residual_800FF178	src/game/gs_floor_data_residual_800FF178.c	0.0117
292.0	296	1.35	_wazaSequenceParticleEntryLoad	main/game/wazaSequence_candidate_801DC014	src/game/wazaSequence_candidate_801DC014.c	0.0117
292.0	292	0.0	pokemonSetDarkPokemonStatus	main/game/pokemon_range_8011FCA4	src/game/pokemon_range_8011FCA4.c	0.0117
292.0	292	0.0	fn_800FEE68	main/game/gs_thread_hi_range_800FEC34	src/game/gs_thread_hi_range_800FEC34.c	0.0117
292.0	292	0.0	fn_80060EF4	main/game/menu/menuCB_BattleStart	src/game/menu/menuCB_BattleStart.c	0.0117
292.0	292	0.0	fn_80057E70	main/game/menu/menuColosseumBattle_candidate_80057E70	src/game/menu/menuColosseumBattle_candidate_80057E70.c	0.0117
292.0	292	0.0	__OSReadROM	main/dolphin/sdk_range_800A0D00	src/dolphin/sdk_range_800A0D00.c	0.0117
292.0	292	0.0	__OSLoadFPUContext_8009B914	main/dolphin/os/OSContext_range_8009B914	src/dolphin/os/OSContext_range_8009B914.c	0.0117
292.0	292	0.0	__GXCalculateVLim	main/dolphin/sdk_range_800B771C	src/dolphin/sdk_range_800B771C.c	0.0117
292.0	292	0.0	GSmodelDrawModel	main/game/gs_model_main	src/game/gs_model_main.c	0.0117
290.8	1292	77.49	GScolsys2Draw	main/game/gs_range_8010CBD0	src/game/gs_range_8010CBD0.c	0.01165
290.6	976	70.23	fn_800F5EEC	main/game/gs_thread_candidate_800F0424	src/game/gs_thread_candidate_800F0424.c	0.01165
288.2	640	54.97	fn_80142368	main/game/people/people_data	src/game/people/people_data.c	0.01155
288.0	288	0.0	heroMoveCheckEvent	main/game/hero_move	src/game/hero_move.c	0.01154
288.0	288	0.0	fn_801CBE44	main/game/field_candidate_801CBA90	src/game/field_candidate_801CBA90.c	0.01154
288.0	288	0.0	fn_80075518	main/game/menu/menu_range_8007109C	src/game/menu/menu_range_8007109C.c	0.01154
288.0	288	0.0	fn_800301B0	main/game/gs_npc_event_candidate_800301B0	src/game/gs_npc_event_candidate_800301B0.c	0.01154
285.6	1160	75.38	fn_801183EC	main/game/field_candidate_801183EC	src/game/field_candidate_801183EC.c	0.01145
284.0	288	1.39	wazaSequenceCameraGetPattern__Fbi	main/game/wazaSequenceCamera	src/game/wazaSequenceCamera.c	0.01138
284.0	288	1.39	mailMainSendAllMail	main/game/mailMain	src/game/mailMain.c	0.01138
284.0	288	1.39	fn_80112260	main/game/GScolsys2Sun_range_80111C24	src/game/GScolsys2Sun_range_80111C24.c	0.01138
284.0	288	1.39	fn_800FF2A0	main/game/gs_floor_data_residual_800FF178	src/game/gs_floor_data_residual_800FF178.c	0.01138
284.0	284	0.0	fn_8015A368	main/musyx/musyx_candidate_80158BB4	src/musyx/musyx_candidate_80158BB4.c	0.01138
284.0	284	0.0	fn_80082A88	main/game/menu/cardesavedata	src/game/menu/cardesavedata.c	0.01138
284.0	284	0.0	fn_8004E9C0	main/game/menu/menu_pda_mail	src/game/menu/menu_pda_mail.c	0.01138
284.0	284	0.0	fn_8003CE1C	main/game/menu/pda_range_80037158	src/game/menu/pda_range_80037158.c	0.01138
284.0	284	0.0	HandleOpenFileSupportRequest	main/trk/TRKDispatch_range_800C0504		0.01138
282.6	976	71.05	fn_800F62BC	main/game/gs_thread_candidate_800F0424	src/game/gs_thread_candidate_800F0424.c	0.01133
282.1	512	44.9	fightTrainerAiWazaHit120	main/game/fight_trainer_ai_waza_hit_candidate_80256ED0	src/game/fight_trainer_ai_waza_hit_candidate_80256ED0.c	0.01131
281.2	1356	79.26	menuCursorNormal	main/game/menu_candidate_80102014	src/game/menu_candidate_80102014.c	0.01127
280.8	1136	75.29	LObjLoad	main/hsd/hsd_lobj	src/hsd/hsd_lobj.c	0.01125
280.0	284	1.41	_winCalcWindowSize__FlPC13MENU_ITEM_dd_PsPs	main/game/window_candidate_8010474C	src/game/window_candidate_8010474C.c	0.01122
280.0	280	0.0	fn_801E24B0	main/dolphin/thp/THP_range_801E1B54	src/dolphin/thp/THP_range_801E1B54.c	0.01122
280.0	280	0.0	fn_80167FA8	main/game/gs_dvd_candidate_80167FA8	src/game/gs_dvd_candidate_80167FA8.c	0.01122
280.0	280	0.0	fn_8015FE88	main/musyx/musyx_candidate_8015D678	src/musyx/musyx_candidate_8015D678.c	0.01122
280.0	280	0.0	fn_80075DC8	main/game/menu/menu_range_8007109C	src/game/menu/menu_range_8007109C.c	0.01122
280.0	280	0.0	fn_80057830	main/game/menu/menuCB_suffix_80056B74	src/game/menu/menuCB_suffix_80056B74.c	0.01122
280.0	280	0.0	fn_8003AD6C	main/game/menu/pda_range_80037158	src/game/menu/pda_range_80037158.c	0.01122
280.0	280	0.0	__CARDExiHandler	main/dolphin/sdk_candidate_800AF35C	src/dolphin/sdk_candidate_800AF35C.c	0.01122
279.9	1060	73.59	HSD_EraseRect	main/hsd/hsd_cobj_candidate_80196C54	src/hsd/hsd_cobj_candidate_80196C54.c	0.01122
278.9	472	40.92	HSD_MObjLoadDesc	main/hsd/hsd_mobj_candidate_801A6FF0	src/hsd/hsd_mobj_candidate_801A6FF0.c	0.01118
278.8	1508	81.51	fn_800552D4	main/game/menu/menuCB_suffix_800552D4	src/game/menu/menuCB_suffix_800552D4.c	0.01117
278.6	612	54.48	fn_800F5A3C	main/game/gs_thread_candidate_800F0424	src/game/gs_thread_candidate_800F0424.c	0.01117
277.3	1076	74.23	cbPoison__Fl15FootStepCounterl	main/game/hero_move	src/game/hero_move.c	0.01111
276.6	1436	80.74	menuNameEntry	main/game/menuNameEntry	src/game/menuNameEntry.c	0.01109
276.0	684	59.65	fn_8001D378	main/game/menuPokemon	src/game/menuPokemon.c	0.01106
276.0	280	1.43	fn_801DDC10	main/game/sequence_candidate_801DD45C	src/game/sequence_candidate_801DD45C.c	0.01106
276.0	276	0.0	statusGetStatus	main/game/status	src/game/status.c	0.01106
276.0	276	0.0	menuCBBattleStartTrainerFaceFree	main/game/menu/menuCB_BattleStart	src/game/menu/menuCB_BattleStart.c	0.01106
276.0	276	0.0	fn_80180694	main/game/gs_range_8017F2C4	src/game/gs_range_8017F2C4.c	0.01106
276.0	276	0.0	fn_800FEF8C	main/game/gs_thread_hi_range_800FEC34	src/game/gs_thread_hi_range_800FEC34.c	0.01106
276.0	276	0.0	fn_800BBAF8	main/dolphin/sdk_candidate_800BB81C	src/dolphin/sdk_candidate_800BB81C.c	0.01106
276.0	276	0.0	fn_800A60D4	main/dolphin/dvd/DVD_range_800A60D4	src/dolphin/dvd/DVD_range_800A60D4.c	0.01106
276.0	276	0.0	fn_800895A4	main/game/pokeconv	src/game/pokeconv.c	0.01106
276.0	276	0.0	fn_800472CC	main/game/menu/pda_range_80037158	src/game/menu/pda_range_80037158.c	0.01106
276.0	276	0.0	fn_8000D298	main/game/gs_range_8000D290	src/game/gs_range_8000D290.c	0.01106
276.0	276	0.0	CARDWriteAsync	main/dolphin/sdk_candidate_800B5070	src/dolphin/sdk_candidate_800B5070.c	0.01106
275.2	492	44.07	stateFunctionSaveReport	main/game/menuPokemonChange	src/game/menuPokemonChange.c	0.01103
272.0	276	1.45	fn_800FF3C0	main/game/gs_floor_data_residual_800FF178	src/game/gs_floor_data_residual_800FF178.c	0.0109
272.0	272	0.0	fn_80180584	main/game/gs_range_8017F2C4	src/game/gs_range_8017F2C4.c	0.0109
272.0	272	0.0	fn_8017BB80	main/game/fsys/fsys_file_candidate_8017B1CC	src/game/fsys/fsys_file_candidate_8017B1CC.c	0.0109
272.0	272	0.0	fn_80071208	main/game/menu/menu_range_8007109C	src/game/menu/menu_range_8007109C.c	0.0109
272.0	272	0.0	_modelParseSetupInstanceMtx__FP5GSmtxP9_HSD_JObjP5GSmtx	main/game/gs_model_parse_candidate_800EA6D4	src/game/gs_model_parse_candidate_800EA6D4.c	0.0109
272.0	272	0.0	_fightInitialize__FUi14FloorEnterMode	main/game/battle/battle_main_candidate_801EF4B0	src/game/battle/battle_main_candidate_801EF4B0.c	0.0109
272.0	272	0.0	Read	main/dolphin/dvd/DVDLow		0.0109
272.0	272	0.0	HandlePositionFileSupportRequest	main/trk/TRKDispatch_range_800C0504		0.0109
271.3	972	72.09	fn_8001329C	main/game/gs_event_exec	src/game/gs_event_exec.c	0.01087
271.2	496	45.33	fightTrainerAiGetFightPokemonIrekaeDasuTokuseiAddsubDataId	main/game/fight_trainer_ai_irekae	src/game/fight_trainer_ai_irekae.c	0.01087
269.9	852	68.32	preReliveMain	main/game/pokemon_relive	src/game/pokemon_relive.c	0.01082
269.9	288	6.29	HSD_TExpCnst	main/hsd/hsd_texp_candidate_801B4300	src/hsd/hsd_texp_candidate_801B4300.c	0.01082
268.0	272	1.47	windowCheckCursor	main/game/window_candidate_801040F0	src/game/window_candidate_801040F0.c	0.01074
268.0	268	0.0	fn_801807A8	main/game/gs_range_8017F2C4	src/game/gs_range_8017F2C4.c	0.01074
268.0	268	0.0	fn_800BBE8C	main/dolphin/sdk_candidate_800BB81C	src/dolphin/sdk_candidate_800BB81C.c	0.01074
268.0	268	0.0	_psLinkInit	main/game/ps_candidate_80168C64	src/game/ps_candidate_80168C64.c	0.01074
268.0	268	0.0	__mod2i	main/dolphin/sdk_range_800C470C	src/dolphin/sdk_range_800C470C.c	0.01074
266.4	752	64.57	fn_800F13D0	main/game/gs_thread_candidate_800F0424	src/game/gs_thread_candidate_800F0424.c	0.01068
265.5	1764	84.95	fightActionFlowKaisiPre	main/game/fight_action_candidate_8020B058	src/game/fight_action_candidate_8020B058.c	0.01064
265.2	580	54.28	fn_800FB43C	main/game/gs_msg	src/game/gs_msg.c	0.01063
265.0	1060	75.0	__DSPHandler	main/dolphin/sdk_range_800AE9FC	src/dolphin/sdk_range_800AE9FC.c	0.01062
264.0	264	0.0	fn_801ADD48	main/hsd/hsd_robj_range_801ADD48	src/hsd/hsd_robj_range_801ADD48.c	0.01058
264.0	264	0.0	fn_80065940	main/game/menu/menuCB_range_800643D4	src/game/menu/menuCB_range_800643D4.c	0.01058
264.0	264	0.0	fn_80065838	main/game/menu/menuCB_range_800643D4	src/game/menu/menuCB_range_800643D4.c	0.01058
264.0	264	0.0	fn_80065730	main/game/menu/menuCB_range_800643D4	src/game/menu/menuCB_range_800643D4.c	0.01058
264.0	264	0.0	fn_80065628	main/game/menu/menuCB_range_800643D4	src/game/menu/menuCB_range_800643D4.c	0.01058
264.0	264	0.0	fn_80043DC0	main/game/menu/pda_range_80037158	src/game/menu/pda_range_80037158.c	0.01058
264.0	264	0.0	CircleBufferWriteBytes	main/trk/trk_range_800C3EBC	src/trk/trk_range_800C3EBC.c	0.01058
264.0	264	0.0	CircleBufferReadBytes	main/trk/trk_range_800C3EBC	src/trk/trk_range_800C3EBC.c	0.01058
263.9	440	40.02	fn_80014398	main/game/gs_event_exec_candidate_800141BC	src/game/gs_event_exec_candidate_800141BC.c	0.01058
261.6	1184	77.91	HSD_CObjSetCurrent	main/hsd/hsd_cobj_candidate_80195A6C	src/hsd/hsd_cobj_candidate_80195A6C.c	0.01048
260.4	792	67.12	fn_80022B3C	main/game/gs_title_candidate_8002217C	src/game/gs_title_candidate_8002217C.c	0.01044
260.1	340	23.51	GSthreadSetArgs	main/game/gs_thread_candidate_800F0424	src/game/gs_thread_candidate_800F0424.c	0.01042
260.0	264	1.52	menuGetKeyInfo	main/game/menu_candidate_80102014	src/game/menu_candidate_80102014.c	0.01042
260.0	260	0.0	fn_801ADE50	main/hsd/hsd_robj_range_801ADD48	src/hsd/hsd_robj_range_801ADD48.c	0.01042
260.0	260	0.0	fn_8016761C	main/game/gs_dvd_candidate_80167040	src/game/gs_dvd_candidate_80167040.c	0.01042
260.0	260	0.0	fn_800E2B00	main/game/gs_mem	src/game/gs_mem.c	0.01042
260.0	260	0.0	fn_800BD640	main/dolphin/sdk_candidate_800BD58C	src/dolphin/sdk_candidate_800BD58C.c	0.01042
260.0	260	0.0	OSWakeupThread	main/dolphin/os/OSThread		0.01042
258.8	368	29.66	fn_80139D10	main/game/effect/effect_visual_candidate_80139AC4	src/game/effect/effect_visual_candidate_80139AC4.c	0.01037
258.2	980	73.65	fn_8001AB70	main/game/menuPokemon	src/game/menuPokemon.c	0.01035
255.9	1152	77.78	fightOutPokemonGetNowNimbleness	main/game/fight_out_pokemon	src/game/fight_out_pokemon.c	0.01026
255.7	804	68.19	menuFightDrawSecretPokemon	main/game/menuFight	src/game/menuFight.c	0.01025
255.0	1164	78.09	updateChat__F15HEROMOVE_MEMBER	main/game/hero_move	src/game/hero_move.c	0.01022
254.9	1152	77.88	fn_8002D154	main/game/menuShop	src/game/menuShop.c	0.01022
254.9	604	57.79	GSmsgExec	main/game/gs_msg	src/game/gs_msg.c	0.01022
252.2	844	70.12	fn_80018594	main/game/menuPokemon	src/game/menuPokemon.c	0.01011
252.0	412	38.84	fn_800DF608	main/game/gs_material_candidate_800DF498	src/game/gs_material_candidate_800DF498.c	0.0101
251.2	532	52.79	ReverbHIModify	main/musyx/musyx_candidate_801644E0	src/musyx/musyx_candidate_801644E0.c	0.01007
250.9	656	61.75	fn_80031648	main/game/gs_npc_event_candidate_8003037C	src/game/gs_npc_event_candidate_8003037C.c	0.01006
250.8	428	41.4	fn_8017C6E0	main/game/fsys/fsys_file_candidate_8017C5B8	src/game/fsys/fsys_file_candidate_8017C5B8.c	0.01005
250.1	468	46.56	fn_800216E8	main/game/gs_title_candidate_800216E8	src/game/gs_title_candidate_800216E8.c	0.01002
249.9	844	70.39	fn_800F16C0	main/game/gs_thread_candidate_800F0424	src/game/gs_thread_candidate_800F0424.c	0.01002
248.8	280	11.13	battleGridGetNormalisedScale	main/game/battle/battle_grid_residual_801C3114	src/game/battle/battle_grid_residual_801C3114.c	0.00997
248.2	1212	79.52	fn_80077ED4	main/game/menu/menu_range_8007109C	src/game/menu/menu_range_8007109C.c	0.00995
248.0	248	0.0	PSMTXInverse	main/dolphin/sdk_range_800A2D38	src/dolphin/sdk_range_800A2D38.c	0.00994
246.8	260	5.06	fn_801B5F08	main/hsd/hsd_texp_candidate_801B4300	src/hsd/hsd_texp_candidate_801B4300.c	0.00989
246.4	252	2.22	fn_801B707C	main/hsd/hsd_texp_candidate_801B4300	src/hsd/hsd_texp_candidate_801B4300.c	0.00988
245.8	304	19.16	fn_8007C634	main/game/menu/menu_carde_matrix	src/game/menu/menu_carde_matrix.c	0.00985
245.3	260	5.66	fn_801B64EC	main/hsd/hsd_texp_candidate_801B4300	src/hsd/hsd_texp_candidate_801B4300.c	0.00983
244.4	368	33.6	fn_8001EA98	main/game/gs_pcbox_range_8001E3E0	src/game/gs_pcbox_range_8001E3E0.c	0.0098
244.1	1112	78.05	fightOutPokemonHokakuEffect	main/game/fight_out_pokemon_suffix_80207C6C	src/game/fight_out_pokemon_suffix_80207C6C.c	0.00978
244.1	376	35.09	fn_800D76A8	main/game/gs_gfx_layer_candidate_800D76A8	src/game/gs_gfx_layer_candidate_800D76A8.c	0.00978
244.0	592	58.78	inputName__FPUsPUsiii	main/game/menuNameEntry	src/game/menuNameEntry.c	0.00978
244.0	248	1.61	mailAddMailbox	main/game/mail_candidate_801D1B10	src/game/mail_candidate_801D1B10.c	0.00978
244.0	244	0.0	GSpartRegisterRotation	main/game/gs_part	src/game/gs_part.c	0.00978
242.6	1028	76.4	fightActionCreateAndFlowFifo	main/game/fight_action_range_801F0898	src/game/fight_action_range_801F0898.c	0.00972
241.2	448	46.16	fn_800F8268	main/game/gs_thread_hi_range_800F8268	src/game/gs_thread_hi_range_800F8268.c	0.00967
240.0	240	0.0	MObjInfoInit	main/hsd/hsd_memory	src/hsd/hsd_memory.c	0.00962
239.3	1056	77.34	fn_80076398	main/game/menu/menu_range_8007109C	src/game/menu/menu_range_8007109C.c	0.00959
238.9	364	34.37	fn_8006AABC	main/game/menu/menu_middle_range_8006A990	src/game/menu/menu_middle_range_8006A990.c	0.00957
236.0	236	0.0	OSSleepThread	main/dolphin/os/OSThread		0.00946
235.2	1336	82.39	fn_801B29E4	main/hsd/hsd_texp_candidate_801B28C8	src/hsd/hsd_texp_candidate_801B28C8.c	0.00943
235.1	600	60.81	fn_800D2B90	main/game/gs_render_util_candidate_800D2B90	src/game/gs_render_util_candidate_800D2B90.c	0.00942
234.4	396	40.82	_matGSmatObjMakeTExp	main/game/gs_material_candidate_800DF498	src/game/gs_material_candidate_800DF498.c	0.00939
233.8	596	60.77	fn_800FBB34	main/game/gs_msg	src/game/gs_msg.c	0.00937
233.2	848	72.5	fn_8002D91C	main/game/menuShop	src/game/menuShop.c	0.00935
232.0	584	60.27	fn_800FB680	main/game/gs_msg	src/game/gs_msg.c	0.0093
232.0	236	1.69	mailMainSendByScrpt	main/game/mailMain	src/game/mailMain.c	0.0093
232.0	232	0.0	fn_80168408	main/game/gs_dvd_candidate_80167FA8	src/game/gs_dvd_candidate_80167FA8.c	0.0093
232.0	232	0.0	HandleCloseFileSupportRequest	main/trk/TRKDispatch_range_800C0504		0.0093
231.9	624	62.84	fn_8001EF78	main/game/gs_pcbox_range_8001E3E0	src/game/gs_pcbox_range_8001E3E0.c	0.00929
231.2	620	62.71	fn_800FB8C8	main/game/gs_msg	src/game/gs_msg.c	0.00927
229.9	1252	81.64	fn_8006BB34	main/game/menu/menu_middle_range_8006B9B8	src/game/menu/menu_middle_range_8006B9B8.c	0.00921
228.0	228	0.0	OSExitThread	main/dolphin/os/OSThread		0.00914
227.6	428	46.81	memoGetScaleAngle	main/game/memo_candidate_8025FA20	src/game/memo_candidate_8025FA20.c	0.00912
227.0	236	3.81	__div2u	main/dolphin/sdk_range_800C470C	src/dolphin/sdk_range_800C470C.c	0.0091
225.8	408	44.66	fn_80012E18	main/game/gs_event_exec	src/game/gs_event_exec.c	0.00905
225.0	1384	83.74	fn_801E260C	main/dolphin/thp/THP_range_801E1B54	src/dolphin/thp/THP_range_801E1B54.c	0.00902
224.2	232	3.36	fn_801B6CD8	main/hsd/hsd_texp_candidate_801B4300	src/hsd/hsd_texp_candidate_801B4300.c	0.00899
224.0	228	1.75	winMsgCloseCheckFight	main/game/win_msg_candidate_80105C68	src/game/win_msg_candidate_80105C68.c	0.00898
224.0	228	1.75	fn_801DD158	main/game/sequence_candidate_801DD158	src/game/sequence_candidate_801DD158.c	0.00898
224.0	224	0.0	sprintf	main/crt/printf	src/crt/printf.c	0.00898
223.6	1460	84.68	fn_801A13CC	main/hsd/hsd_jobj_residual_801A0D94	src/hsd/hsd_jobj_residual_801A0D94.c	0.00896
222.9	940	76.29	fn_800AB150	main/dolphin/pad/PAD	src/dolphin/pad/PAD.c	0.00893
222.4	228	2.46	__mod2u	main/dolphin/sdk_range_800C470C	src/dolphin/sdk_range_800C470C.c	0.00891
222.2	532	58.23	fn_800F55DC	main/game/gs_thread_candidate_800F0424	src/game/gs_thread_candidate_800F0424.c	0.00891
221.9	12532	98.23	menuColosseumBattleMain	main/game/menu/menuColosseumBattle	src/game/menu/menuColosseumBattle.c	0.00889
221.2	232	4.64	fn_801B6E74	main/hsd/hsd_texp_candidate_801B4300	src/hsd/hsd_texp_candidate_801B4300.c	0.00887
220.8	1184	81.35	fn_80076A8C	main/game/menu/menu_range_8007109C	src/game/menu/menu_range_8007109C.c	0.00885
220.4	284	22.39	battleGridGetDistance	main/game/battle/battle_grid_residual_801C3114	src/game/battle/battle_grid_residual_801C3114.c	0.00883
220.3	2244	90.18	__GXInitGX	main/dolphin/sdk_candidate_800B5C5C	src/dolphin/sdk_candidate_800B5C5C.c	0.00883
220.0	224	1.79	winMsgCloseLevelUpStatus	main/game/win_msg_candidate_80105C68	src/game/win_msg_candidate_80105C68.c	0.00882
220.0	224	1.79	winMsgCloseFight	main/game/win_msg_candidate_80105C68	src/game/win_msg_candidate_80105C68.c	0.00882
220.0	224	1.79	winMsgCloseField	main/game/win_msg_candidate_80105C68	src/game/win_msg_candidate_80105C68.c	0.00882
220.0	224	1.79	winMsgClose	main/game/win_msg_candidate_80105C68	src/game/win_msg_candidate_80105C68.c	0.00882
220.0	220	0.0	fn_801AE50C	main/hsd/hsd_robj_range_801AE008		0.00882
218.6	564	61.25	fn_80030574	main/game/gs_npc_event_candidate_8003037C	src/game/gs_npc_event_candidate_8003037C.c	0.00876
218.1	556	60.77	fn_800F8428	main/game/gs_thread_hi_range_800F8268	src/game/gs_thread_hi_range_800F8268.c	0.00874
217.6	484	55.05	fn_8008AC34	main/game/gba/gba_misc_candidate_8008ABE4	src/game/gba/gba_misc_candidate_8008ABE4.c	0.00872
216.0	220	1.82	fn_801013A0	main/game/gs_floor	src/game/gs_floor.c	0.00866
216.0	216	0.0	OSLoadContext	main/dolphin/os/OSContext		0.00866
214.8	1232	82.56	MObjUpdateFunc	main/hsd/hsd_mobj_candidate_801A7E84	src/hsd/hsd_mobj_candidate_801A7E84.c	0.00861
214.7	228	5.84	DVDChangeDisk	main/dolphin/dvd/DVD_range_800A60D4	src/dolphin/dvd/DVD_range_800A60D4.c	0.0086
213.5	516	58.63	_msgctrlMakeDigit__FPUslUll	main/game/msgctrl_candidate_80131FF4	src/game/msgctrl_candidate_80131FF4.c	0.00856
213.0	480	55.63	_dbgMenuGetMenuNo__Fl	main/game/dbgMenu_candidate_801337E4	src/game/dbgMenu_candidate_801337E4.c	0.00854
212.3	1664	87.24	fn_800965C8	main/game/gbaCommunication_candidate_800937F4	src/game/gbaCommunication_candidate_800937F4.c	0.00851
212.0	216	1.85	winMsgCheckField	main/game/win_msg_candidate_80105C68	src/game/win_msg_candidate_80105C68.c	0.0085
212.0	216	1.85	mailMainReceiveStart	main/game/mailMain	src/game/mailMain.c	0.0085
212.0	216	1.85	mailInitMailbox	main/game/mail_candidate_801D1F0C	src/game/mail_candidate_801D1F0C.c	0.0085
212.0	216	1.85	fn_801B0408	main/hsd/hsd_shadow_candidate_801B0408	src/hsd/hsd_shadow_candidate_801B0408.c	0.0085
211.6	464	54.41	fn_80030A44	main/game/gs_npc_event_candidate_8003037C	src/game/gs_npc_event_candidate_8003037C.c	0.00848
209.5	1364	84.64	fn_8007FDBC	main/game/menu/cardesavedata	src/game/menu/cardesavedata.c	0.0084
207.4	1816	88.58	GStextureCreate	main/game/gs_texture_candidate_800EF5FC	src/game/gs_texture_candidate_800EF5FC.c	0.00831
206.7	592	65.08	pcboxAddPokemon	main/game/pcbox_candidate_801347E8	src/game/pcbox_candidate_801347E8.c	0.00828
205.9	224	8.07	setPokemon__5PCBOXFP7PokemonScSc	main/game/pcbox_candidate_801347E8	src/game/pcbox_candidate_801347E8.c	0.00825
204.2	580	64.79	fn_800D67BC	main/game/gs_gfx_candidate_800D67BC	src/game/gs_gfx_candidate_800D67BC.c	0.00818
204.0	204	0.0	menuSubGetPokemonSexForFightDisp	main/game/menuSub	src/game/menuSub.c	0.00818
204.0	204	0.0	PSMTXConcat	main/dolphin/sdk_range_800A2D38	src/dolphin/sdk_range_800A2D38.c	0.00818
204.0	204	0.0	HSD_TObjLoadDesc	main/hsd/hsd_tobj_candidate_801BBDDC	src/hsd/hsd_tobj_candidate_801BBDDC.c	0.00818
203.5	372	45.3	battleGridHideModelsExcept	main/game/battle/battle_camera	src/game/battle/battle_camera.c	0.00816
201.4	288	30.08	fn_801938FC	main/hsd/hsd_class_candidate_801938FC	src/hsd/hsd_class_candidate_801938FC.c	0.00807
201.1	384	47.62	fightOutPokemonIsJoutaiKie	main/game/fight_pokemon_range_801FDB78	src/game/fight_pokemon_range_801FDB78.c	0.00806
200.8	276	27.25	fn_8007C300	main/game/menu/menu_carde_matrix	src/game/menu/menu_carde_matrix.c	0.00805
200.3	472	57.57	fn_800D85D4	main/game/gs_gfx_layer_candidate_800D85D4	src/game/gs_gfx_layer_candidate_800D85D4.c	0.00803
200.1	532	62.39	fn_80019B48	main/game/menuPokemon	src/game/menuPokemon.c	0.00802
200.0	200	0.0	TRKGetFreeBuffer	main/trk/TRKBuffer		0.00802
200.0	200	0.0	PSMTXInvXpose	main/dolphin/sdk_range_800A2D38	src/dolphin/sdk_range_800A2D38.c	0.00802
200.0	200	0.0	GSfilterCreate	main/game/gs_dvd_candidate_80167FA8	src/game/gs_dvd_candidate_80167FA8.c	0.00802
199.5	1304	84.7	fn_8002FC58	main/game/menuPokemonChange	src/game/menuPokemonChange.c	0.008
199.1	440	54.75	fn_800E09E8	main/game/gs_math_range_800E09E8	src/game/gs_math_range_800E09E8.c	0.00798
198.8	444	55.23	fn_8017C1D8	main/game/fsys/fsys_file_candidate_8017C008	src/game/fsys/fsys_file_candidate_8017C008.c	0.00797
197.6	528	62.58	fn_80019D5C	main/game/menuPokemon	src/game/menuPokemon.c	0.00792
196.7	1040	81.08	fn_8002EE74	main/game/menuPokemonChange	src/game/menuPokemonChange.c	0.00788
196.0	200	2.0	winMsgCheck	main/game/win_msg_candidate_80105C68	src/game/win_msg_candidate_80105C68.c	0.00786
196.0	196	0.0	TRKTargetAccessARAM	main/trk/TRKInterrupt		0.00786
196.0	196	0.0	TRKSwapAndGo	main/trk/TRKInterrupt		0.00786
192.8	360	46.46	memoInitDebug	main/game/memo_candidate_8025FA20	src/game/memo_candidate_8025FA20.c	0.00773
192.0	196	2.04	fn_801DDB4C	main/game/sequence_candidate_801DD45C	src/game/sequence_candidate_801DD45C.c	0.0077
192.0	192	0.0	fn_800A257C	main/dolphin/os/OSThread		0.0077
190.3	652	70.81	fn_801A02B0	main/hsd/hsd_jobj_suffix_8019FF74	src/hsd/hsd_jobj_suffix_8019FF74.c	0.00763
188.0	188	0.0	GSmodelGetPart	main/game/gs_part	src/game/gs_part.c	0.00753
188.0	188	0.0	DVDLowReset	main/dolphin/dvd/DVDLow		0.00753
187.2	1052	82.2	fn_801CBF64	main/game/field_candidate_801CBA90	src/game/field_candidate_801CBA90.c	0.0075
185.9	636	70.77	fn_80030F0C	main/game/gs_npc_event_candidate_8003037C	src/game/gs_npc_event_candidate_8003037C.c	0.00745
185.6	1792	89.64	pokemonSetLevelBasisStatus	main/game/pokemon_range_8012640C	src/game/pokemon_range_8012640C.c	0.00744
185.2	1212	84.72	fn_8002F79C	main/game/menuPokemonChange	src/game/menuPokemonChange.c	0.00742
184.0	188	2.13	fn_801DE598	main/game/sequence_candidate_801DE190	src/game/sequence_candidate_801DE190.c	0.00737
182.1	300	39.29	fn_8006A990	main/game/menu/menu_middle_range_8006A990	src/game/menu/menu_middle_range_8006A990.c	0.0073
181.1	932	80.57	menuNameEntryCursor	main/game/menuNameEntry	src/game/menuNameEntry.c	0.00726
180.0	184	2.17	fn_801012E8	main/game/gs_floor	src/game/gs_floor.c	0.00721
178.1	400	55.48	fn_8002717C	main/game/menuNameEntry	src/game/menuNameEntry.c	0.00714
177.9	296	39.91	fightTrainerAiWazaHit192	main/game/fight_trainer_ai_waza_hit_candidate_802546E8	src/game/fight_trainer_ai_waza_hit_candidate_802546E8.c	0.00713
177.4	568	68.77	fn_8007D564	main/game/menu/menu_carde_matrix	src/game/menu/menu_carde_matrix.c	0.00711
177.1	260	31.89	fn_8010C54C	main/game/gs_colsys	src/game/gs_colsys.c	0.0071
177.0	828	78.63	_cameraLoadCameraMatrix__FP9_GScamera12GSgfxLayerID	main/game/gs_render_util_candidate_800D2248	src/game/gs_render_util_candidate_800D2248.c	0.00709
176.3	892	80.24	_expRecover__FP7PokemonUl	main/game/pokemon_relive	src/game/pokemon_relive.c	0.00707
176.0	176	0.0	floorEventGetTresureList	main/game/floor_event	src/game/floor_event.c	0.00705
176.0	176	0.0	TRKDoContinue	main/trk/TRKDispatch_range_800BF53C		0.00705
175.8	588	70.1	voiceSetPriority	main/musyx/musyx_candidate_80157280	src/musyx/musyx_candidate_80157280.c	0.00705
175.3	508	65.49	menuFightDrawSecretWazaSelect	main/game/menuFight	src/game/menuFight.c	0.00703
175.2	820	78.64	JObjLoad	main/hsd/hsd_jobj_residual_801A0D94	src/hsd/hsd_jobj_residual_801A0D94.c	0.00702
172.4	280	38.43	fn_80138CCC	main/game/effect/effect_visual_candidate_80138BBC	src/game/effect/effect_visual_candidate_80138BBC.c	0.00691
172.2	180	4.33	fn_801B6DC0	main/hsd/hsd_texp_candidate_801B4300	src/hsd/hsd_texp_candidate_801B4300.c	0.0069
172.0	176	2.27	floorChangePos	main/game/floor	src/game/floor.c	0.00689
172.0	172	0.0	OSClearStack	main/dolphin/os/OSThread		0.00689
171.8	472	63.6	fn_800F5404	main/game/gs_thread_candidate_800F0424	src/game/gs_thread_candidate_800F0424.c	0.00689
171.6	748	77.06	fn_800167D0	main/game/gs_pokemon_summary	src/game/gs_pokemon_summary.c	0.00688
170.3	400	57.43	fn_80026FEC	main/game/menuNameEntry	src/game/menuNameEntry.c	0.00683
168.8	184	8.26	_fadeSnapshot__Fv	main/game/effect/fade_candidate_801C432C	src/game/effect/fade_candidate_801C432C.c	0.00677
168.2	364	53.8	toolentryTaisenEntryPokemon	main/game/toolentry_candidate_8025D364	src/game/toolentry_candidate_8025D364.c	0.00674
168.1	1100	84.72	fn_80096FA0	main/game/gbaCommunication_candidate_800937F4	src/game/gbaCommunication_candidate_800937F4.c	0.00674
168.0	172	2.33	fn_801B07D4	main/hsd/hsd_shadow_candidate_801B06DC	src/hsd/hsd_shadow_candidate_801B06DC.c	0.00673
168.0	172	2.33	_wazaViewerFinalize	main/game/wazaViewer_candidate_801D5328	src/game/wazaViewer_candidate_801D5328.c	0.00673
168.0	168	0.0	fn_80167070	main/game/gs_dvd_candidate_80167040	src/game/gs_dvd_candidate_80167040.c	0.00673
168.0	168	0.0	TRKDoStop	main/trk/TRKDispatch_range_800BF53C		0.00673
168.0	168	0.0	TRKDoSetOption	main/trk/TRKDispatch_range_800BF53C		0.00673
168.0	168	0.0	OutputData	main/trk/TRKDispatch_range_800C0504		0.00673
168.0	168	0.0	MObjRelease	main/hsd/hsd_memory	src/hsd/hsd_memory.c	0.00673
167.6	540	68.96	_msgctrlSideName__FP15FightOutPokemonUc	main/game/msgctrl_candidate_80131BF8	src/game/msgctrl_candidate_80131BF8.c	0.00672
167.0	344	51.44	fn_8006D98C	main/game/menu/menu_middle_range_8006B9B8	src/game/menu/menu_middle_range_8006B9B8.c	0.00669
165.9	824	79.86	fn_80111864	main/game/GScolsys2Thru_range_80110084	src/game/GScolsys2Thru_range_80110084.c	0.00665
165.7	356	53.45	fn_8017C074	main/game/fsys/fsys_file_candidate_8017C008	src/game/fsys/fsys_file_candidate_8017C008.c	0.00664
165.2	700	76.41	fn_80265F94	main/game/gs_range_80265EC4	src/game/gs_range_80265EC4.c	0.00662
164.1	292	43.79	fn_80088D84	main/game/gba/gba_conv	src/game/gba/gba_conv.c	0.00658
164.0	168	2.38	fn_801D1B78	main/game/mail_candidate_801D1B10	src/game/mail_candidate_801D1B10.c	0.00657
164.0	164	0.0	PSMTXQuat	main/dolphin/sdk_range_800A2D38	src/dolphin/sdk_range_800A2D38.c	0.00657
164.0	164	0.0	GSpartGetMaterial	main/game/gs_part	src/game/gs_part.c	0.00657
164.0	164	0.0	DVDLowReadDiskID	main/dolphin/dvd/DVDLow		0.00657
163.9	292	43.86	fn_80088C60	main/game/gba/gba_conv	src/game/gba/gba_conv.c	0.00657
161.5	824	80.4	fn_80017E8C	main/game/gs_pokemon_summary_candidate_8001793C	src/game/gs_pokemon_summary_candidate_8001793C.c	0.00647
160.4	176	8.86	PSMTXRotTrig	main/dolphin/sdk_range_800A2D38	src/dolphin/sdk_range_800A2D38.c	0.00643
160.0	164	2.44	fn_801D1C20	main/game/mail_candidate_801D1B10	src/game/mail_candidate_801D1B10.c	0.00641
160.0	160	0.0	floorEventSetTresureDisp	main/game/floor_event	src/game/floor_event.c	0.00641
160.0	160	0.0	HSD_Index2PosNrmMtx	main/hsd/hsd_util	src/hsd/hsd_util.c	0.00641
159.6	744	78.55	fn_8002CE6C	main/game/menuShop	src/game/menuShop.c	0.0064
157.6	176	10.45	__PSMTXRotAxisRadInternal	main/dolphin/sdk_range_800A2D38	src/dolphin/sdk_range_800A2D38.c	0.00632
157.3	424	62.91	fn_8001BEBC	main/game/menuPokemon	src/game/menuPokemon.c	0.0063
156.0	160	2.5	fn_801D19A4	main/game/mail_candidate_801D1734	src/game/mail_candidate_801D1734.c	0.00625
156.0	156	0.0	fn_801B27DC	main/hsd/hsd_texp_candidate_801B2718	src/hsd/hsd_texp_candidate_801B2718.c	0.00625
156.0	156	0.0	TRKExceptionHandler	main/trk/TRKInterrupt		0.00625
156.0	156	0.0	GSscratchStore	main/game/gs_scratch	src/game/gs_scratch.c	0.00625
156.0	156	0.0	GSmemInit	main/game/gs_mem	src/game/gs_mem.c	0.00625
156.0	156	0.0	DVDLowInquiry	main/dolphin/dvd/DVDLow		0.00625
156.0	156	0.0	DVDLowAudioBufferConfig	main/dolphin/dvd/DVDLow		0.00625
155.8	252	38.16	fn_8006FBFC	main/game/menu/menu_middle_range_8006B9B8	src/game/menu/menu_middle_range_8006B9B8.c	0.00624
155.5	400	61.13	fn_8002730C	main/game/menuNameEntry	src/game/menuNameEntry.c	0.00623
152.4	2556	94.04	MObjMakeTExp	main/hsd/hsd_mobj_candidate_801A6FF0	src/hsd/hsd_mobj_candidate_801A6FF0.c	0.00611
152.2	8632	98.24	fn_8015B250	main/musyx/musyx_candidate_8015AD1C	src/musyx/musyx_candidate_8015AD1C.c	0.0061
152.2	416	63.4	menuFightDrawTimer	main/game/menuFight	src/game/menuFight.c	0.0061
152.1	584	73.96	CObjLoad	main/hsd/hsd_cobj_candidate_80193D30	src/hsd/hsd_cobj_candidate_80193D30.c	0.0061
152.0	156	2.56	threadLoadFPRRegisters	main/game/gs_thread	src/game/gs_thread.c	0.00609
152.0	152	0.0	HSD_SaveContext	main/hsd/hsd_cobj_candidate_80196C54	src/hsd/hsd_cobj_candidate_80196C54.c	0.00609
152.0	152	0.0	DVDLowAudioStream	main/dolphin/dvd/DVDLow		0.00609
151.4	1036	85.39	fn_800155B0	main/game/gs_pokemon_summary	src/game/gs_pokemon_summary.c	0.00607
149.1	752	80.17	fightOutPokemonCreateSequence	main/game/fight_out_pokemon_suffix_80207C6C	src/game/fight_out_pokemon_suffix_80207C6C.c	0.00598
148.4	204	27.24	fightSeqInit	main/game/fight_seq_candidate_80211810	src/game/fight_seq_candidate_80211810.c	0.00595
148.0	152	2.63	fn_801B073C	main/hsd/hsd_shadow_candidate_801B06DC	src/hsd/hsd_shadow_candidate_801B06DC.c	0.00593
148.0	148	0.0	fn_801AFE68	main/hsd/hsd_robj_range_801AEBE4		0.00593
148.0	148	0.0	InitMetroTRK_BBA	main/trk/TRKInit	src/trk/TRKInit.c	0.00593
148.0	148	0.0	InitMetroTRK	main/trk/TRKInit	src/trk/TRKInit.c	0.00593
148.0	148	0.0	GSscratchSetValid	main/game/gs_scratch	src/game/gs_scratch.c	0.00593
148.0	148	0.0	GSscratchSetInvalid	main/game/gs_scratch	src/game/gs_scratch.c	0.00593
148.0	148	0.0	DVDLowSeek	main/dolphin/dvd/DVDLow		0.00593
147.4	560	73.68	GSthreadCreate	main/game/gs_thread_candidate_800F0424	src/game/gs_thread_candidate_800F0424.c	0.00591
147.2	716	79.45	fn_801A5DCC	main/hsd/hsd_lobj	src/hsd/hsd_lobj.c	0.0059
147.1	884	83.36	fn_80015E3C	main/game/gs_pokemon_summary	src/game/gs_pokemon_summary.c	0.0059
146.3	696	78.98	fightOutPokemonDasuEffect	main/game/fight_out_pokemon_suffix_80207C6C	src/game/fight_out_pokemon_suffix_80207C6C.c	0.00586
146.2	408	64.17	GSlightPopState	main/game/gs_light_candidate_800DC560	src/game/gs_light_candidate_800DC560.c	0.00586
146.0	304	51.96	fn_800F8138	main/game/input/input	src/game/input/input.c	0.00585
145.7	680	78.57	fn_800722A0	main/game/menu/menu_range_8007109C	src/game/menu/menu_range_8007109C.c	0.00584
145.7	680	78.57	fn_80071700	main/game/menu/menu_range_8007109C	src/game/menu/menu_range_8007109C.c	0.00584
144.8	996	85.47	fn_80013A18	main/game/gs_event_exec_candidate_8001374C	src/game/gs_event_exec_candidate_8001374C.c	0.0058
144.0	144	0.0	fn_801BF4E4	main/hsd/hsd_util	src/hsd/hsd_util.c	0.00577
144.0	144	0.0	fn_8016758C	main/game/gs_dvd_candidate_80167040	src/game/gs_dvd_candidate_80167040.c	0.00577
144.0	144	0.0	__init_registers	main/crt/__start	src/crt/__start.c	0.00577
144.0	144	0.0	OSSetIdleFunction	main/dolphin/os/OSThread		0.00577
143.8	300	52.07	gappBackgroundCallback	main/game/gs_gapp	src/game/gs_gapp.c	0.00576
142.8	364	60.76	_menuFightIsUse__FP16MENU_WAZA_STATUSUs	main/game/menuFight	src/game/menuFight.c	0.00572
142.3	1452	90.2	evolutionDemo	main/game/evolution	src/game/evolution.c	0.0057
140.7	780	81.96	fightOutPokemonCheckFightOut	main/game/fight_out_pokemon	src/game/fight_out_pokemon.c	0.00564
140.0	144	2.78	threadLoadGPRRegisters	main/game/gs_thread	src/game/gs_thread.c	0.00561
140.0	140	0.0	fn_8016737C	main/game/gs_dvd_candidate_80167040	src/game/gs_dvd_candidate_80167040.c	0.00561
140.0	140	0.0	fn_800D3EC4	main/game/gs_gfx_core	src/game/gs_gfx_core.c	0.00561
140.0	140	0.0	fn_800A48DC	main/dolphin/dvd/DVDLow		0.00561
140.0	140	0.0	DVDLowStopMotor	main/dolphin/dvd/DVDLow		0.00561
140.0	140	0.0	DVDLowRequestAudioStatus	main/dolphin/dvd/DVDLow		0.00561
139.7	596	76.56	fn_80026B44	main/game/menuNameEntry	src/game/menuNameEntry.c	0.0056
139.6	332	57.96	fn_800F7758	main/game/input/input	src/game/input/input.c	0.00559
138.0	1048	86.84	fn_8002EA5C	main/game/menuPokemonChange	src/game/menuPokemonChange.c	0.00553
137.2	144	4.69	HSD_TExpSimplify	main/hsd/hsd_texp_candidate_801B4300	src/hsd/hsd_texp_candidate_801B4300.c	0.0055
136.0	136	0.0	_sndSetVolumeWork	main/game/gs_dvd_candidate_80167040	src/game/gs_dvd_candidate_80167040.c	0.00545
136.0	136	0.0	__OSUnmaskInterrupts	main/dolphin/os/OSInterrupt		0.00545
136.0	136	0.0	__OSMaskInterrupts	main/dolphin/os/OSInterrupt		0.00545
136.0	136	0.0	TRKLoadContext	main/trk/TRKBoard_candidate_800C3414	src/trk/TRKBoard_candidate_800C3414.c	0.00545
136.0	136	0.0	GSpartGetMaterialCount	main/game/gs_part	src/game/gs_part.c	0.00545
135.4	472	71.31	fn_80030D34	main/game/gs_npc_event_candidate_8003037C	src/game/gs_npc_event_candidate_8003037C.c	0.00543
135.1	596	77.33	fn_800268F0	main/game/menuNameEntry	src/game/menuNameEntry.c	0.00541
134.5	356	62.22	pcboxGetItemCapacity	main/game/pcbox_candidate_8013433C	src/game/pcbox_candidate_8013433C.c	0.00539
133.4	376	64.53	scriptCheckTemochiPokemon	main/game/field_candidate_801CAA08	src/game/field_candidate_801CAA08.c	0.00535
132.5	1152	88.5	fn_800159BC	main/game/gs_pokemon_summary	src/game/gs_pokemon_summary.c	0.00531
132.0	136	2.94	winMsgOpenError	main/game/win_msg_candidate_80105C68	src/game/win_msg_candidate_80105C68.c	0.00529
132.0	136	2.94	fn_801127BC	main/game/floor	src/game/floor.c	0.00529
132.0	132	0.0	fn_801B28C8	main/hsd/hsd_texp_candidate_801B28C8	src/hsd/hsd_texp_candidate_801B28C8.c	0.00529
132.0	132	0.0	fn_800A41D0	main/dolphin/dvd/DVDLow		0.00529
132.0	132	0.0	_sndStopBGM	main/game/gs_dvd_candidate_80167040	src/game/gs_dvd_candidate_80167040.c	0.00529
132.0	132	0.0	HSD_MulColor	main/hsd/hsd_util	src/hsd/hsd_util.c	0.00529
131.0	216	39.35	fn_801C3114	main/game/battle/battle_grid_residual_801C3114	src/game/battle/battle_grid_residual_801C3114.c	0.00525
130.8	156	16.13	OSExceptionVector	main/dolphin/sdk_range_8009A0F4	src/dolphin/sdk_range_8009A0F4.c	0.00524
129.6	532	75.63	menuFightButtonTargetSecret	main/game/menuFight	src/game/menuFight.c	0.00519
128.9	232	44.43	fn_800364C8	main/game/movie	src/game/movie.c	0.00517
128.6	748	82.81	fn_8002B594	main/game/menuShop	src/game/menuShop.c	0.00515
128.6	728	82.33	fightActionFlowSyuuryouPost	main/game/fight_action_candidate_8020B058	src/game/fight_action_candidate_8020B058.c	0.00515
128.5	416	69.11	fn_8002C0E4	main/game/menuShop	src/game/menuShop.c	0.00515
128.0	1216	89.47	fn_801A2B5C	main/hsd/hsd_jobj_residual_801A1B7C	src/hsd/hsd_jobj_residual_801A1B7C.c	0.00513
128.0	128	0.0	fn_801684F0	main/game/gs_dvd_candidate_80167FA8	src/game/gs_dvd_candidate_80167FA8.c	0.00513
128.0	128	0.0	fn_8016819C	main/game/gs_dvd_candidate_80167FA8	src/game/gs_dvd_candidate_80167FA8.c	0.00513
128.0	128	0.0	fn_80167964	main/game/gs_dvd_candidate_80167040	src/game/gs_dvd_candidate_80167040.c	0.00513
128.0	128	0.0	fn_801678E4	main/game/gs_dvd_candidate_80167040	src/game/gs_dvd_candidate_80167040.c	0.00513
128.0	128	0.0	fn_80167864	main/game/gs_dvd_candidate_80167040	src/game/gs_dvd_candidate_80167040.c	0.00513
128.0	128	0.0	_sndSetSampleDataUploadCallbackFunction	main/game/gs_dvd_candidate_80167040	src/game/gs_dvd_candidate_80167040.c	0.00513
128.0	128	0.0	_sndInitParms	main/game/gs_dvd_candidate_80167040	src/game/gs_dvd_candidate_80167040.c	0.00513
128.0	128	0.0	SeekTwiceBeforeRead	main/dolphin/dvd/DVDLow		0.00513
128.0	128	0.0	OSSaveContext	main/dolphin/os/OSContext		0.00513
127.6	416	69.33	HSD_FogLoadDesc	main/hsd/hsd_fog	src/hsd/hsd_fog.c	0.00511
127.2	344	63.03	fn_8017D960	main/game/fsys/fsys_file_candidate_8017D410	src/game/fsys/fsys_file_candidate_8017D410.c	0.0051
127.1	224	43.25	fn_80035E04	main/game/movie	src/game/movie.c	0.00509
127.0	1284	90.11	pokemonToMenuPokemonStatus	main/game/pokemon_range_8011FCA4	src/game/pokemon_range_8011FCA4.c	0.00509
124.6	860	85.51	stateFunctionEvolution	main/game/menuPokemonChange	src/game/menuPokemonChange.c	0.00499
124.3	328	62.11	fn_8003042C	main/game/gs_npc_event_candidate_8003037C	src/game/gs_npc_event_candidate_8003037C.c	0.00498
124.0	124	0.0	fn_801AFF64	main/hsd/hsd_robj_range_801AEBE4		0.00497
124.0	124	0.0	fn_80167F28	main/game/gs_dvd_candidate_80167E64	src/game/gs_dvd_candidate_80167E64.c	0.00497
124.0	124	0.0	GXLoadLightObjImm	main/dolphin/sdk_range_800BA44C	src/dolphin/sdk_range_800BA44C.c	0.00497
123.6	800	84.55	fn_801081F8	main/game/win_sequence_candidate_80107170	src/game/win_sequence_candidate_80107170.c	0.00495
123.3	200	38.36	_msgGetCodeInfo__FP13MSG_TASK_WORKUsPP12tagFONT_INFO	main/game/gs_msg	src/game/gs_msg.c	0.00494
122.8	588	79.11	fn_801B2F1C	main/hsd/hsd_texp_candidate_801B28C8	src/hsd/hsd_texp_candidate_801B28C8.c	0.00492
122.8	280	56.16	menuFightDrawBall	main/game/menuFight	src/game/menuFight.c	0.00492
122.0	504	75.79	fn_8019C978	main/hsd/hsd_initialize_candidate_8019C7B8	src/hsd/hsd_initialize_candidate_8019C7B8.c	0.00489
122.0	140	12.89	fn_800DE09C	main/game/gs_log	src/game/gs_log.c	0.00489
121.2	244	50.33	fn_800FBD88	main/game/gs_msg	src/game/gs_msg.c	0.00486
121.2	204	40.57	__cvt_dbl_usll	main/dolphin/sdk_range_800C470C	src/dolphin/sdk_range_800C470C.c	0.00486
120.6	580	79.21	fn_80031404	main/game/gs_npc_event_candidate_8003037C	src/game/gs_npc_event_candidate_8003037C.c	0.00483
120.2	172	30.14	menuSubOpenSelect	main/game/menuSub	src/game/menuSub.c	0.00482
120.0	120	0.0	_sndStopSE	main/game/gs_dvd_candidate_80167040	src/game/gs_dvd_candidate_80167040.c	0.00481
120.0	120	0.0	_gfxScratchNotify__F15GSscratchNotifyPvUc	main/game/gs_gfx_core	src/game/gs_gfx_core.c	0.00481
120.0	120	0.0	TRKDoDisconnect	main/trk/TRKDispatch_range_800BF53C		0.00481
119.1	324	63.23	fn_800318D8	main/game/gs_npc_event_candidate_8003037C	src/game/gs_npc_event_candidate_8003037C.c	0.00477
118.3	3220	96.33	HSD_ForeachAnim	main/hsd/hsd_aobj_candidate_801C028C	src/hsd/hsd_aobj_candidate_801C028C.c	0.00474
117.4	252	53.4	fn_8010C650	main/game/gs_colsys	src/game/gs_colsys.c	0.00471
116.0	120	3.33	windowGetCursor	main/game/window_candidate_801040F0	src/game/window_candidate_801040F0.c	0.00465
116.0	116	0.0	fn_801BEE68	main/hsd/hsd_tobj_candidate_801BBDDC	src/hsd/hsd_tobj_candidate_801BBDDC.c	0.00465
116.0	116	0.0	__OSInterruptInit	main/dolphin/os/OSInterrupt		0.00465
116.0	116	0.0	_HSD_MemSetCallbacks	main/hsd/hsd_memory	src/hsd/hsd_memory.c	0.00465
116.0	116	0.0	TRKInitializeMessageBuffers	main/trk/TRKBuffer		0.00465
115.7	524	77.92	fn_80023068	main/game/gs_title_candidate_80023068	src/game/gs_title_candidate_80023068.c	0.00464
115.3	620	81.4	menuShopDrawListText	main/game/menuShop	src/game/menuShop.c	0.00462
114.6	6012	98.09	fn_802249B8	main/game/fight_range_802249B8	src/game/fight_range_802249B8.c	0.00459
114.2	860	86.73	fn_802080A8	main/game/fight_out_pokemon_suffix_80207C6C	src/game/fight_out_pokemon_suffix_80207C6C.c	0.00458
113.2	276	58.99	fn_800166BC	main/game/gs_pokemon_summary	src/game/gs_pokemon_summary.c	0.00454
113.1	468	75.84	fn_80017CB8	main/game/gs_pokemon_summary_candidate_8001793C	src/game/gs_pokemon_summary_candidate_8001793C.c	0.00453
112.0	184	39.13	menuCloseCustom	main/game/menu_candidate_80102014	src/game/menu_candidate_80102014.c	0.00449
112.0	116	3.45	fn_8010C388	main/game/gs_colsys	src/game/gs_colsys.c	0.00449
112.0	116	3.45	fadeSet	main/game/effect/fade	src/game/effect/fade.c	0.00449
112.0	112	0.0	fn_800E202C	main/game/gs_mem	src/game/gs_mem.c	0.00449
112.0	112	0.0	HSD_MObjDeleteShadowTexture	main/hsd/hsd_memory	src/hsd/hsd_memory.c	0.00449
112.0	112	0.0	GSpartInit	main/game/gs_part	src/game/gs_part.c	0.00449
112.0	112	0.0	AlarmHandlerForTimeout	main/dolphin/dvd/DVDLow		0.00449
111.6	1484	92.48	fn_8004B7EC	main/game/menu/menu_pda_mail	src/game/menu/menu_pda_mail.c	0.00447
111.5	596	81.3	fn_80026D98	main/game/menuNameEntry	src/game/menuNameEntry.c	0.00447
110.6	256	56.8	fn_800F9C04	main/game/gs_msg	src/game/gs_msg.c	0.00443
109.8	1876	94.15	HSD_FObjInterpretAnim	main/hsd/hsd_dobj	src/hsd/hsd_dobj.c	0.0044
109.4	1676	93.47	fightSeqGetNromalWazaDamage	main/game/fight_seq_candidate_80211170	src/game/fight_seq_candidate_80211170.c	0.00438
108.4	332	67.34	menuNameEntryDraw50Text	main/game/menuNameEntry	src/game/menuNameEntry.c	0.00434
108.2	2856	96.21	fn_8022F2F8	main/game/fight_range_8022F2F8	src/game/fight_range_8022F2F8.c	0.00434
108.2	772	85.98	dataInsertMacro	main/musyx/runtime/synthdata_candidate_80151B84	src/musyx/runtime/synthdata_candidate_80151B84.c	0.00434
108.0	112	3.57	_menuFaceBiosGetPtr__FUs	main/game/gs_colsys	src/game/gs_colsys.c	0.00433
108.0	112	3.57	GStextureInit	main/game/gs_texture_candidate_800EF5FC	src/game/gs_texture_candidate_800EF5FC.c	0.00433
107.7	656	83.59	fn_800150E4	main/game/gs_pokemon_summary	src/game/gs_pokemon_summary.c	0.00432
107.7	488	77.93	menuFightDrawPP	main/game/menuFight	src/game/menuFight.c	0.00432
107.6	476	77.39	fn_80031228	main/game/gs_npc_event_candidate_8003037C	src/game/gs_npc_event_candidate_8003037C.c	0.00431
107.2	300	64.28	fn_800307A8	main/game/gs_npc_event_candidate_8003037C	src/game/gs_npc_event_candidate_8003037C.c	0.0043
106.8	572	81.34	fn_80015374	main/game/gs_pokemon_summary	src/game/gs_pokemon_summary.c	0.00428
106.3	296	64.08	fn_8025D164	main/game/toolentry_candidate_8025D164	src/game/toolentry_candidate_8025D164.c	0.00426
106.1	272	60.99	fn_80070318	main/game/menu/menu_middle_range_80070318	src/game/menu/menu_middle_range_80070318.c	0.00425
104.9	380	72.39	GSmsgFontOpen	main/game/gs_msg	src/game/gs_msg.c	0.0042
104.0	104	0.0	fn_801AFEFC	main/hsd/hsd_robj_range_801AEBE4		0.00417
104.0	104	0.0	UnsetRun	main/dolphin/os/OSThread		0.00417
104.0	104	0.0	MObjAmnesia	main/hsd/hsd_memory	src/hsd/hsd_memory.c	0.00417
102.8	1120	90.82	fn_80157A64	main/musyx/musyx_candidate_80157280	src/musyx/musyx_candidate_80157280.c	0.00412
102.6	748	86.28	menuPanelCursorDecimalInput	main/game/gs_event_exec	src/game/gs_event_exec.c	0.00411
102.3	316	67.63	fn_8017E09C	main/game/fsys/fsys_file_candidate_8017D410	src/game/fsys/fsys_file_candidate_8017D410.c	0.0041
101.8	428	76.21	fadeFluidEvaluate	main/game/effect/fade_range_801C4CB8	src/game/effect/fade_range_801C4CB8.c	0.00408
101.6	228	55.44	fn_80180B94	main/game/gs_range_8017F2C4	src/game/gs_range_8017F2C4.c	0.00407
100.9	132	23.55	OSSwitchFPUContext	main/dolphin/sdk_range_8009BD84	src/dolphin/sdk_range_8009BD84.c	0.00404
100.2	264	62.03	fn_800F716C	main/game/gs_thread_candidate_800F0424	src/game/gs_thread_candidate_800F0424.c	0.00402
100.0	100	0.0	fn_801B2560	main/hsd/hsd_texp_candidate_801B18D8	src/hsd/hsd_texp_candidate_801B18D8.c	0.00401
100.0	100	0.0	_sndCheckSndWorkALL	main/game/gs_dvd_candidate_80167040	src/game/gs_dvd_candidate_80167040.c	0.00401
100.0	100	0.0	__OSGetSystemTime	main/dolphin/os/OSTime_range_800A2778		0.00401
100.0	100	0.0	TRKDoConnect	main/trk/TRKDispatch_range_800BF53C		0.00401
98.7	564	82.5	voiceKill	main/musyx/musyx_candidate_80157280	src/musyx/musyx_candidate_80157280.c	0.00396
98.6	500	80.28	stateFunctionExChangeMain	main/game/menuPokemonChange	src/game/menuPokemonChange.c	0.00395
98.2	1112	91.17	fn_80016ABC	main/game/gs_pokemon_summary	src/game/gs_pokemon_summary.c	0.00394
98.0	336	70.83	fn_800EF098	main/game/gs_texture	src/game/gs_texture.c	0.00393
97.8	292	66.49	TypeAndStatusCallback	main/game/gba/GBAXfer	src/game/gba/GBAXfer.c	0.00392
97.0	1396	93.05	synthInit	main/musyx/runtime/synth_suffix_candidate_8014D000	src/musyx/runtime/synth_suffix_candidate_8014D000.c	0.00389
96.8	1040	90.69	fn_800B31F4	main/dolphin/sdk_candidate_800B3078	src/dolphin/sdk_candidate_800B3078.c	0.00388
96.2	368	73.87	GSlightLoad	main/game/gs_light_candidate_800DCC84	src/game/gs_light_candidate_800DCC84.c	0.00386
96.0	100	4.0	fadeSetEX	main/game/effect/fade	src/game/effect/fade.c	0.00385
96.0	96	0.0	fn_801BFCB0	main/hsd/hsd_video	src/hsd/hsd_video.c	0.00385
96.0	96	0.0	fn_801AFFE0	main/hsd/hsd_robj_range_801AEBE4		0.00385
96.0	96	0.0	_errorTask_State_None_80187B24	main/game/gs_dvd_candidate_80167040	src/game/gs_dvd_candidate_80167040.c	0.00385
95.4	1336	92.86	fightFloorCmpfightOutPokemonNimbleness	main/game/fight_floor_candidate_801F3BB4	src/game/fight_floor_candidate_801F3BB4.c	0.00382
94.5	1204	92.15	fn_8015DEC0	main/musyx/musyx_candidate_8015D678	src/musyx/musyx_candidate_8015D678.c	0.00379
94.5	420	77.5	_fightActionFlowAllFightOutPokemonDoFightActionOneLoop__FP11FIGHT_FLOORUc	main/game/fight_action_candidate_8020B058	src/game/fight_action_candidate_8020B058.c	0.00379
94.2	1044	90.98	evolutionStart	main/game/evolution	src/game/evolution.c	0.00378
94.2	556	83.06	_koukaOneExec__FUlPvPvPl	main/game/kouka	src/game/kouka.c	0.00378
93.0	464	79.96	fn_80142B24	main/game/people/people_data_candidate_80142A88	src/game/people/people_data_candidate_80142A88.c	0.00373
92.4	392	76.43	fightActionFlowFifo	main/game/fight_action_range_801F0898	src/game/fight_action_range_801F0898.c	0.0037
92.0	92	0.0	fn_801BE800	main/hsd/hsd_tobj_candidate_801BBDDC	src/hsd/hsd_tobj_candidate_801BBDDC.c	0.00369
92.0	92	0.0	fn_801B0040	main/hsd/hsd_robj_range_801AEBE4		0.00369
92.0	92	0.0	fn_801AE4B0	main/hsd/hsd_robj_range_801AE008		0.00369
92.0	92	0.0	HSD_RenderInitAllocData	main/hsd/hsd_texp_candidate_801B4264	src/hsd/hsd_texp_candidate_801B4264.c	0.00369
92.0	92	0.0	GSpartGetJObjIndex	main/game/gs_part	src/game/gs_part.c	0.00369
88.3	1620	94.55	fn_800D3FA4	main/game/gs_gfx_candidate_800D3FA4	src/game/gs_gfx_candidate_800D3FA4.c	0.00354
88.3	264	66.56	fightActionFlowAllFightTrainerSelectFightAction	main/game/fight_action_candidate_8020B058	src/game/fight_action_candidate_8020B058.c	0.00354
88.0	88	0.0	fn_800C03B4	main/trk/TRKDispatch_range_800BF53C		0.00353
88.0	88	0.0	fn_800C035C	main/trk/TRKDispatch_range_800BF53C		0.00353
88.0	88	0.0	__FileWrite	main/crt/printf_candidate_800C8864	src/crt/printf_candidate_800C8864.c	0.00353
88.0	88	0.0	OSDefaultExceptionHandler	main/dolphin/sdk_range_8009A0F4	src/dolphin/sdk_range_8009A0F4.c	0.00353
87.9	732	87.99	_pachiruEffectCreateTexture__FP9GStextureP9GStextureUl	main/game/effect/effect_visual_candidate_801402AC	src/game/effect/effect_visual_candidate_801402AC.c	0.00352
87.4	276	68.35	menuPokemonDrawHelp	main/game/menuPokemon	src/game/menuPokemon.c	0.0035
86.7	368	76.43	fn_8004BFB0	main/game/menu/menu_pda_mail	src/game/menu/menu_pda_mail.c	0.00347
86.6	644	86.55	dataRemoveMacro	main/musyx/runtime/synthdata_candidate_80151B84	src/musyx/runtime/synthdata_candidate_80151B84.c	0.00347
86.6	520	83.35	fn_80023760	main/game/gs_title_candidate_800232F0	src/game/gs_title_candidate_800232F0.c	0.00347
86.0	1436	94.01	DObjForeachAnim	main/hsd/hsd_aobj_candidate_801C028C	src/hsd/hsd_aobj_candidate_801C028C.c	0.00345
85.4	204	58.16	fn_8001D718	main/game/menuPokemon	src/game/menuPokemon.c	0.00342
85.2	324	73.7	exchangeDakuon__FUs11DAKUON_MODE	main/game/menuNameEntry	src/game/menuNameEntry.c	0.00341
85.0	452	81.19	fn_800366A8	main/game/movie	src/game/movie.c	0.00341
84.4	316	73.29	fn_8008A9E4	main/game/gba/gba_misc_candidate_8008A9E4	src/game/gba/gba_misc_candidate_8008A9E4.c	0.00338
84.2	1776	95.26	LObjForeachAnim	main/hsd/hsd_aobj_candidate_801C028C	src/hsd/hsd_aobj_candidate_801C028C.c	0.00337
84.2	596	85.87	fightOutPokemonKizetuEffect	main/game/fight_out_pokemon_suffix_80207C6C	src/game/fight_out_pokemon_suffix_80207C6C.c	0.00337
84.0	84	0.0	fn_80167768	main/game/gs_dvd_candidate_80167040	src/game/gs_dvd_candidate_80167040.c	0.00337
84.0	84	0.0	_sndSetReverbParm	main/game/gs_dvd_candidate_80167040	src/game/gs_dvd_candidate_80167040.c	0.00337
84.0	84	0.0	_info2work	main/game/gs_dvd_candidate_80167FA8	src/game/gs_dvd_candidate_80167FA8.c	0.00337
84.0	84	0.0	__OSPSInit	main/dolphin/sdk_range_8009A0F4	src/dolphin/sdk_range_8009A0F4.c	0.00337
84.0	84	0.0	TRKInterruptHandlerEnableInterrupts	main/trk/TRKInterrupt		0.00337
81.5	252	67.67	GSlightCreate	main/game/gs_light_candidate_800DCC84	src/game/gs_light_candidate_800DCC84.c	0.00327
81.0	604	86.58	fightOutPokemonModosuEffect	main/game/fight_out_pokemon_suffix_80207C6C	src/game/fight_out_pokemon_suffix_80207C6C.c	0.00325
80.8	1548	94.78	GScolsys2ThruGetMdlEventList	main/game/GScolsys2Thru_range_80110084	src/game/GScolsys2Thru_range_80110084.c	0.00324
80.0	536	85.07	voiceUnblock	main/musyx/musyx_candidate_80157280	src/musyx/musyx_candidate_80157280.c	0.00321
80.0	80	0.0	fn_800A16E8	main/dolphin/os/OSThread		0.00321
80.0	80	0.0	_AsyncCallback	main/game/gs_dvd_candidate_80167FA8	src/game/gs_dvd_candidate_80167FA8.c	0.00321
80.0	80	0.0	PSMTXTranspose	main/dolphin/sdk_range_800A2D38	src/dolphin/sdk_range_800A2D38.c	0.00321
80.0	80	0.0	ExternalInterruptHandler	main/dolphin/os/OSInterrupt		0.00321
80.0	80	0.0	DecrementerExceptionHandler_8009A8DC	main/dolphin/sdk_range_8009A2D8	src/dolphin/sdk_range_8009A2D8.c	0.00321
79.0	3004	97.37	fn_802331F4	main/game/fight_range_802331F4	src/game/fight_range_802331F4.c	0.00317
79.0	192	58.85	__init_data	main/crt/__start	src/crt/__start.c	0.00317
78.6	268	70.67	menuFightDrawType	main/game/menuFight	src/game/menuFight.c	0.00315
77.8	376	79.31	fightOutPokemonCheckMeetEnemyFightPokemon	main/game/fight_out_pokemon	src/game/fight_out_pokemon.c	0.00312
77.2	124	37.77	fn_800F106C	main/game/gs_thread_candidate_800F0424	src/game/gs_thread_candidate_800F0424.c	0.00309
76.8	92	16.52	PSQUATMultiply	main/dolphin/sdk_candidate_800A3A78	src/dolphin/sdk_candidate_800A3A78.c	0.00308
76.0	76	0.0	TRKInitializeTarget	main/trk/TRKInit	src/trk/TRKInit.c	0.00305
75.9	152	50.05	LObjInfoInit	main/hsd/hsd_lobj	src/hsd/hsd_lobj.c	0.00304
75.4	280	73.06	__OSInitMemoryProtection	main/dolphin/os/OSMemory_privileged	src/dolphin/os/OSMemory_privileged.c	0.00302
74.3	172	56.79	fn_8017FA5C	main/game/gs_range_8017F2C4	src/game/gs_range_8017F2C4.c	0.00298
74.2	544	86.36	fn_8013735C	main/game/effect/tracefx	src/game/effect/tracefx.c	0.00297
73.8	220	66.44	__GBAHandler	main/game/gba/GBAXfer	src/game/gba/GBAXfer.c	0.00296
73.4	1384	94.69	fn_801B1AD0	main/hsd/hsd_texp_candidate_801B18D8	src/hsd/hsd_texp_candidate_801B18D8.c	0.00294
73.4	452	83.75	voiceFree	main/musyx/musyx_candidate_80157280	src/musyx/musyx_candidate_80157280.c	0.00294
72.3	660	89.04	fightActionCreate	main/game/fight_action_range_801F0898	src/game/fight_action_range_801F0898.c	0.0029
72.0	128	43.75	modelShadowInit__Fv	main/game/gs_model_shadow_candidate_800E92D8	src/game/gs_model_shadow_candidate_800E92D8.c	0.00289
72.0	72	0.0	fn_80167720	main/game/gs_dvd_candidate_80167040	src/game/gs_dvd_candidate_80167040.c	0.00289
72.0	72	0.0	fn_800EE7E0	main/game/gs_part	src/game/gs_part.c	0.00289
72.0	72	0.0	fn_800D3F5C	main/game/gs_gfx_core	src/game/gs_gfx_core.c	0.00289
72.0	72	0.0	__DBExceptionDestinationAux	main/dolphin/db/DB		0.00289
71.4	388	81.6	HSD_AObjLoadDesc	main/hsd/hsd_aobj_candidate_801C028C	src/hsd/hsd_aobj_candidate_801C028C.c	0.00286
71.1	252	71.78	fn_800194E4	main/game/menuPokemon	src/game/menuPokemon.c	0.00285
70.0	488	85.65	HSD_JObjAddNext	main/hsd/hsd_jobj_suffix_8019FF74	src/hsd/hsd_jobj_suffix_8019FF74.c	0.00281
69.4	260	73.31	fightOutPokemonGetSoubiItemDataId	main/game/fight_out_pokemon	src/game/fight_out_pokemon.c	0.00278
69.4	172	59.67	cbForStateError_800A5810	main/dolphin/dvd/DVD_range_800A5810	src/dolphin/dvd/DVD_range_800A5810.c	0.00278
69.2	672	89.7	fightTrainerAiCheckAbiCnt	main/game/fight_trainer_ai2_candidate_8025C808	src/game/fight_trainer_ai2_candidate_8025C808.c	0.00277
69.1	368	81.23	fn_800308D4	main/game/gs_npc_event_candidate_8003037C	src/game/gs_npc_event_candidate_8003037C.c	0.00277
67.6	624	89.17	tracefxStartEffect	main/game/effect/tracefx	src/game/effect/tracefx.c	0.00271
67.3	172	60.86	fn_800363BC	main/game/movie	src/game/movie.c	0.0027
66.5	172	61.33	HSD_LObjRemoveAnimAll	main/hsd/hsd_lobj	src/hsd/hsd_lobj.c	0.00267
66.5	160	58.45	GSresRegisterResource	main/game/gs_res	src/game/gs_res.c	0.00267
66.4	3152	97.89	fn_80234A0C	main/game/fight_range_80234A0C	src/game/fight_range_80234A0C.c	0.00266
66.4	1920	96.54	menuFightDrawSecretPokemonStatus	main/game/menuFight	src/game/menuFight.c	0.00266
66.3	204	67.51	DVDSeekAbsAsyncPrio	main/dolphin/dvd/DVD_range_800A6684	src/dolphin/dvd/DVD_range_800A6684.c	0.00266
66.1	484	86.34	fn_80019754	main/game/menuPokemon	src/game/menuPokemon.c	0.00265
65.6	140	53.17	fn_8017F3F8	main/game/gs_range_8017F2C4	src/game/gs_range_8017F2C4.c	0.00263
65.5	3792	98.27	fn_8023B498	main/game/fight_range_8023B498	src/game/fight_range_8023B498.c	0.00263
64.8	1208	94.63	fn_801E1FF8	main/dolphin/thp/THP_range_801E1B54	src/dolphin/thp/THP_range_801E1B54.c	0.0026
64.8	84	22.86	PSVECDistance	main/dolphin/sdk_candidate_800A3A78	src/dolphin/sdk_candidate_800A3A78.c	0.0026
64.2	1352	95.25	fn_80053ED8	main/game/menu/menuCB_range_8005344C	src/game/menu/menuCB_range_8005344C.c	0.00257
64.0	80	20.0	GXLoadNrmMtxImm	main/dolphin/sdk_candidate_800BD454	src/dolphin/sdk_candidate_800BD454.c	0.00257
64.0	64	0.0	strncmp	main/crt/string_range_800CA78C		0.00257
64.0	64	0.0	fn_80167B70	main/game/gs_dvd_candidate_80167040	src/game/gs_dvd_candidate_80167040.c	0.00257
64.0	64	0.0	fn_800EE288	main/game/gs_part	src/game/gs_part.c	0.00257
64.0	64	0.0	OSEnableScheduler	main/dolphin/os/OSThread		0.00257
64.0	64	0.0	OSDisableScheduler	main/dolphin/os/OSThread		0.00257
63.8	196	67.43	GSgappInit	main/game/gs_gapp	src/game/gs_gapp.c	0.00256
63.4	388	83.67	fn_8002C284	main/game/menuShop	src/game/menuShop.c	0.00254
63.3	3236	98.04	fn_8021FAD4	main/game/fight_range_8021FAD4	src/game/fight_range_8021FAD4.c	0.00254
62.0	408	84.8	fn_800161B0	main/game/gs_pokemon_summary	src/game/gs_pokemon_summary.c	0.00248
61.4	76	19.16	DVDGetCommandBlockStatus	main/dolphin/dvd/DVD_range_800A7728	src/dolphin/dvd/DVD_range_800A7728.c	0.00246
61.2	184	66.74	fn_800BB30C	main/dolphin/sdk_range_800BB30C_prefix	src/dolphin/sdk_range_800BB30C_prefix.c	0.00245
60.4	164	63.2	msgctrlPalette	main/game/msgctrl_candidate_80131FF4	src/game/msgctrl_candidate_80131FF4.c	0.00242
60.3	260	76.82	fightOutPokemonCreateFightActionUseItem	main/game/fight_out_pokemon	src/game/fight_out_pokemon.c	0.00242
60.0	188	68.06	OSInitContext	main/dolphin/sdk_range_8009BD84	src/dolphin/sdk_range_8009BD84.c	0.0024
60.0	60	0.0	__OSGetEffectivePriority	main/dolphin/os/OSThread		0.0024
60.0	60	0.0	OSYieldThread	main/dolphin/os/OSThread		0.0024
59.7	296	79.82	dataGetSample	main/musyx/runtime/synthdata_candidate_801521B8	src/musyx/runtime/synthdata_candidate_801521B8.c	0.00239
59.2	76	22.11	__save_gpr	main/dolphin/sdk_range_800C470C	src/dolphin/sdk_range_800C470C.c	0.00237
58.9	1060	94.45	updateAnimation__Ff15HEROMOVE_MEMBER	main/game/hero_move	src/game/hero_move.c	0.00236
58.4	88	33.64	PSMTXScaleApply	main/dolphin/sdk_range_800A2D38	src/dolphin/sdk_range_800A2D38.c	0.00234
58.1	300	80.64	GSresAllocResourceAlign	main/game/gs_res	src/game/gs_res.c	0.00233
58.1	300	80.64	GSresAllocResource	main/game/gs_res	src/game/gs_res.c	0.00233
58.0	172	66.26	fn_800F7D38	main/game/input/input	src/game/input/input.c	0.00232
58.0	172	66.26	fn_800F7C8C	main/game/input/input	src/game/input/input.c	0.00232
56.8	180	68.44	GXLoadTexMtxImm	main/dolphin/sdk_candidate_800BD58C	src/dolphin/sdk_candidate_800BD58C.c	0.00228
56.0	56	0.0	fn_8016824C	main/game/gs_dvd_candidate_80167FA8	src/game/gs_dvd_candidate_80167FA8.c	0.00224
56.0	56	0.0	fn_80168164	main/game/gs_dvd_candidate_80167FA8	src/game/gs_dvd_candidate_80167FA8.c	0.00224
56.0	56	0.0	fn_80167E98	main/game/gs_dvd_candidate_80167E64	src/game/gs_dvd_candidate_80167E64.c	0.00224
56.0	56	0.0	fn_80167DD8	main/game/gs_dvd_candidate_80167040	src/game/gs_dvd_candidate_80167040.c	0.00224
56.0	56	0.0	fn_80167BB0	main/game/gs_dvd_candidate_80167040	src/game/gs_dvd_candidate_80167040.c	0.00224
56.0	56	0.0	_partFindIndexCB__FP9_HSD_JObjPPvi	main/game/gs_part	src/game/gs_part.c	0.00224
55.7	328	83.02	fn_800164D0	main/game/gs_pokemon_summary	src/game/gs_pokemon_summary.c	0.00223
55.7	156	64.31	SIEnablePolling	main/dolphin/si/SI_range_800CF764	src/dolphin/si/SI_range_800CF764.c	0.00223
55.6	136	59.12	fn_800F80B0	main/game/input/input	src/game/input/input.c	0.00223
55.2	252	78.1	HSD_LObjLoadDesc	main/hsd/hsd_lobj	src/hsd/hsd_lobj.c	0.00221
55.2	76	27.37	__save_fpr	main/dolphin/sdk_range_800C470C	src/dolphin/sdk_range_800C470C.c	0.00221
55.2	76	27.37	PSMTXTransApply	main/dolphin/sdk_range_800A2D38	src/dolphin/sdk_range_800A2D38.c	0.00221
55.0	428	87.15	GSgfxDLEnd	main/game/gs_gfx_dl	src/game/gs_gfx_dl.c	0.0022
54.3	464	88.3	HSD_AObjInterpretAnim	main/hsd/hsd_aobj_candidate_801C028C	src/hsd/hsd_aobj_candidate_801C028C.c	0.00218
54.2	308	82.4	fn_800D29A0	main/game/gs_render_util_candidate_800D27FC	src/game/gs_render_util_candidate_800D27FC.c	0.00217
53.6	116	53.79	GSmsgIsCheck	main/game/gs_msg	src/game/gs_msg.c	0.00215
53.4	544	90.18	_fightFloorCreateFightOutPokemonPtrAry__FP11FIGHT_FLOORPP15FightOutPokemonbUcP15FightOutPokemon	main/game/fight_floor_candidate_801F61EC	src/game/fight_floor_candidate_801F61EC.c	0.00214
53.4	264	79.76	figthOutPokemonGetSoubiItemBuff	main/game/fight_out_pokemon	src/game/fight_out_pokemon.c	0.00214
53.0	256	79.28	fn_800BCCDC	main/dolphin/sdk_candidate_800BC8F8	src/dolphin/sdk_candidate_800BC8F8.c	0.00212
52.8	1552	96.6	fn_800792D8	main/game/menu/menu_range_8007109C	src/game/menu/menu_range_8007109C.c	0.00212
52.8	72	26.67	fn_801D139C	main/game/mail_candidate_801D1338	src/game/mail_candidate_801D1338.c	0.00212
52.3	816	93.59	fn_800246FC	main/game/gs_title_candidate_800246FC	src/game/gs_title_candidate_800246FC.c	0.0021
52.2	372	85.97	fightFloorIsGcHeroWin	main/game/fight_floor_candidate_801F1B14	src/game/fight_floor_candidate_801F1B14.c	0.00209
52.1	760	93.15	_dbgMenuGetItemNo__FP14tagWINDOW_WORKl	main/game/dbgMenu_candidate_801337E4	src/game/dbgMenu_candidate_801337E4.c	0.00209
52.0	92	43.48	__cvt_fp2unsigned	main/crt/global_destructor_chain_candidate_800C46B0	src/crt/global_destructor_chain_candidate_800C46B0.c	0.00208
52.0	52	0.0	fn_80167E64	main/game/gs_dvd_candidate_80167E64	src/game/gs_dvd_candidate_80167E64.c	0.00208
52.0	52	0.0	HSD_GetNbBits	main/hsd/hsd_util	src/hsd/hsd_util.c	0.00208
51.6	272	81.01	fightTrainerCheckDoFight	main/game/fight_trainer_range_801FA524	src/game/fight_trainer_range_801FA524.c	0.00207
51.4	740	93.05	_fightMenuFightTrainerGcHeroOpenMenuSubWaza__FP13FIGHT_TRAINERP15FightOutPokemonUs	main/game/fight_menu	src/game/fight_menu.c	0.00206
51.4	316	83.73	fightOutPokemonCreate	main/game/fight_out_pokemon	src/game/fight_out_pokemon.c	0.00206
51.2	192	73.33	fn_800AA73C	main/dolphin/pad/PAD	src/dolphin/pad/PAD.c	0.00205
51.1	1296	96.06	fn_80078D5C	main/game/menu/menu_range_8007109C	src/game/menu/menu_range_8007109C.c	0.00205
51.1	552	90.74	menuPokemonOpenSub	main/game/menuPokemon	src/game/menuPokemon.c	0.00205
51.0	208	75.48	fn_8002C014	main/game/menuShop	src/game/menuShop.c	0.00204
50.8	524	90.31	fn_80023B9C	main/game/gs_title_candidate_800232F0	src/game/gs_title_candidate_800232F0.c	0.00204
50.6	316	83.99	GSmaterialDisableExtension	main/game/gs_material_candidate_800DF248	src/game/gs_material_candidate_800DF248.c	0.00203
50.1	260	80.74	fightOutPokemonGetSoubiItemSoubiDataId	main/game/fight_out_pokemon	src/game/fight_out_pokemon.c	0.00201
50.0	60	16.6	PSVECCrossProduct	main/dolphin/sdk_candidate_800A3A78	src/dolphin/sdk_candidate_800A3A78.c	0.002
49.8	588	91.53	fightTrainerEnemyPokemonRegistAry	main/game/fight_trainer	src/game/fight_trainer.c	0.002
49.8	148	66.35	fn_800FBE7C	main/game/gs_msg	src/game/gs_msg.c	0.002
49.6	216	77.06	fn_801E5470	main/dolphin/thp/THP_range_801E1B54	src/dolphin/thp/THP_range_801E1B54.c	0.00199
49.6	212	76.62	fn_801E4E1C	main/dolphin/thp/THP_range_801E1B54	src/dolphin/thp/THP_range_801E1B54.c	0.00199
49.0	452	89.16	fn_800D1B3C	main/game/gs_render_util	src/game/gs_render_util.c	0.00196
48.8	1764	97.23	CObjForeachAnim	main/hsd/hsd_aobj_candidate_801C028C	src/hsd/hsd_aobj_candidate_801C028C.c	0.00196
48.8	68	28.24	fn_801D142C	main/game/mail_candidate_801D142C	src/game/mail_candidate_801D142C.c	0.00196
48.4	260	81.38	fn_800AAE34	main/dolphin/pad/PAD	src/dolphin/pad/PAD.c	0.00194
48.0	84	42.86	PSMTXMultVecSR	main/dolphin/sdk_range_800A37CC	src/dolphin/sdk_range_800A37CC.c	0.00192
48.0	84	42.86	PSMTXMultVec	main/dolphin/sdk_range_800A37CC	src/dolphin/sdk_range_800A37CC.c	0.00192
48.0	48	0.0	strchr	main/crt/string_range_800CA78C		0.00192
48.0	48	0.0	fn_8016821C	main/game/gs_dvd_candidate_80167FA8	src/game/gs_dvd_candidate_80167FA8.c	0.00192
48.0	48	0.0	fn_80167EF8	main/game/gs_dvd_candidate_80167E64	src/game/gs_dvd_candidate_80167E64.c	0.00192
48.0	48	0.0	fn_80167A6C	main/game/gs_dvd_candidate_80167040	src/game/gs_dvd_candidate_80167040.c	0.00192
48.0	48	0.0	_gsdvdError_MsgOpen	main/game/gs_dvd_candidate_80167040	src/game/gs_dvd_candidate_80167040.c	0.00192
48.0	48	0.0	__OSReschedule	main/dolphin/os/OSThread		0.00192
48.0	48	0.0	OSSwitchFiber	main/dolphin/os/OSContext		0.00192
47.9	68	29.53	AlarmHandler_800A63C8	main/dolphin/dvd/DVD_range_800A63C8	src/dolphin/dvd/DVD_range_800A63C8.c	0.00192
47.1	208	77.37	DVDReadAbsAsyncForBS	main/dolphin/dvd/DVD_range_800A6684	src/dolphin/dvd/DVD_range_800A6684.c	0.00189
47.0	332	85.84	fn_80203198	main/game/fight_out_pokemon_candidate_80202810	src/game/fight_out_pokemon_candidate_80202810.c	0.00188
47.0	220	78.65	DVDReadAbsAsyncPrio	main/dolphin/dvd/DVD_range_800A6684	src/dolphin/dvd/DVD_range_800A6684.c	0.00188
46.8	1572	97.02	menuDaemon	main/game/menu_candidate_80102014	src/game/menu_candidate_80102014.c	0.00188
46.4	768	93.96	fn_80023E60	main/game/gs_title_candidate_80023E60	src/game/gs_title_candidate_80023E60.c	0.00186
46.1	164	71.9	GBAInit	main/game/gba/GBA	src/game/gba/GBA.c	0.00185
45.6	564	91.91	fn_80029CC0	main/game/menuShop	src/game/menuShop.c	0.00183
45.6	104	56.19	threadExecute	main/game/gs_thread	src/game/gs_thread.c	0.00183
45.2	1532	97.05	fn_8022D6BC	main/game/fight_range_8022D6BC	src/game/fight_range_8022D6BC.c	0.00181
44.8	188	76.17	fightFloorGetFightOutPokemonPtrRandom	main/game/fight_floor_candidate_801F2350	src/game/fight_floor_candidate_801F2350.c	0.0018
44.6	440	89.87	fn_800D1D00	main/game/gs_render_util	src/game/gs_render_util.c	0.00179
44.6	100	55.36	_threadSwitch	main/game/gs_thread	src/game/gs_thread.c	0.00179
44.2	116	61.93	__GBATransfer	main/game/gba/GBAXfer	src/game/gba/GBAXfer.c	0.00177
44.0	44	0.0	memchr	main/crt/mem_range_800C811C		0.00176
44.0	44	0.0	_toolentryAlloc__FUl	main/game/gs_mem	src/game/gs_mem.c	0.00176
44.0	44	0.0	__memrchr	main/crt/mem_range_800C811C		0.00176
44.0	44	0.0	DVDLowWaitCoverClose	main/dolphin/dvd/DVDLow		0.00176
43.8	240	81.75	TRKReadBuffer_ui32	main/trk/TRKNub_candidate_800BE844	src/trk/TRKNub_candidate_800BE844.c	0.00176
43.6	2020	97.84	fn_802317E4	main/game/fight_range_80230568	src/game/fight_range_80230568.c	0.00175
43.6	228	80.89	fn_80014C38	main/game/gs_event_exec_candidate_800141BC	src/game/gs_event_exec_candidate_800141BC.c	0.00175
43.6	172	74.67	DVDGetDriveStatus	main/dolphin/dvd/DVD_range_800A7728	src/dolphin/dvd/DVD_range_800A7728.c	0.00175
42.9	272	84.24	fn_80138BBC	main/game/effect/effect_visual_candidate_80138BBC	src/game/effect/effect_visual_candidate_80138BBC.c	0.00172
42.5	224	81.02	fn_80038170	main/game/menu/pda_range_80037158	src/game/menu/pda_range_80037158.c	0.0017
42.4	144	70.56	GBAReset	main/game/gba/GBA	src/game/gba/GBA.c	0.0017
42.4	144	70.56	GBAGetStatus	main/game/gba/GBA	src/game/gba/GBA.c	0.0017
42.2	164	74.27	fn_800F7274	main/game/gs_thread_candidate_800F0424	src/game/gs_thread_candidate_800F0424.c	0.00169
42.0	504	91.67	fn_80029AC8	main/game/menuShop	src/game/menuShop.c	0.00168
41.8	188	77.77	GSmsgGetLength	main/game/gs_msg	src/game/gs_msg.c	0.00168
41.6	164	74.63	scriptGetDarkPokemonNum	main/game/field_range_801CAF0C	src/game/field_range_801CAF0C.c	0.00167
41.4	80	48.25	GXLoadPosMtxImm	main/dolphin/sdk_candidate_800BD454	src/dolphin/sdk_candidate_800BD454.c	0.00166
40.6	428	90.52	fn_800D258C	main/game/gs_render_util_candidate_800D258C	src/game/gs_render_util_candidate_800D258C.c	0.00163
40.4	448	90.98	fn_80119BD0	main/game/field_candidate_80119BD0	src/game/field_candidate_80119BD0.c	0.00162
40.4	412	90.2	fn_800DC6D8	main/game/gs_light_candidate_800DC560	src/game/gs_light_candidate_800DC560.c	0.00162
40.2	112	64.11	windowDrawSprite	main/game/window_candidate_801040F0	src/game/window_candidate_801040F0.c	0.00161
40.0	40	0.0	fn_80167ED0	main/game/gs_dvd_candidate_80167E64	src/game/gs_dvd_candidate_80167E64.c	0.0016
40.0	40	0.0	_sndInitStack	main/game/gs_dvd_candidate_80167040	src/game/gs_dvd_candidate_80167040.c	0.0016
39.6	92	56.96	OSSetCurrentContext	main/dolphin/os/OSContext_range_8009B914	src/dolphin/os/OSContext_range_8009B914.c	0.00159
39.5	476	91.7	pokemonToMenuPokemonStatusSubBar	main/game/pokemon_range_8011FCA4	src/game/pokemon_range_8011FCA4.c	0.00158
39.5	80	50.65	gbaCommandSetKeyState	main/game/gba/gba_misc_candidate_8008ABE4	src/game/gba/gba_misc_candidate_8008ABE4.c	0.00158
39.2	392	90.0	fn_80016348	main/game/gs_pokemon_summary	src/game/gs_pokemon_summary.c	0.00157
39.2	308	87.26	fightFloorSortFightOutPokemonPtrArySub	main/game/fight_floor_candidate_801F3BB4	src/game/fight_floor_candidate_801F3BB4.c	0.00157
39.0	480	91.88	fn_80032ED8	main/game/gs_npc_event_candidate_8003037C	src/game/gs_npc_event_candidate_8003037C.c	0.00156
39.0	160	75.65	fn_800F6AB4	main/game/gs_thread_candidate_800F0424	src/game/gs_thread_candidate_800F0424.c	0.00156
39.0	140	72.14	dataGetMacro	main/musyx/runtime/synthdata_candidate_8015211C	src/musyx/runtime/synthdata_candidate_8015211C.c	0.00156
38.8	644	93.97	fn_80211B94	main/game/fight_range_80211A00	src/game/fight_range_80211A00.c	0.00156
38.4	400	90.41	fightTrainerSelectIrekaeFightPokemon	main/game/fight_trainer_range_801F9130	src/game/fight_trainer_range_801F9130.c	0.00154
38.3	224	82.89	fn_8006E258	main/game/menu/menu_middle_range_8006B9B8	src/game/menu/menu_middle_range_8006B9B8.c	0.00154
38.2	196	80.49	GSmsgSetFontInfo	main/game/gs_msg	src/game/gs_msg.c	0.00153
38.2	116	67.07	fn_8017F6B4	main/game/gs_range_8017F2C4	src/game/gs_range_8017F2C4.c	0.00153
38.1	88	56.73	__AICallbackStackSwitch	main/dolphin/sdk_range_800AC6D4	src/dolphin/sdk_range_800AC6D4.c	0.00153
38.0	184	79.35	__sys_free	main/dolphin/sdk_range_800C470C	src/dolphin/sdk_range_800C470C.c	0.00152
37.6	140	73.14	scriptGetPokemonNum	main/game/field_range_801CAF0C	src/game/field_range_801CAF0C.c	0.00151
37.2	176	78.86	fn_80020EA4	main/game/gs_title_candidate_80020EA4	src/game/gs_title_candidate_80020EA4.c	0.00149
37.0	256	85.55	toolentryTaisenSetEtnryPokemonOrder	main/game/toolentry_candidate_8025D644	src/game/toolentry_candidate_8025D644.c	0.00148
36.4	68	46.47	PSVECMag	main/dolphin/sdk_candidate_800A3A78	src/dolphin/sdk_candidate_800A3A78.c	0.00146
36.0	40	10.0	fn_800EFD14	main/game/gs_texture_candidate_800EF5FC	src/game/gs_texture_candidate_800EF5FC.c	0.00144
36.0	36	0.0	fn_80167E10	main/game/gs_dvd_candidate_80167040	src/game/gs_dvd_candidate_80167040.c	0.00144
36.0	36	0.0	fn_800C1218	main/trk/TRKInterrupt		0.00144
36.0	36	0.0	fn_800C11F4	main/trk/TRKInterrupt		0.00144
35.8	252	85.81	heroMoveTermEvent	main/game/hero_move	src/game/hero_move.c	0.00143
35.4	1104	96.79	fn_8002A618	main/game/menuShop	src/game/menuShop.c	0.00142
35.2	176	80.0	fn_8006B2A4	main/game/menu/menu_middle_range_8006B2A4	src/game/menu/menu_middle_range_8006B2A4.c	0.00141
35.2	44	20.0	PSMTXIdentity	main/dolphin/sdk_range_800A2D38	src/dolphin/sdk_range_800A2D38.c	0.00141
35.1	136	74.18	usr_puts_serial	main/dolphin/sdk_range_800BF33C	src/dolphin/sdk_range_800BF33C.c	0.00141
35.0	240	85.42	fightOutPokemonCreateFightActionAttackWaza	main/game/fight_out_pokemon	src/game/fight_out_pokemon.c	0.0014
34.8	100	65.2	fn_800F7108	main/game/gs_thread_candidate_800F0424	src/game/gs_thread_candidate_800F0424.c	0.00139
34.6	444	92.21	fightTrainerSelectFightAction	main/game/fight_trainer_range_801F9130	src/game/fight_trainer_range_801F9130.c	0.00139
34.6	108	67.96	fn_8017F794	main/game/gs_range_8017F2C4	src/game/gs_range_8017F2C4.c	0.00139
34.6	108	67.96	fn_8017F728	main/game/gs_range_8017F2C4	src/game/gs_range_8017F2C4.c	0.00139
34.3	276	87.58	fn_80022720	main/game/gs_title_candidate_8002217C	src/game/gs_title_candidate_8002217C.c	0.00137
33.8	388	91.29	fn_8018BF24	main/game/people/people	src/game/people/people.c	0.00135
33.7	252	86.63	GSlightSetupLights	main/game/gs_light_candidate_800DCC84	src/game/gs_light_candidate_800DCC84.c	0.00135
33.5	228	85.32	fn_8006B5D0	main/game/menu/menu_middle_range_8006B5D0	src/game/menu/menu_middle_range_8006B5D0.c	0.00134
33.4	324	89.69	fn_8002AEF8	main/game/menuShop	src/game/menuShop.c	0.00134
33.4	40	16.5	__shr2i	main/dolphin/sdk_range_800C470C	src/dolphin/sdk_range_800C470C.c	0.00134
33.3	104	68.0	pcboxGetItem	main/game/pcbox_candidate_8013433C	src/game/pcbox_candidate_8013433C.c	0.00133
33.2	752	95.59	HSD_FObjLoadDesc	main/hsd/hsd_dobj	src/hsd/hsd_dobj.c	0.00133
33.2	168	80.24	__close_all	main/dolphin/sdk_range_800C5458	src/dolphin/sdk_range_800C5458.c	0.00133
32.8	132	75.15	fn_800BC66C	main/dolphin/sdk_range_800BC618	src/dolphin/sdk_range_800BC618.c	0.00131
32.7	248	86.81	pcboxAddItem	main/game/pcbox_candidate_8013433C	src/game/pcbox_candidate_8013433C.c	0.00131
32.6	244	86.62	__OSResetSWInterruptHandler	main/dolphin/os/OSReset	src/dolphin/os/OSReset.c	0.00131
32.6	196	83.37	__flush_buffer	main/dolphin/sdk_range_800C5458	src/dolphin/sdk_range_800C5458.c	0.00131
32.6	188	82.64	fn_80019938	main/game/menuPokemon	src/game/menuPokemon.c	0.00131
32.2	108	70.22	__GBASync	main/game/gba/GBAXfer	src/game/gba/GBAXfer.c	0.00129
32.0	184	82.61	fn_80029EF4	main/game/menuShop	src/game/menuShop.c	0.00128
32.0	88	63.64	debugMenuColorBarDisp	main/game/dbgMenu	src/game/dbgMenu.c	0.00128
32.0	32	0.0	fn_801BF4C4	main/hsd/hsd_util	src/hsd/hsd_util.c	0.00128
32.0	32	0.0	fn_80167E34	main/game/gs_dvd_candidate_80167040	src/game/gs_dvd_candidate_80167040.c	0.00128
32.0	32	0.0	fn_800A1208	main/dolphin/sdk_range_800A0D00	src/dolphin/sdk_range_800A0D00.c	0.00128
31.6	380	91.68	GSgappCreate	main/game/gs_gapp	src/game/gs_gapp.c	0.00127
31.6	212	85.09	heroMoveAddStepCallback	main/game/hero_move	src/game/hero_move.c	0.00127
31.4	96	67.25	GSresGetResource	main/game/gs_res	src/game/gs_res.c	0.00126
31.2	628	95.03	fn_8020DAD0	main/game/fight_candidate_8020DA14	src/game/fight_candidate_8020DA14.c	0.00125
31.2	36	13.33	fn_800C4C74	main/dolphin/sdk_range_800C470C	src/dolphin/sdk_range_800C470C.c	0.00125
31.0	300	89.65	_fightFloorGetValidFightOutPokemonCountSub__FPvUsPv	main/game/fight_floor_candidate_801F26A8	src/game/fight_floor_candidate_801F26A8.c	0.00124
31.0	232	86.64	TRKReadBuffer1_ui64	main/trk/TRKNub_candidate_800BE844	src/trk/TRKNub_candidate_800BE844.c	0.00124
30.6	1512	97.98	fn_80224158	main/game/fight_range_80224158	src/game/fight_range_80224158.c	0.00123
30.6	252	87.86	TRKAppendBuffer_ui32	main/trk/TRKNub_candidate_800BE844	src/trk/TRKNub_candidate_800BE844.c	0.00123
30.3	232	86.93	fn_8006ACCC	main/game/menu/menu_middle_range_8006ACCC	src/game/menu/menu_middle_range_8006ACCC.c	0.00121
30.2	144	79.03	fn_800BD7A0	main/dolphin/sdk_candidate_800BD7A0	src/dolphin/sdk_candidate_800BD7A0.c	0.00121
30.0	388	92.27	fn_800F67C8	main/game/gs_thread_candidate_800F0424	src/game/gs_thread_candidate_800F0424.c	0.0012
29.8	276	89.2	fn_801653CC	main/game/gs_range_801653CC_prefix	src/game/gs_range_801653CC_prefix.c	0.00119
29.3	312	90.62	HSD_MObjCompileTev	main/hsd/hsd_mobj_candidate_801A6FF0	src/hsd/hsd_mobj_candidate_801A6FF0.c	0.00117
29.2	344	91.5	fn_8021CA00	main/game/fight_range_8021CA00	src/game/fight_range_8021CA00.c	0.00117
29.0	164	82.29	menuFightDrawSecretSelect	main/game/menuFight	src/game/menuFight.c	0.00116
29.0	36	19.44	__shl2i	main/dolphin/sdk_range_800C470C	src/dolphin/sdk_range_800C470C.c	0.00116
28.8	120	76.0	fn_80211A00	main/game/fight_range_80211A00	src/game/fight_range_80211A00.c	0.00115
28.8	52	44.62	PSMTXCopy	main/dolphin/sdk_range_800A2D38	src/dolphin/sdk_range_800A2D38.c	0.00115
28.6	296	90.32	fn_8017C5B8	main/game/fsys/fsys_file_candidate_8017C5B8	src/game/fsys/fsys_file_candidate_8017C5B8.c	0.00115
28.4	192	85.21	fn_80057948	main/game/menu/menuCB_suffix_80056B74	src/game/menu/menuCB_suffix_80056B74.c	0.00114
28.2	468	93.98	fightFloorLoopValidFightOutPokemon	main/game/fight_floor_candidate_801F37B0	src/game/fight_floor_candidate_801F37B0.c	0.00113
28.2	248	88.63	GSgfxEndBackFBCapture	main/game/gs_gfx_backfb	src/game/gs_gfx_backfb.c	0.00113
28.2	68	58.53	PSVECNormalize	main/dolphin/sdk_candidate_800A3A78	src/dolphin/sdk_candidate_800A3A78.c	0.00113
28.1	1840	98.47	fn_802232F4	main/game/fight_range_802230BC	src/game/fight_range_802230BC.c	0.00113
28.0	684	95.91	fn_80017A0C	main/game/gs_pokemon_summary_candidate_8001793C	src/game/gs_pokemon_summary_candidate_8001793C.c	0.00112
28.0	624	95.51	fn_8003258C	main/game/gs_npc_event_candidate_8003037C	src/game/gs_npc_event_candidate_8003037C.c	0.00112
27.9	44	36.64	fn_801D1338	main/game/mail_candidate_801D1338	src/game/mail_candidate_801D1338.c	0.00112
27.8	236	88.2	pcboxDelItem	main/game/pcbox_candidate_8013433C	src/game/pcbox_candidate_8013433C.c	0.00111
27.8	160	82.6	fn_801E1D7C	main/dolphin/thp/THP_range_801E1B54	src/dolphin/thp/THP_range_801E1B54.c	0.00111
27.5	148	81.43	GSgappUpdate	main/game/gs_gapp	src/game/gs_gapp.c	0.0011
27.3	356	92.33	HSD_LObjGetLightVector	main/hsd/hsd_lobj	src/hsd/hsd_lobj.c	0.00109
27.0	148	81.78	_dbgMenuGetMenuNum__FP14tagWINDOW_WORKPl	main/game/dbgMenu_candidate_801337E4	src/game/dbgMenu_candidate_801337E4.c	0.00108
27.0	52	48.08	GXSetZMode	main/dolphin/sdk_candidate_800BC8F8	src/dolphin/sdk_candidate_800BC8F8.c	0.00108
26.8	312	91.41	fn_80024BA4	main/game/gs_title_candidate_800246FC	src/game/gs_title_candidate_800246FC.c	0.00107
26.8	224	88.04	fn_80056B74	main/game/menu/menuCB_suffix_80056B74	src/game/menu/menuCB_suffix_80056B74.c	0.00107
26.6	248	89.26	TRKNubMainLoop	main/dolphin/sdk_candidate_800BE348	src/dolphin/sdk_candidate_800BE348.c	0.00107
26.4	428	93.83	fn_801887D8	main/game/people/people	src/game/people/people.c	0.00106
26.4	388	93.2	fn_8011B2C0	main/game/field_candidate_8011B2C0	src/game/field_candidate_8011B2C0.c	0.00106
26.4	220	88.0	_psListDelete	main/game/ps_candidate_80168C64	src/game/ps_candidate_80168C64.c	0.00106
26.2	1468	98.22	fn_80213E94	main/game/fight_range_80213A78	src/game/fight_range_80213A78.c	0.00105
26.0	1064	97.56	pokemonCreateSequence	main/game/pokemon_range_80121C18	src/game/pokemon_range_80121C18.c	0.00104
26.0	852	96.94	JObjForeachAnim	main/hsd/hsd_aobj_candidate_801C028C	src/hsd/hsd_aobj_candidate_801C028C.c	0.00104
26.0	200	87.0	scriptGetDarkPointZeroPokemonNum	main/game/field_range_801CAF0C	src/game/field_range_801CAF0C.c	0.00104
25.9	156	83.41	threadSaveFPRRegisters	main/game/gs_thread	src/game/gs_thread.c	0.00104
25.6	244	89.49	SIUnregisterPollingHandler	main/dolphin/si/SI_range_800CF764	src/dolphin/si/SI_range_800CF764.c	0.00103
25.6	116	77.93	fn_800BC36C	main/dolphin/sdk_candidate_800BB81C	src/dolphin/sdk_candidate_800BB81C.c	0.00103
25.5	172	85.19	scriptStoreTemochiPokemon	main/game/field_candidate_801CAA08	src/game/field_candidate_801CAA08.c	0.00102
25.4	392	93.52	fn_8002B40C	main/game/menuShop	src/game/menuShop.c	0.00102
25.4	328	92.26	fightOutPokemonCheckValid	main/game/fight_out_pokemon	src/game/fight_out_pokemon.c	0.00102
25.2	416	93.94	fightFloorSetFightResultId	main/game/fight_floor_candidate_801F37B0	src/game/fight_floor_candidate_801F37B0.c	0.00101
25.2	376	93.3	fightFloorSetTimeOutAllFightResult	main/game/fight_floor_candidate_801F1588	src/game/fight_floor_candidate_801F1588.c	0.00101
25.0	640	96.1	OSExceptionInit	main/dolphin/sdk_range_80098108	src/dolphin/sdk_range_80098108.c	0.001
24.9	196	87.31	fn_80068F84	main/game/menu/menuCB_range_80068794	src/game/menu/menuCB_range_80068794.c	0.001
24.9	60	58.53	fn_8013308C	main/game/dbgMenu	src/game/dbgMenu.c	0.001
24.9	60	58.53	fn_80133050	main/game/dbgMenu	src/game/dbgMenu.c	0.001
24.8	208	88.08	fightWazaIsMix	main/game/fight_out_pokemon_suffix_80207C6C	src/game/fight_out_pokemon_suffix_80207C6C.c	0.00099
24.6	776	96.83	fn_80022834	main/game/gs_title_candidate_8002217C	src/game/gs_title_candidate_8002217C.c	0.00099
24.6	484	94.92	fightActionFlowFightOutPokemonOutWaza	main/game/fight_action_candidate_8020B058	src/game/fight_action_candidate_8020B058.c	0.00099
24.6	104	76.31	fn_80019070	main/game/menuPokemon	src/game/menuPokemon.c	0.00099
24.4	372	93.44	LObjRelease_801A40F8	main/hsd/hsd_lobj	src/hsd/hsd_lobj.c	0.00098
24.2	116	79.14	GSresInit	main/game/gs_res	src/game/gs_res.c	0.00097
24.0	232	89.66	fn_8005D2E8	main/game/menu/menuColosseumBattle_tail_candidate_8005D2E8	src/game/menu/menuColosseumBattle_tail_candidate_8005D2E8.c	0.00096
24.0	232	89.66	fn_8005D184	main/game/menu/menuColosseumBattle_tail	src/game/menu/menuColosseumBattle_tail.c	0.00096
24.0	220	89.09	fn_8005D5CC	main/game/menu/menuColosseumBattle_tail_candidate_8005D5CC	src/game/menu/menuColosseumBattle_tail_candidate_8005D5CC.c	0.00096
24.0	52	53.77	__GBASyncCallback	main/game/gba/GBAXfer	src/game/gba/GBAXfer.c	0.00096
24.0	44	45.45	dbgMenuGSmemDispMap	main/game/dbgMenu	src/game/dbgMenu.c	0.00096
24.0	24	0.0	fn_80167DC0	main/game/gs_dvd_candidate_80167040	src/game/gs_dvd_candidate_80167040.c	0.00096
24.0	24	0.0	fn_800A4C94	main/dolphin/dvd/DVDLow		0.00096
23.6	2300	98.97	fn_802284B0	main/game/fight_range_802274F0	src/game/fight_range_802274F0.c	0.00095
23.5	568	95.87	doWazaSequence	main/game/evolution	src/game/evolution.c	0.00094
23.2	332	93.01	fightTrainerHokakuThrowEffect	main/game/fight_trainer_range_801FBAD4	src/game/fight_trainer_range_801FBAD4.c	0.00093
23.0	3928	99.41	macHandleActive	main/musyx/runtime/synthmacros_candidate_801557EC	src/musyx/runtime/synthmacros_candidate_801557EC.c	0.00092
23.0	420	94.52	fn_800D27FC	main/game/gs_render_util_candidate_800D27FC	src/game/gs_render_util_candidate_800D27FC.c	0.00092
23.0	400	94.25	fn_801812E8	main/game/people/people	src/game/people/people.c	0.00092
22.9	196	88.33	menuCBPokemonEntryTexWorkInit	main/game/menu/menuCB_range_800697F4	src/game/menu/menuCB_range_800697F4.c	0.00092
22.7	340	93.33	HSD_MObjSetup	main/hsd/hsd_mobj_candidate_801A6E24	src/hsd/hsd_mobj_candidate_801A6E24.c	0.00091
22.5	3352	99.33	fightFloorGetStatus	main/game/fight_floor_candidate_801F54A4	src/game/fight_floor_candidate_801F54A4.c	0.0009
22.4	492	95.45	fn_800298DC	main/game/menuShop	src/game/menuShop.c	0.0009
22.4	300	92.52	winSeqSetMenu	main/game/win_sequence_candidate_80107170	src/game/win_sequence_candidate_80107170.c	0.0009
22.4	256	91.25	fn_8007D79C	main/game/menu/menu_carde_matrix	src/game/menu/menu_carde_matrix.c	0.0009
22.2	92	75.87	GSmsgSetColor	main/game/gs_msg	src/game/gs_msg.c	0.00089
21.9	2904	99.25	__CARDUnlock	main/dolphin/sdk_candidate_800B0694	src/dolphin/sdk_candidate_800B0694.c	0.00088
21.8	384	94.32	fightTrainerCheckCanIrekaeFightPokemon	main/game/fight_trainer_range_801F87CC	src/game/fight_trainer_range_801F87CC.c	0.00087
21.6	116	81.38	fn_800BC2F8	main/dolphin/sdk_candidate_800BB81C	src/dolphin/sdk_candidate_800BB81C.c	0.00087
21.6	40	46.0	PSVECSquareDistance	main/dolphin/sdk_candidate_800A3A78	src/dolphin/sdk_candidate_800A3A78.c	0.00087
21.2	280	92.43	fn_800F9AEC	main/game/gs_msg	src/game/gs_msg.c	0.00085
21.2	240	91.17	fightTrainerBallThrowEffect	main/game/fight_trainer_range_801FBAD4	src/game/fight_trainer_range_801FBAD4.c	0.00085
21.1	136	84.5	fn_801E189C	main/game/gs_candidate_801E189C	src/game/gs_candidate_801E189C.c	0.00085
21.0	636	96.7	cbWazaForget	main/game/evolution	src/game/evolution.c	0.00084
21.0	376	94.41	fn_8025DF38	main/game/pokemon_relive	src/game/pokemon_relive.c	0.00084
21.0	208	89.9	fn_801902E0	main/game/gs_range_8018FE30	src/game/gs_range_8018FE30.c	0.00084
21.0	148	85.81	GSmsgGetGSchar	main/game/gs_msg	src/game/gs_msg.c	0.00084
20.9	280	92.54	pokemonWazaCreate	main/game/pokemon_range_80123D58	src/game/pokemon_range_80123D58.c	0.00084
20.8	404	94.85	fn_80107F38	main/game/win_sequence_candidate_80107170	src/game/win_sequence_candidate_80107170.c	0.00083
20.8	148	85.95	toolentryTaisenGetEntryPokemonNum	main/game/toolentry_candidate_8025D788	src/game/toolentry_candidate_8025D788.c	0.00083
20.7	340	93.91	fn_8017C414	main/game/fsys/fsys_file_candidate_8017C39C	src/game/fsys/fsys_file_candidate_8017C39C.c	0.00083
20.6	552	96.27	HSD_JObjResolveRefs	main/hsd/hsd_jobj_residual_801A0D94	src/hsd/hsd_jobj_residual_801A0D94.c	0.00083
20.5	340	93.98	fn_800F6BC4	main/game/gs_thread_candidate_800F0424	src/game/gs_thread_candidate_800F0424.c	0.00082
20.4	2220	99.08	fn_80211E18	main/game/fight_range_80211A00	src/game/fight_range_80211A00.c	0.00082
20.4	192	89.38	fightSideSetStatus	main/game/fight_side_candidate_801F75F8	src/game/fight_side_candidate_801F75F8.c	0.00082
20.4	48	57.5	fn_801808B4	main/game/gs_range_8017F2C4	src/game/gs_range_8017F2C4.c	0.00082
20.2	148	86.35	fightAbicntDoKakeWaru	main/game/fight_trainer	src/game/fight_trainer.c	0.00081
20.2	148	86.35	C_MTXLightFrustum	main/dolphin/sdk_range_800A2D38	src/dolphin/sdk_range_800A2D38.c	0.00081
20.1	160	87.45	_psListClear	main/game/ps_candidate_80168C64	src/game/ps_candidate_80168C64.c	0.00081
20.0	20	0.0	fn_800A4C80	main/dolphin/dvd/DVDLow		0.0008
19.6	588	96.67	LObjUpdateFunc	main/hsd/hsd_lobj	src/hsd/hsd_lobj.c	0.00079
19.4	104	81.35	fn_800BC290	main/dolphin/sdk_candidate_800BB81C	src/dolphin/sdk_candidate_800BB81C.c	0.00078
19.4	104	81.35	fn_800BC228	main/dolphin/sdk_candidate_800BB81C	src/dolphin/sdk_candidate_800BB81C.c	0.00078
19.3	204	90.53	fn_800D7D90	main/game/gs_gfx_layer_candidate_800D7D90	src/game/gs_gfx_layer_candidate_800D7D90.c	0.00077
19.2	1024	98.12	fn_800F8654	main/game/gs_thread_hi_range_800F8268	src/game/gs_thread_hi_range_800F8268.c	0.00077
19.2	184	89.54	menuShopOpen	main/game/menuShop	src/game/menuShop.c	0.00077
19.2	36	46.67	PSVECSubtract	main/dolphin/sdk_candidate_800A3A78	src/dolphin/sdk_candidate_800A3A78.c	0.00077
19.2	36	46.67	PSVECAdd	main/dolphin/sdk_candidate_800A3A78	src/dolphin/sdk_candidate_800A3A78.c	0.00077
19.0	208	90.85	fn_8004DA64	main/game/menu/menu_pda_mail	src/game/menu/menu_pda_mail.c	0.00076
18.8	1296	98.55	synthHandle	main/musyx/runtime/synth_suffix_candidate_8014C0A4	src/musyx/runtime/synth_suffix_candidate_8014C0A4.c	0.00075
18.8	372	94.94	GSmodelSetTexAnimIndex	main/game/gs_model_anim_candidate_800EC35C	src/game/gs_model_anim_candidate_800EC35C.c	0.00075
18.8	356	94.72	fightFloorGetEnemyFightSideLittleNokoriHpRate	main/game/fight_floor_candidate_801F2350	src/game/fight_floor_candidate_801F2350.c	0.00075
18.6	360	94.83	fn_80183E5C	main/game/people/people	src/game/people/people.c	0.00075
18.4	460	96.0	pokemonToMenuWazaStatus	main/game/pokemon_range_8011FCA4	src/game/pokemon_range_8011FCA4.c	0.00074
18.2	376	95.16	fn_80024A2C	main/game/gs_title_candidate_800246FC	src/game/gs_title_candidate_800246FC.c	0.00073
18.2	248	92.66	psGenerateParticleID0	main/game/ps_candidate_801698F8	src/game/ps_candidate_801698F8.c	0.00073
18.0	1452	98.76	_modelResetPartAnimMixes__FP8_GSmodel	main/game/gs_model_anim_suffix_candidate_800ED8C4	src/game/gs_model_anim_suffix_candidate_800ED8C4.c	0.00072
18.0	116	84.48	fn_800BC3E0	main/dolphin/sdk_candidate_800BB81C	src/dolphin/sdk_candidate_800BB81C.c	0.00072
17.9	856	97.91	fn_80025C1C	main/game/gs_title_candidate_80025A80	src/game/gs_title_candidate_80025A80.c	0.00072
17.9	404	95.56	fn_80117330	main/game/field_camera	src/game/field_camera.c	0.00072
17.8	100	82.2	fn_801B31F4	main/hsd/hsd_texp_candidate_801B3174	src/hsd/hsd_texp_candidate_801B3174.c	0.00071
17.6	324	94.57	ceil	main/crt/math_range_800CD648	src/crt/math_range_800CD648.c	0.00071
17.6	96	81.67	GSmsgOpen	main/game/gs_msg	src/game/gs_msg.c	0.00071
17.4	1080	98.39	fn_8023A308	main/game/fight_range_8023A308	src/game/fight_range_8023A308.c	0.0007
17.4	136	87.21	fn_8006C0DC	main/game/menu/menu_middle_range_8006B9B8	src/game/menu/menu_middle_range_8006B9B8.c	0.0007
17.3	196	91.18	_dbgMenuGetLink__Fl	main/game/dbgMenu_candidate_801337E4	src/game/dbgMenu_candidate_801337E4.c	0.00069
17.2	5456	99.68	pokemonGetStatus	main/game/pokemon_range_8012640C	src/game/pokemon_range_8012640C.c	0.00069
17.2	276	93.77	fn_80016F14	main/game/gs_pokemon_summary	src/game/gs_pokemon_summary.c	0.00069
17.0	228	92.54	fn_801386DC	main/game/effect/effect_visual_candidate_801386DC	src/game/effect/effect_visual_candidate_801386DC.c	0.00068
17.0	220	92.27	fn_8007D89C	main/game/menu/menu_carde_matrix	src/game/menu/menu_carde_matrix.c	0.00068
16.8	1828	99.08	fn_8021B910	main/game/fight_range_8021B910	src/game/fight_range_8021B910.c	0.00067
16.8	432	96.11	fightTrainerEnemyPokemonEraseAry	main/game/fight_trainer	src/game/fight_trainer.c	0.00067
16.8	84	80.0	msgctrlCR	main/game/msgctrl_candidate_80131FF4	src/game/msgctrl_candidate_80131FF4.c	0.00067
16.8	32	47.5	PSVECDotProduct	main/dolphin/sdk_candidate_800A3A78	src/dolphin/sdk_candidate_800A3A78.c	0.00067
16.6	368	95.49	fn_80188984	main/game/people/people	src/game/people/people.c	0.00067
16.4	228	92.81	MObjLoad	main/hsd/hsd_mobj_candidate_801A6FF0	src/hsd/hsd_mobj_candidate_801A6FF0.c	0.00066
16.4	132	87.58	__GXSetMatrixIndex	main/dolphin/sdk_candidate_800BD7A0	src/dolphin/sdk_candidate_800BD7A0.c	0.00066
16.4	108	84.78	SISetXY	main/dolphin/si/SI_range_800CF764	src/dolphin/si/SI_range_800CF764.c	0.00066
16.4	92	82.17	fn_801ADC7C	main/hsd/hsd_pobj_range_801AA608	src/hsd/hsd_pobj_range_801AA608.c	0.00066
16.4	56	70.71	dbgMenuGSmemOptimize	main/game/dbgMenu	src/game/dbgMenu.c	0.00066
16.4	52	68.46	scriptSetEventCol	main/game/field_range_801CA7EC_prefix	src/game/field_range_801CA7EC_prefix.c	0.00066
16.2	1204	98.65	fn_8008E320	main/game/gbaCommunication_prefix	src/game/gbaCommunication_prefix.c	0.00065
16.2	208	92.21	fn_8004E440	main/game/menu/menu_pda_mail	src/game/menu/menu_pda_mail.c	0.00065
16.2	108	85.0	scriptAddPokecoupon	main/game/field_range_801CA7EC_prefix	src/game/field_range_801CA7EC_prefix.c	0.00065
16.2	72	77.44	GSmaterialResetAlpha	main/game/gs_material_candidate_800DF140	src/game/gs_material_candidate_800DF140.c	0.00065
16.1	64	74.88	__check_pad3	main/crt/__start	src/crt/__start.c	0.00065
16.1	36	55.33	TRKDestructEvent	main/dolphin/sdk_candidate_800BE348	src/dolphin/sdk_candidate_800BE348.c	0.00065
16.0	992	98.39	fightFloorLoopValidFightTrainer	main/game/fight_floor_candidate_801F2B5C	src/game/fight_floor_candidate_801F2B5C.c	0.00064
16.0	360	95.56	fn_80189328	main/game/people/people	src/game/people/people.c	0.00064
16.0	204	92.16	distortionEffectStart	main/game/effect/effect_visual_candidate_8013F344	src/game/effect/effect_visual_candidate_8013F344.c	0.00064
16.0	28	42.86	_dbgMenuGetIndex__FP14tagWINDOW_WORK	main/game/dbgMenu_candidate_801337E4	src/game/dbgMenu_candidate_801337E4.c	0.00064
16.0	24	33.33	PSVECSquareMag	main/dolphin/sdk_candidate_800A3A78	src/dolphin/sdk_candidate_800A3A78.c	0.00064
16.0	20	20.0	fn_800F02F4	main/game/gs_thread	src/game/gs_thread.c	0.00064
16.0	16	0.0	fn_801BFCA0	main/hsd/hsd_video	src/hsd/hsd_video.c	0.00064
16.0	16	0.0	fn_8009FADC	main/dolphin/sdk_candidate_8009FADC	src/dolphin/sdk_candidate_8009FADC.c	0.00064
15.9	3096	99.49	fn_80232110	main/game/fight_range_80230568	src/game/fight_range_80230568.c	0.00064
15.8	320	95.06	fn_8018C0A8	main/game/people/people	src/game/people/people.c	0.00063
15.7	300	94.77	menuFightDrawTargetSecret	main/game/menuFight	src/game/menuFight.c	0.00063
15.6	1108	98.59	fn_8008E7D4	main/game/gbaCommunication_prefix	src/game/gbaCommunication_prefix.c	0.00063
15.6	140	88.83	GXSetTevOp	main/dolphin/sdk_candidate_800BB81C	src/dolphin/sdk_candidate_800BB81C.c	0.00063
15.5	212	92.68	fn_80193828	main/hsd/hsd_range_801920E4	src/hsd/hsd_range_801920E4.c	0.00062
15.5	180	91.4	SIInit	main/dolphin/si/SI_range_800CF764	src/dolphin/si/SI_range_800CF764.c	0.00062
15.4	524	97.06	fn_8002BE08	main/game/menuShop	src/game/menuShop.c	0.00062
15.4	216	92.85	fn_80017790	main/game/gs_pokemon_summary	src/game/gs_pokemon_summary.c	0.00062
15.4	164	90.61	fn_8007CAB0	main/game/menu/menu_carde_matrix	src/game/menu/menu_carde_matrix.c	0.00062
15.4	152	89.87	TRKReadBuffer_ui8	main/trk/TRKNub_candidate_800BE844	src/trk/TRKNub_candidate_800BE844.c	0.00062
15.2	1288	98.82	fn_802274F0	main/game/fight_range_802274F0	src/game/fight_range_802274F0.c	0.00061
15.2	328	95.37	fn_8018B220	main/game/people/people	src/game/people/people.c	0.00061
15.0	188	92.02	fightKoukaDoFightKoukaJoukenAndKouka	main/game/fight_candidate_8020DA14	src/game/fight_candidate_8020DA14.c	0.0006
14.8	176	91.59	menuNameEntryDrawXButtonText	main/game/menuNameEntry	src/game/menuNameEntry.c	0.00059
14.8	96	84.58	fightFloorGetFightOutPokemonPtrAry	main/game/fight_floor_candidate_801F1B14	src/game/fight_floor_candidate_801F1B14.c	0.00059
14.6	136	89.29	scriptGetEarthRibbon	main/game/field_candidate_801CAA08	src/game/field_candidate_801CAA08.c	0.00059
14.4	324	95.56	_fightGSfloorPokemonCB__FPvUsPv	main/game/fight_gsfloor	src/game/fight_gsfloor.c	0.00058
14.4	52	72.31	fn_80039A50	main/game/menu/pda_range_80037158	src/game/menu/pda_range_80037158.c	0.00058
14.4	28	48.57	PSVECScale	main/dolphin/sdk_candidate_800A3A78	src/dolphin/sdk_candidate_800A3A78.c	0.00058
14.3	456	96.87	fn_800F7434	main/game/gs_thread_candidate_800F0424	src/game/gs_thread_candidate_800F0424.c	0.00057
14.2	300	95.27	mcmdSetADSRFromCtrl	main/musyx/runtime/synthmacros_candidate_801534CC	src/musyx/runtime/synthmacros_candidate_801534CC.c	0.00057
14.2	184	92.3	menuColosseumBattleExit	main/game/menu/menuColosseumBattle	src/game/menu/menuColosseumBattle.c	0.00057
14.2	104	86.35	fn_8002A5B0	main/game/menuShop	src/game/menuShop.c	0.00057
14.0	308	95.45	fn_800AAC00	main/dolphin/pad/PAD	src/dolphin/pad/PAD.c	0.00056
14.0	64	78.12	fn_800BD830	main/dolphin/sdk_candidate_800BD7A0	src/dolphin/sdk_candidate_800BD7A0.c	0.00056
14.0	40	65.0	PSMTXScale	main/dolphin/sdk_range_800A2D38	src/dolphin/sdk_range_800A2D38.c	0.00056
13.8	276	94.99	heroMoveSetNeckMode	main/game/hero_move	src/game/hero_move.c	0.00055
13.6	252	94.6	fn_80166D48	main/game/gs_range_801653CC_candidate_80166D48	src/game/gs_range_801653CC_candidate_80166D48.c	0.00055
13.6	156	91.28	pcboxInit	main/game/pcbox_candidate_801347E8	src/game/pcbox_candidate_801347E8.c	0.00055
13.4	1568	99.15	fn_80090100	main/game/gbaCommunication_prefix	src/game/gbaCommunication_prefix.c	0.00054
13.4	188	92.87	fightSideGetFightPokemonNum	main/game/fight_side_candidate_801F6F38	src/game/fight_side_candidate_801F6F38.c	0.00054
13.4	180	92.56	fn_8003D818	main/game/menu/pda_range_80037158	src/game/menu/pda_range_80037158.c	0.00054
13.1	228	94.26	fightFloorGetEnemyFightSideManyDamageHpRate	main/game/fight_floor_candidate_801F2350	src/game/fight_floor_candidate_801F2350.c	0.00053
13.0	912	98.57	reliveCeremonyAll	main/game/pokemon_relive	src/game/pokemon_relive.c	0.00052
13.0	268	95.15	fightTrainerTimeOutSelectFightAction	main/game/fight_trainer_range_801F9130	src/game/fight_trainer_range_801F9130.c	0.00052
13.0	196	93.37	fn_8006C018	main/game/menu/menu_middle_range_8006B9B8	src/game/menu/menu_middle_range_8006B9B8.c	0.00052
12.9	1072	98.8	fightMenuFightTrainerAgbHeroSelectIrekaeFightPokemon	main/game/fight_menu	src/game/fight_menu.c	0.00052
12.8	1712	99.25	WS_HITCHECK	main/game/fight_range_80229C28	src/game/fight_range_80229C28.c	0.00051
12.8	540	97.62	_fightActionFlowKaisiNyuujouPokemonSubAppearMsg__FP13FIGHT_TRAINERP15FightOutPokemonUsUsUsUsUc	main/game/fight_action_candidate_8020B058	src/game/fight_action_candidate_8020B058.c	0.00051
12.8	360	96.44	HSD_FObjRemoveAll	main/hsd/hsd_dobj	src/hsd/hsd_dobj.c	0.00051
12.8	288	95.56	fn_80036240	main/game/movie	src/game/movie.c	0.00051
12.8	232	94.48	fn_80014234	main/game/gs_event_exec_candidate_800141BC	src/game/gs_event_exec_candidate_800141BC.c	0.00051
12.8	220	94.18	fightFloorGetFightTrainerFightOutPokemonIsFightActionAttackWazaOut	main/game/fight_floor_candidate_801F1990	src/game/fight_floor_candidate_801F1990.c	0.00051
12.8	140	90.86	HSD_AObjRemove	main/hsd/hsd_aobj_candidate_801C028C	src/hsd/hsd_aobj_candidate_801C028C.c	0.00051
12.8	128	90.0	HSD_DObjCountVertices	main/hsd/hsd_dobj	src/hsd/hsd_dobj.c	0.00051
12.4	1108	98.88	roll2upvec	main/hsd/hsd_cobj_candidate_80194DA4	src/hsd/hsd_cobj_candidate_80194DA4.c	0.0005
12.4	412	96.99	fn_80025A80	main/game/gs_title_candidate_80025A80	src/game/gs_title_candidate_80025A80.c	0.0005
12.4	316	96.08	fn_80116D30	main/game/floor_character	src/game/floor_character.c	0.0005
12.4	140	91.14	fn_800B84E0	main/dolphin/sdk_range_800B771C	src/dolphin/sdk_range_800B771C.c	0.0005
12.3	216	94.3	__OSStopAudioSystem	main/dolphin/sdk_candidate_8009AFFC	src/dolphin/sdk_candidate_8009AFFC.c	0.00049
12.2	196	93.78	fn_800324A0	main/game/gs_npc_event_candidate_8003037C	src/game/gs_npc_event_candidate_8003037C.c	0.00049
12.1	184	93.41	fn_8006AFE4	main/game/menu/menu_middle_range_8006AFE4	src/game/menu/menu_middle_range_8006AFE4.c	0.00048
12.1	108	88.78	menuCBBios_ControlerIDtoPortID	main/game/menu/menu_middle_range_8006B154	src/game/menu/menu_middle_range_8006B154.c	0.00048
12.0	184	93.48	fn_800B8C58	main/dolphin/sdk_range_800B8AE8	src/dolphin/sdk_range_800B8AE8.c	0.00048
11.9	216	94.5	fightSideGetFightTrainerGridParam	main/game/fight_side_candidate_801F72B0	src/game/fight_side_candidate_801F72B0.c	0.00048
11.8	104	88.65	scriptAddItem	main/game/field_candidate_801CAA08	src/game/field_candidate_801CAA08.c	0.00047
11.6	1520	99.24	fn_8008D348	main/game/gbaCommunication_prefix	src/game/gbaCommunication_prefix.c	0.00046
11.1	148	92.51	dbgMenuMain	main/game/dbgMenu_candidate_801337E4	src/game/dbgMenu_candidate_801337E4.c	0.00044
11.0	212	94.79	SIGetResponseRaw	main/dolphin/si/SI_range_800CF764	src/dolphin/si/SI_range_800CF764.c	0.00044
10.8	272	96.03	menuSubOpenYesNo	main/game/menuSub	src/game/menuSub.c	0.00043
10.7	196	94.55	SIGetResponse	main/dolphin/si/SI_range_800CF764	src/dolphin/si/SI_range_800CF764.c	0.00043
10.6	188	94.36	menuNameEntryDrawTitle	main/game/menuNameEntry	src/game/menuNameEntry.c	0.00042
10.5	172	93.88	fn_80055D34	main/game/menu/menuCB_suffix_800552D4	src/game/menu/menuCB_suffix_800552D4.c	0.00042
10.4	208	95.0	fn_80057A64	main/game/menu/menuCB_suffix_80056B74	src/game/menu/menuCB_suffix_80056B74.c	0.00042
10.4	44	76.36	fn_80034F84	main/game/gs_range_80033278	src/game/gs_range_80033278.c	0.00042
10.4	44	76.36	OSRegisterVersion	main/dolphin/sdk_range_8009A0F4	src/dolphin/sdk_range_8009A0F4.c	0.00042
10.2	484	97.89	fn_8021908C	main/game/fight_range_80218FDC	src/game/fight_range_80218FDC.c	0.00041
10.2	52	80.38	PSMTXTrans	main/dolphin/sdk_range_800A2D38	src/dolphin/sdk_range_800A2D38.c	0.00041
10.0	824	98.79	fn_8021D688	main/game/fight_range_8021D40C	src/game/fight_range_8021D40C.c	0.0004
10.0	280	96.43	menuNameEntryBackDrawBall	main/game/menuNameEntry	src/game/menuNameEntry.c	0.0004
10.0	44	77.27	fn_800BCFDC	main/dolphin/sdk_candidate_800BCFDC	src/dolphin/sdk_candidate_800BCFDC.c	0.0004
10.0	44	77.27	fn_800BCE5C	main/dolphin/sdk_candidate_800BC8F8	src/dolphin/sdk_candidate_800BC8F8.c	0.0004
10.0	44	77.27	fn_800BCE30	main/dolphin/sdk_candidate_800BC8F8	src/dolphin/sdk_candidate_800BC8F8.c	0.0004
9.8	648	98.49	OSResetSystem	main/dolphin/os/OSReset	src/dolphin/os/OSReset.c	0.00039
9.8	572	98.29	fn_80229934	main/game/fight_range_80229704	src/game/fight_range_80229704.c	0.00039
9.8	568	98.27	fn_802230BC	main/game/fight_range_802230BC	src/game/fight_range_802230BC.c	0.00039
9.8	472	97.92	fn_802282D8	main/game/fight_range_802274F0	src/game/fight_range_802274F0.c	0.00039
9.7	204	95.25	fn_8006E18C	main/game/menu/menu_middle_range_8006B9B8	src/game/menu/menu_middle_range_8006B9B8.c	0.00039
9.6	64	84.94	fn_8002AB00	main/game/menuShop	src/game/menuShop.c	0.00038
9.4	396	97.63	fn_800255A4	main/game/gs_title_candidate_80024DBC	src/game/gs_title_candidate_80024DBC.c	0.00038
9.4	40	76.5	GXSetClipMode	main/dolphin/sdk_candidate_800BD7A0	src/dolphin/sdk_candidate_800BD7A0.c	0.00038
9.2	248	96.29	pokemonSearchWazaDataId	main/game/pokemon_range_801237B8	src/game/pokemon_range_801237B8.c	0.00037
9.2	152	93.95	GXSetDrawDone	main/dolphin/sdk_range_800B8AE8	src/dolphin/sdk_range_800B8AE8.c	0.00037
9.2	140	93.43	fightSeqFightActionCreateAndFlowFifo	main/game/fight_seq_candidate_80211810	src/game/fight_seq_candidate_80211810.c	0.00037
9.2	56	83.57	fn_800BD044	main/dolphin/sdk_candidate_800BCFDC	src/dolphin/sdk_candidate_800BCFDC.c	0.00037
9.0	1424	99.37	CARDCheckExAsync	main/dolphin/sdk_candidate_800B29F4	src/dolphin/sdk_candidate_800B29F4.c	0.00036
9.0	364	97.53	fn_8018BC88	main/game/people/people	src/game/people/people.c	0.00036
9.0	40	77.5	PPCMtfpscr	main/game/gbaCommunication_candidate_800937F4	src/game/gbaCommunication_candidate_800937F4.c	0.00036
9.0	36	75.0	__GXFlushTextureState	main/dolphin/sdk_candidate_800BB81C	src/dolphin/sdk_candidate_800BB81C.c	0.00036
9.0	20	55.0	fn_800D0338	main/dolphin/si/SI_range_800CF764	src/dolphin/si/SI_range_800CF764.c	0.00036
8.8	4696	99.81	fn_8022BE2C	main/game/fight_range_8022BE2C	src/game/fight_range_8022BE2C.c	0.00035
8.8	1404	99.37	fn_80202C1C	main/game/fight_out_pokemon_candidate_80202810	src/game/fight_out_pokemon_candidate_80202810.c	0.00035
8.8	1004	99.12	fn_80025F84	main/game/gs_title_candidate_80025F84	src/game/gs_title_candidate_80025F84.c	0.00035
8.8	700	98.74	fn_80232D28	main/game/fight_range_80230568	src/game/fight_range_80230568.c	0.00035
8.8	140	93.71	fn_80029850	main/game/menuShop	src/game/menuShop.c	0.00035
8.8	92	90.39	fn_8002AE9C	main/game/menuShop	src/game/menuShop.c	0.00035
8.6	636	98.65	fn_8021D40C	main/game/fight_range_8021D40C	src/game/fight_range_8021D40C.c	0.00034
8.6	316	97.28	fn_8018CA20	main/game/people/people	src/game/people/people.c	0.00034
8.6	236	96.36	fn_801CB61C	main/game/field_candidate_801CB61C	src/game/field_candidate_801CB61C.c	0.00034
8.6	160	94.62	fn_80193788	main/hsd/hsd_range_801920E4	src/hsd/hsd_range_801920E4.c	0.00034
8.6	36	76.11	HSD_MObjSetAlpha	main/hsd/hsd_mobj_candidate_801A6DDC	src/hsd/hsd_mobj_candidate_801A6DDC.c	0.00034
8.5	164	94.83	dbgMenuColisionDisp	main/game/dbgMenu	src/game/dbgMenu.c	0.00034
8.5	128	93.38	fn_8006AF44	main/game/menu/menu_middle_range_8006AF44	src/game/menu/menu_middle_range_8006AF44.c	0.00034
8.5	88	90.36	fn_8000682C	main/game/gs_task_residual_80006724	src/game/gs_task_residual_80006724.c	0.00034
8.5	88	90.36	fn_800067D4	main/game/gs_task_residual_80006724	src/game/gs_task_residual_80006724.c	0.00034
8.5	88	90.36	fn_8000677C	main/game/gs_task_residual_80006724	src/game/gs_task_residual_80006724.c	0.00034
8.5	88	90.36	fn_80006724	main/game/gs_task_residual_80006724	src/game/gs_task_residual_80006724.c	0.00034
8.5	32	73.5	PPCMffpscr	main/game/gbaCommunication_candidate_800937F4	src/game/gbaCommunication_candidate_800937F4.c	0.00034
8.4	244	96.56	fightPokemonGetSoubiItemSoubiDataId	main/game/fight_out_pokemon	src/game/fight_out_pokemon.c	0.00034
8.2	1796	99.54	fn_801C4CB8	main/game/effect/fade_range_801C4CB8	src/game/effect/fade_range_801C4CB8.c	0.00033
8.2	52	84.15	fn_80035DA0	main/game/gs_range_80033278	src/game/gs_range_80033278.c	0.00033
8.1	252	96.79	fn_80055F88	main/game/menu/menuCB_prefix_80055E38	src/game/menu/menuCB_prefix_80055E38.c	0.00032
8.0	2536	99.68	fn_8008D938	main/game/gbaCommunication_prefix	src/game/gbaCommunication_prefix.c	0.00032
8.0	916	99.13	fn_8008F190	main/game/gbaCommunication_prefix	src/game/gbaCommunication_prefix.c	0.00032
8.0	796	98.99	fn_8008C7B0	main/game/gbaCommunication_prefix	src/game/gbaCommunication_prefix.c	0.00032
8.0	780	98.97	fn_8008CACC	main/game/gbaCommunication_prefix	src/game/gbaCommunication_prefix.c	0.00032
8.0	712	98.88	fn_8008CDD8	main/game/gbaCommunication_prefix	src/game/gbaCommunication_prefix.c	0.00032
8.0	704	98.86	fn_8008EED0	main/game/gbaCommunication_prefix	src/game/gbaCommunication_prefix.c	0.00032
8.0	680	98.82	fn_8008EC28	main/game/gbaCommunication_prefix	src/game/gbaCommunication_prefix.c	0.00032
8.0	680	98.82	fn_8008D0A0	main/game/gbaCommunication_prefix	src/game/gbaCommunication_prefix.c	0.00032
8.0	672	98.81	fn_8008FBF4	main/game/gbaCommunication_prefix	src/game/gbaCommunication_prefix.c	0.00032
8.0	620	98.71	fn_8008FE94	main/game/gbaCommunication_prefix	src/game/gbaCommunication_prefix.c	0.00032
8.0	388	97.94	_cbWazaForget__FP7PokemonUsl	main/game/pokemon_relive	src/game/pokemon_relive.c	0.00032
8.0	192	95.83	fn_8004C3E4	main/game/menu/menu_pda_mail	src/game/menu/menu_pda_mail.c	0.00032
8.0	176	95.45	fn_80034708	main/game/gs_range_80033278	src/game/gs_range_80033278.c	0.00032
8.0	160	95.0	fn_80204970	main/game/fight_out_pokemon	src/game/fight_out_pokemon.c	0.00032
8.0	156	94.87	fn_801C5F6C	main/game/effect/fade_range_801C4CB8	src/game/effect/fade_range_801C4CB8.c	0.00032
8.0	156	94.87	fn_801C5ED0	main/game/effect/fade_range_801C4CB8	src/game/effect/fade_range_801C4CB8.c	0.00032
8.0	128	93.75	fn_80055E38	main/game/menu/menuCB_prefix_80055E38	src/game/menu/menuCB_prefix_80055E38.c	0.00032
8.0	128	93.75	fightFloorGetFightTrainerFightOutPokemonPtrAry	main/game/fight_floor_candidate_801F1B14	src/game/fight_floor_candidate_801F1B14.c	0.00032
8.0	120	93.33	fn_800D5648	main/game/gs_gfx_candidate_800D55D0	src/game/gs_gfx_candidate_800D55D0.c	0.00032
8.0	120	93.33	fn_800D55D0	main/game/gs_gfx_candidate_800D55D0	src/game/gs_gfx_candidate_800D55D0.c	0.00032
8.0	116	93.1	fightMenuWazaWasure	main/game/fight_menu	src/game/fight_menu.c	0.00032
8.0	108	92.59	SIDisablePolling	main/dolphin/si/SI_range_800CF764	src/dolphin/si/SI_range_800CF764.c	0.00032
8.0	80	90.0	scriptAddPokedoru	main/game/field_range_801CA7EC_prefix	src/game/field_range_801CA7EC_prefix.c	0.00032
8.0	52	84.62	fn_80133630	main/game/dbgMenu	src/game/dbgMenu.c	0.00032
8.0	52	84.62	fn_801334DC	main/game/dbgMenu	src/game/dbgMenu.c	0.00032
8.0	52	84.62	debugMenuShadowBorderDisp	main/game/dbgMenu	src/game/dbgMenu.c	0.00032
8.0	48	83.33	fn_80035D70	main/game/gs_range_80033278	src/game/gs_range_80033278.c	0.00032
8.0	48	83.33	_dbgMenuGetWin__Fl	main/game/dbgMenu_candidate_801337E4	src/game/dbgMenu_candidate_801337E4.c	0.00032
8.0	44	81.82	dbgMenuClose	main/game/dbgMenu_candidate_801337E4	src/game/dbgMenu_candidate_801337E4.c	0.00032
8.0	36	77.78	fn_801812C4	main/game/people/people	src/game/people/people.c	0.00032
8.0	36	77.78	dbgMenuSendAllMail	main/game/dbgMenu	src/game/dbgMenu.c	0.00032
8.0	32	75.0	HSD_SetEraseColor	main/hsd/hsd_cobj_candidate_80196C54	src/hsd/hsd_cobj_candidate_80196C54.c	0.00032
8.0	8	0.0	fn_800C0E68	main/trk/TRKDispatch_candidate_800C0E60	src/trk/TRKDispatch_candidate_800C0E60.c	0.00032
8.0	8	0.0	fn_800C0E60	main/trk/TRKDispatch_candidate_800C0E60	src/trk/TRKDispatch_candidate_800C0E60.c	0.00032
8.0	8	0.0	fn_800C0354	main/trk/TRKDispatch_range_800BF53C		0.00032
8.0	8	0.0	fn_800C034C	main/trk/TRKDispatch_range_800BF53C		0.00032
7.9	140	94.37	fn_8006B420	main/game/menu/menu_middle_range_8006B420	src/game/menu/menu_middle_range_8006B420.c	0.00032
7.8	152	94.87	fn_8022106C	main/game/fight_range_8022106C	src/game/fight_range_8022106C.c	0.00031
7.6	528	98.56	fightTrainerAiWazaValueKiaipanti	main/game/fight_trainer_ai_waza_value_candidate_8024DC7C	src/game/fight_trainer_ai_waza_value_candidate_8024DC7C.c	0.0003
7.6	180	95.78	fn_800BD2E0	main/dolphin/sdk_candidate_800BD16C	src/dolphin/sdk_candidate_800BD16C.c	0.0003
7.6	160	95.25	fn_800F7068	main/game/gs_thread_candidate_800F0424	src/game/gs_thread_candidate_800F0424.c	0.0003
7.2	248	97.1	fn_80014E50	main/game/gs_event_exec_candidate_800141BC	src/game/gs_event_exec_candidate_800141BC.c	0.00029
7.2	204	96.47	fn_800BC024	main/dolphin/sdk_candidate_800BB81C	src/dolphin/sdk_candidate_800BB81C.c	0.00029
7.2	120	94.0	fn_800D2150	main/game/gs_render_util_candidate_800D2150	src/game/gs_render_util_candidate_800D2150.c	0.00029
7.2	104	93.04	fn_801808E4	main/game/gs_range_8017F2C4	src/game/gs_range_8017F2C4.c	0.00029
7.2	76	90.53	__restore_gpr	main/dolphin/sdk_range_800C470C	src/dolphin/sdk_range_800C470C.c	0.00029
7.2	76	90.53	__restore_fpr	main/dolphin/sdk_range_800C470C	src/dolphin/sdk_range_800C470C.c	0.00029
7.0	524	98.66	reliveMain	main/game/pokemon_relive	src/game/pokemon_relive.c	0.00028
7.0	244	97.13	fn_801CBAB8	main/game/field_candidate_801CBA90	src/game/field_candidate_801CBA90.c	0.00028
6.8	424	98.4	fn_80024160	main/game/gs_title_candidate_80023E60	src/game/gs_title_candidate_80023E60.c	0.00027
6.8	252	97.3	_fightFloorIsIrekaeFightOutPokemonSub__FPvUsPv	main/game/fight_floor_candidate_801F32EC	src/game/fight_floor_candidate_801F32EC.c	0.00027
6.8	108	93.7	fn_800BC4C0	main/dolphin/sdk_candidate_800BB81C	src/dolphin/sdk_candidate_800BB81C.c	0.00027
6.8	108	93.7	fn_800BC454	main/dolphin/sdk_candidate_800BB81C	src/dolphin/sdk_candidate_800BB81C.c	0.00027
6.6	804	99.18	fn_80238B0C	main/game/fight_range_80238B0C	src/game/fight_range_80238B0C.c	0.00026
6.6	96	93.12	_modelShadowSetShadowFlag__FP9_HSD_JObjPPvi	main/game/gs_model_shadow_candidate_800E92D8	src/game/gs_model_shadow_candidate_800E92D8.c	0.00026
6.5	724	99.1	WS_CRITICAL_CHECK	main/game/fight_range_802274F0	src/game/fight_range_802274F0.c	0.00026
6.5	188	96.55	fn_8003792C	main/game/menu/pda_range_80037158	src/game/menu/pda_range_80037158.c	0.00026
6.5	188	96.55	fn_80037870	main/game/menu/pda_range_80037158	src/game/menu/pda_range_80037158.c	0.00026
6.5	188	96.55	fn_800377B4	main/game/menu/pda_range_80037158	src/game/menu/pda_range_80037158.c	0.00026
6.5	188	96.55	fn_800376F8	main/game/menu/pda_range_80037158	src/game/menu/pda_range_80037158.c	0.00026
6.4	388	98.35	fn_80013DFC	main/game/gs_event_exec_candidate_8001374C	src/game/gs_event_exec_candidate_8001374C.c	0.00026
6.4	244	97.38	fightPokemonGetSoubiItemDataId	main/game/fight_out_pokemon	src/game/fight_out_pokemon.c	0.00026
6.4	168	96.19	fn_8019C708	main/hsd/hsd_initialize	src/hsd/hsd_initialize.c	0.00026
6.4	44	85.45	scriptHaveItem	main/game/field_candidate_801CAA08	src/game/field_candidate_801CAA08.c	0.00026
6.2	308	97.99	fn_8018C424	main/game/people/people	src/game/people/people.c	0.00025
6.2	304	97.96	fn_8018BDF4	main/game/people/people	src/game/people/people.c	0.00025
6.2	300	97.93	fn_8018C8F4	main/game/people/people	src/game/people/people.c	0.00025
6.2	300	97.93	fn_8018C7C8	main/game/people/people	src/game/people/people.c	0.00025
6.2	300	97.93	fn_8018C69C	main/game/people/people	src/game/people/people.c	0.00025
6.2	136	95.44	fn_8010BCE4	main/game/gs_range_80109C88	src/game/gs_range_80109C88.c	0.00025
6.0	672	99.11	fn_80216A58	main/game/fight_range_80211A00_suffix_80216A58	src/game/fight_range_80211A00_suffix_80216A58.c	0.00024
5.7	120	95.27	fn_80034DC0	main/game/gs_range_80033278	src/game/gs_range_80033278.c	0.00023
5.6	164	96.59	_fightFloorCheckHuuinWazaFightOutPokemonSub__FPvUsPv	main/game/fight_floor_candidate_801F1F7C	src/game/fight_floor_candidate_801F1F7C.c	0.00022
5.5	684	99.2	_dbgMenuSub__Fl	main/game/dbgMenu_candidate_801337E4	src/game/dbgMenu_candidate_801337E4.c	0.00022
5.4	1132	99.52	GSgfxInit__FP15_GSgfxInitParms	main/game/gs_gfx_candidate_800D37D4	src/game/gs_gfx_candidate_800D37D4.c	0.00022
5.4	188	97.13	_fightMenuAllFightOutPokemonCloseStatusMenuSubCloseCheck__FPvUsPv	main/game/fight_menu	src/game/fight_menu.c	0.00022
5.2	260	98.0	fightFloorRegistFightTrainerEnemyPokemonFightSideAll	main/game/fight_floor_candidate_801F2B5C	src/game/fight_floor_candidate_801F2B5C.c	0.00021
5.2	188	97.23	fn_801906A0	main/game/gs_range_8018FE30	src/game/gs_range_8018FE30.c	0.00021
4.8	1388	99.65	fn_8023C530	main/game/fight_range_8023B498	src/game/fight_range_8023B498.c	0.00019
4.8	396	98.79	fn_8002ACB8	main/game/menuShop	src/game/menuShop.c	0.00019
4.8	360	98.67	fn_801171C8	main/game/field_camera	src/game/field_camera.c	0.00019
4.8	240	98.0	fn_801E1C1C	main/dolphin/thp/THP_range_801E1B54	src/dolphin/thp/THP_range_801E1B54.c	0.00019
4.8	212	97.74	fn_8006AE18	main/game/menu/menu_middle_range_8006AE18	src/game/menu/menu_middle_range_8006AE18.c	0.00019
4.8	208	97.69	fn_80266250	main/game/gs_range_80265EC4	src/game/gs_range_80265EC4.c	0.00019
4.8	112	95.68	fn_801B45A4	main/hsd/hsd_texp_candidate_801B4300	src/hsd/hsd_texp_candidate_801B4300.c	0.00019
4.8	108	95.56	fn_800263B0	main/game/menuNameEntry	src/game/menuNameEntry.c	0.00019
4.8	92	94.78	fn_8002641C	main/game/menuNameEntry	src/game/menuNameEntry.c	0.00019
4.8	44	89.09	scriptGetItem	main/game/field_candidate_801CAA08	src/game/field_candidate_801CAA08.c	0.00019
4.6	324	98.58	fn_80117D14	main/game/field_camera_candidate_80117AE4	src/game/field_camera_candidate_80117AE4.c	0.00018
4.6	260	98.23	fn_801576C4	main/musyx/musyx_candidate_80157280	src/musyx/musyx_candidate_80157280.c	0.00018
4.6	176	97.39	GSmaterialCreate	main/game/gs_material_candidate_800DF498	src/game/gs_material_candidate_800DF498.c	0.00018
4.6	92	95.0	fn_8006E0CC	main/game/menu/menu_middle_range_8006B9B8	src/game/menu/menu_middle_range_8006B9B8.c	0.00018
4.4	268	98.36	fightFloorGetFightOutPokemonPtrToFightTrainerPtr	main/game/fight_floor_candidate_801F4354	src/game/fight_floor_candidate_801F4354.c	0.00018
4.4	228	98.07	fightSideGetFightPokemonMaxHp	main/game/fight_side_candidate_801F6F38	src/game/fight_side_candidate_801F6F38.c	0.00018
4.4	208	97.88	fightTargetGetTragetPtrToRelativeHostSideFightTargetId	main/game/fight_target_801F0134	src/game/fight_target_801F0134.c	0.00018
4.4	196	97.76	fn_800F9210	main/game/gs_thread_hi_range_800F8268	src/game/gs_thread_hi_range_800F8268.c	0.00018
4.4	172	97.44	CARDInit	main/dolphin/sdk_range_800AF8A0	src/dolphin/sdk_range_800AF8A0.c	0.00018
4.4	156	97.18	fn_800B8444	main/dolphin/sdk_range_800B771C	src/dolphin/sdk_range_800B771C.c	0.00018
4.4	148	97.03	fn_80034EF0	main/game/gs_range_80033278	src/game/gs_range_80033278.c	0.00018
4.4	124	96.45	fn_80070428	main/game/menu/menu_middle_range_80070318	src/game/menu/menu_middle_range_80070318.c	0.00018
4.4	108	95.93	HSD_MObjAddAnim	main/hsd/hsd_mobj_candidate_801A7E84	src/hsd/hsd_mobj_candidate_801A7E84.c	0.00018
4.4	104	95.77	fn_8013356C	main/game/dbgMenu	src/game/dbgMenu.c	0.00018
4.4	68	93.53	HSD_MObjAddTObjNext	main/hsd/hsd_mobj_candidate_801A6CA4	src/hsd/hsd_mobj_candidate_801A6CA4.c	0.00018
4.2	804	99.48	fn_80220868	main/game/fight_range_80220868	src/game/fight_range_80220868.c	0.00017
4.2	260	98.38	_fightFloorGetFightTrainerFightPokemonPtrArySub__FPvUsPv	main/game/fight_floor_candidate_801F1B14	src/game/fight_floor_candidate_801F1B14.c	0.00017
4.2	212	98.02	battleGridAddPokemon	main/game/battle/battle_grid_residual_801C3E3C	src/game/battle/battle_grid_residual_801C3E3C.c	0.00017
4.2	112	96.25	fn_80165FDC	main/game/gs_range_801653CC_candidate_80165FDC	src/game/gs_range_801653CC_candidate_80165FDC.c	0.00017
4.2	112	96.25	fadeEffectHookFunction_yoko_or_tate_or_ball_Init	main/game/effect/fade_effect_candidate_801C4814	src/game/effect/fade_effect_candidate_801C4814.c	0.00017
4.2	72	94.17	GSmodelSetShadowTextureSize	main/game/gs_model_shadow_candidate_800E8F80	src/game/gs_model_shadow_candidate_800E8F80.c	0.00017
4.2	36	88.33	fn_801A6DA0	main/hsd/hsd_mobj_candidate_801A6CA4	src/hsd/hsd_mobj_candidate_801A6CA4.c	0.00017
4.2	24	82.5	fn_8003715C	main/game/menu/pda_range_80037158	src/game/menu/pda_range_80037158.c	0.00017
4.0	596	99.33	fn_8021A478	main/game/fight_range_8021A338	src/game/fight_range_8021A338.c	0.00016
4.0	320	98.75	fn_8021A338	main/game/fight_range_8021A338	src/game/fight_range_8021A338.c	0.00016
4.0	260	98.46	HSD_JObjMakePositionMtx	main/hsd/hsd_displayfunc	src/hsd/hsd_displayfunc.c	0.00016
4.0	164	97.56	fn_8017BC90	main/game/fsys/fsys_file_candidate_8017B1CC	src/game/fsys/fsys_file_candidate_8017B1CC.c	0.00016
4.0	156	97.44	fightSideGetHikaeFightPokemonNum	main/game/fight_side_candidate_801F6F38	src/game/fight_side_candidate_801F6F38.c	0.00016
4.0	148	97.3	fn_8017AF6C	main/game/gs_range_8017A5FC	src/game/gs_range_8017A5FC.c	0.00016
4.0	108	96.3	fn_80222BD8	main/game/fight_range_80222BD8	src/game/fight_range_80222BD8.c	0.00016
4.0	104	96.15	HSD_MObjReqAnimByFlags	main/hsd/hsd_mobj_candidate_801A7E84	src/hsd/hsd_mobj_candidate_801A7E84.c	0.00016
4.0	92	95.65	HSD_MObjSetDefaultClass	main/hsd/hsd_mobj_candidate_801A6FF0	src/hsd/hsd_mobj_candidate_801A6FF0.c	0.00016
4.0	84	95.24	HSD_MObjRemove	main/hsd/hsd_mobj_candidate_801A6CA4	src/hsd/hsd_mobj_candidate_801A6CA4.c	0.00016
4.0	20	79.8	fn_8009A23C	main/dolphin/sdk_range_8009A0F4	src/dolphin/sdk_range_8009A0F4.c	0.00016
4.0	4	0.0	fn_8009A0C0	main/dolphin/sdk_range_80098108	src/dolphin/sdk_range_80098108.c	0.00016
3.6	784	99.54	fn_80132C6C	main/game/dbgMenu	src/game/dbgMenu.c	0.00014
3.6	196	98.16	_fightFloorGetFightTrainerFightOutPokemonPtrArySub__FPvUsPv	main/game/fight_floor_candidate_801F1B14	src/game/fight_floor_candidate_801F1B14.c	0.00014
3.6	64	94.38	fn_801AB63C	main/hsd/hsd_pobj_range_801AA608	src/hsd/hsd_pobj_range_801AA608.c	0.00014
3.2	312	98.97	fightFloorSetMeetEnemyFightPokemonEnemySideAll	main/game/fight_floor_candidate_801F2B5C	src/game/fight_floor_candidate_801F2B5C.c	0.00013
2.8	232	98.79	fn_8017B4BC	main/game/fsys/fsys_file_candidate_8017B1CC	src/game/fsys/fsys_file_candidate_8017B1CC.c	0.00011
2.8	64	95.62	fn_801ADC3C	main/hsd/hsd_pobj_range_801AA608	src/hsd/hsd_pobj_range_801AA608.c	0.00011
2.8	52	94.62	fn_801ADCD8	main/hsd/hsd_pobj_range_801AA608	src/hsd/hsd_pobj_range_801AA608.c	0.00011
2.6	84	96.9	fn_800B7BC4	main/dolphin/sdk_range_800B771C	src/dolphin/sdk_range_800B771C.c	0.0001
2.4	360	99.33	fn_8001374C	main/game/gs_event_exec_candidate_8001374C	src/game/gs_event_exec_candidate_8001374C.c	0.0001
2.4	204	98.82	fn_800D5504	main/game/gs_gfx_candidate_800D461C	src/game/gs_gfx_candidate_800D461C.c	0.0001
2.4	108	97.78	fadeFluidCalcParms	main/game/effect/fade_range_801C4CB8	src/game/effect/fade_range_801C4CB8.c	0.0001
2.4	48	95.0	fn_80167A14	main/game/gs_dvd_candidate_80167040	src/game/gs_dvd_candidate_80167040.c	0.0001
2.4	48	95.0	fn_801679E4	main/game/gs_dvd_candidate_80167040	src/game/gs_dvd_candidate_80167040.c	0.0001
2.4	8	70.0	TRKPositionFile	main/trk/TRKTarget_residual_800C25FC	src/trk/TRKTarget_residual_800C25FC.c	0.0001
2.4	8	70.0	TRKOpenFile	main/trk/TRKTarget_residual_800C25FC	src/trk/TRKTarget_residual_800C25FC.c	0.0001
2.4	8	70.0	TRKCloseFile	main/trk/TRKTarget_residual_800C25FC	src/trk/TRKTarget_residual_800C25FC.c	0.0001
2.4	8	70.0	TRKAccessFile	main/trk/TRKTarget_residual_800C25FC	src/trk/TRKTarget_residual_800C25FC.c	0.0001
2.2	560	99.61	fn_80229704	main/game/fight_range_80229704	src/game/fight_range_80229704.c	9e-05
2.2	424	99.48	fn_80005E00	main/game/main_retrace	src/game/main_retrace.c	9e-05
2.2	232	99.03	fn_80043CD8	main/game/menu/pda_range_80037158	src/game/menu/pda_range_80037158.c	9e-05
2.2	228	99.04	fightSideGetFightPokemonNokoriHp	main/game/fight_side_candidate_801F6F38	src/game/fight_side_candidate_801F6F38.c	9e-05
2.1	316	99.34	fightOutPokemonSetHensinStatusAfterLevelUp	main/game/fight_pokemon_range_801FDB78	src/game/fight_pokemon_range_801FDB78.c	8e-05
2.0	212	99.06	memoDataSet	main/game/memo_candidate_8025FF18	src/game/memo_candidate_8025FF18.c	8e-05
2.0	100	98.0	fn_8010B560	main/game/gs_range_80109C88	src/game/gs_range_80109C88.c	8e-05
1.8	312	99.42	fightFloorCreateFightPokemonEnemyAryEnemySideAll	main/game/fight_floor_candidate_801F2B5C	src/game/fight_floor_candidate_801F2B5C.c	7e-05
1.8	304	99.41	fn_80024308	main/game/gs_title_candidate_80023E60	src/game/gs_title_candidate_80023E60.c	7e-05
1.6	996	99.84	_cameraPadMoveUpdate__FP9_GScamera	main/game/camera_candidate_801786F4	src/game/camera_candidate_801786F4.c	6e-05
1.6	612	99.74	fn_80213270	main/game/fight_range_802128D0	src/game/fight_range_802128D0.c	6e-05
1.6	588	99.73	fn_80219354	main/game/fight_range_candidate_802192B4	src/game/fight_range_candidate_802192B4.c	6e-05
1.6	244	99.34	_menuPop	main/game/menu/menu_range_8007109C	src/game/menu/menu_range_8007109C.c	6e-05
1.6	144	98.89	fn_80224740	main/game/fight_range_80224158	src/game/fight_range_80224158.c	6e-05
1.6	128	98.75	fightTypeGetFightSideFightOutPokemonMax	main/game/fight_candidate_8020E124	src/game/fight_candidate_8020E124.c	6e-05
1.6	84	98.1	fn_800BC618	main/dolphin/sdk_range_800BC618	src/dolphin/sdk_range_800BC618.c	6e-05
1.6	80	98.0	memcpy	main/crt/__start	src/crt/__start.c	6e-05
1.4	192	99.27	fn_8017B07C	main/game/fsys/fsys_file	src/game/fsys/fsys_file.c	6e-05
1.4	116	98.79	fn_800609B4	main/game/menu/menuCB_BattleStart	src/game/menu/menuCB_BattleStart.c	6e-05
1.0	764	99.87	fn_8022B2CC	main/game/fight_range_8022B2CC	src/game/fight_range_8022B2CC.c	4e-05
1.0	456	99.78	fn_80219B2C	main/game/fight_range_candidate_80219838	src/game/fight_range_candidate_80219838.c	4e-05
1.0	456	99.78	fn_80219964	main/game/fight_range_candidate_80219838	src/game/fight_range_candidate_80219838.c	4e-05
1.0	224	99.55	fn_8004E8E0	main/game/menu/menu_pda_mail	src/game/menu/menu_pda_mail.c	4e-05
1.0	224	99.55	fn_8004D26C	main/game/menu/menu_pda_mail	src/game/menu/menu_pda_mail.c	4e-05
0.9	104	99.15	fn_801E11F0	main/game/gs_candidate_801E11F0	src/game/gs_candidate_801E11F0.c	4e-05
0.8	68	98.82	fn_801AB5F8	main/hsd/hsd_pobj_range_801AA608	src/hsd/hsd_pobj_range_801AA608.c	3e-05
0.6	236	99.75	fn_8003AEF0	main/game/menu/pda_range_80037158	src/game/menu/pda_range_80037158.c	2e-05
0.6	120	99.5	msgctrlWait	main/game/msgctrl_candidate_80131FF4	src/game/msgctrl_candidate_80131FF4.c	2e-05
0.4	328	99.88	fn_800FE38C	main/game/gs_thread_hi_range_800FE35C	src/game/gs_thread_hi_range_800FE35C.c	2e-05
0.2	188	99.89	fn_8017DAB8	main/game/fsys/fsys_file_candidate_8017D410	src/game/fsys/fsys_file_candidate_8017D410.c	1e-05
